ISO-10303-21;
HEADER;
/* Generated by software containing ST-Developer
 * from STEP Tools, Inc. (www.steptools.com) 
 */

FILE_DESCRIPTION(
/* description */ (''),
/* implementation_level */ '2;1');

FILE_NAME(
/* name */ 'Kboard_plate.step',
/* time_stamp */ '2026-09-28T18:22:48-04:00',
/* author */ (''),
/* organization */ (''),
/* preprocessor_version */ 'ST-DEVELOPER v20.2',
/* originating_system */ 'Autodesk Translation Framework v15.15.0.0',
/* authorisation */ '');

FILE_SCHEMA (('AUTOMOTIVE_DESIGN { 1 0 10303 214 3 1 1 }'));
ENDSEC;

DATA;
#10=MECHANICAL_DESIGN_GEOMETRIC_PRESENTATION_REPRESENTATION('',(#13),#12695);
#11=SHAPE_REPRESENTATION_RELATIONSHIP('SRR','None',#12702,#12);
#12=ADVANCED_BREP_SHAPE_REPRESENTATION('',(#14),#12694);
#13=STYLED_ITEM('',(#12711),#14);
#14=MANIFOLD_SOLID_BREP('Body8',#8203);
#15=FACE_BOUND('',#946,.T.);
#16=FACE_BOUND('',#947,.T.);
#17=FACE_BOUND('',#948,.T.);
#18=FACE_BOUND('',#949,.T.);
#19=FACE_BOUND('',#950,.T.);
#20=FACE_BOUND('',#951,.T.);
#21=FACE_BOUND('',#952,.T.);
#22=FACE_BOUND('',#953,.T.);
#23=FACE_BOUND('',#954,.T.);
#24=FACE_BOUND('',#955,.T.);
#25=FACE_BOUND('',#956,.T.);
#26=FACE_BOUND('',#957,.T.);
#27=FACE_BOUND('',#958,.T.);
#28=FACE_BOUND('',#959,.T.);
#29=FACE_BOUND('',#960,.T.);
#30=FACE_BOUND('',#961,.T.);
#31=FACE_BOUND('',#962,.T.);
#32=FACE_BOUND('',#963,.T.);
#33=FACE_BOUND('',#964,.T.);
#34=FACE_BOUND('',#965,.T.);
#35=FACE_BOUND('',#966,.T.);
#36=FACE_BOUND('',#967,.T.);
#37=FACE_BOUND('',#968,.T.);
#38=FACE_BOUND('',#969,.T.);
#39=FACE_BOUND('',#970,.T.);
#40=FACE_BOUND('',#971,.T.);
#41=FACE_BOUND('',#972,.T.);
#42=FACE_BOUND('',#973,.T.);
#43=FACE_BOUND('',#974,.T.);
#44=FACE_BOUND('',#975,.T.);
#45=FACE_BOUND('',#976,.T.);
#46=FACE_BOUND('',#977,.T.);
#47=FACE_BOUND('',#978,.T.);
#48=FACE_BOUND('',#979,.T.);
#49=FACE_BOUND('',#980,.T.);
#50=FACE_BOUND('',#981,.T.);
#51=FACE_BOUND('',#982,.T.);
#52=FACE_BOUND('',#983,.T.);
#53=FACE_BOUND('',#984,.T.);
#54=FACE_BOUND('',#985,.T.);
#55=FACE_BOUND('',#986,.T.);
#56=FACE_BOUND('',#987,.T.);
#57=FACE_BOUND('',#988,.T.);
#58=FACE_BOUND('',#989,.T.);
#59=FACE_BOUND('',#990,.T.);
#60=FACE_BOUND('',#991,.T.);
#61=FACE_BOUND('',#992,.T.);
#62=FACE_BOUND('',#993,.T.);
#63=FACE_BOUND('',#994,.T.);
#64=FACE_BOUND('',#995,.T.);
#65=FACE_BOUND('',#996,.T.);
#66=FACE_BOUND('',#997,.T.);
#67=FACE_BOUND('',#998,.T.);
#68=FACE_BOUND('',#999,.T.);
#69=FACE_BOUND('',#1000,.T.);
#70=FACE_BOUND('',#1001,.T.);
#71=FACE_BOUND('',#1002,.T.);
#72=FACE_BOUND('',#1003,.T.);
#73=FACE_BOUND('',#1004,.T.);
#74=FACE_BOUND('',#1005,.T.);
#75=FACE_BOUND('',#1006,.T.);
#76=FACE_BOUND('',#1007,.T.);
#77=FACE_BOUND('',#1008,.T.);
#78=FACE_BOUND('',#1009,.T.);
#79=FACE_BOUND('',#1010,.T.);
#80=FACE_BOUND('',#1011,.T.);
#81=FACE_BOUND('',#1012,.T.);
#82=FACE_BOUND('',#1013,.T.);
#83=FACE_BOUND('',#1014,.T.);
#84=FACE_BOUND('',#1015,.T.);
#85=FACE_BOUND('',#1016,.T.);
#86=FACE_BOUND('',#1017,.T.);
#87=FACE_BOUND('',#1018,.T.);
#88=FACE_BOUND('',#1019,.T.);
#89=FACE_BOUND('',#1020,.T.);
#90=FACE_BOUND('',#1021,.T.);
#91=FACE_BOUND('',#1022,.T.);
#92=FACE_BOUND('',#1023,.T.);
#93=FACE_BOUND('',#1024,.T.);
#94=FACE_BOUND('',#1025,.T.);
#95=FACE_BOUND('',#1026,.T.);
#96=FACE_BOUND('',#1027,.T.);
#97=FACE_BOUND('',#1028,.T.);
#98=FACE_BOUND('',#1029,.T.);
#99=FACE_BOUND('',#1030,.T.);
#100=FACE_BOUND('',#1031,.T.);
#101=FACE_BOUND('',#1032,.T.);
#102=FACE_BOUND('',#1033,.T.);
#103=FACE_BOUND('',#1034,.T.);
#104=FACE_BOUND('',#1035,.T.);
#105=FACE_BOUND('',#1036,.T.);
#106=FACE_BOUND('',#1037,.T.);
#107=FACE_BOUND('',#1039,.T.);
#108=FACE_BOUND('',#1040,.T.);
#109=FACE_BOUND('',#1041,.T.);
#110=FACE_BOUND('',#1042,.T.);
#111=FACE_BOUND('',#1043,.T.);
#112=FACE_BOUND('',#1044,.T.);
#113=FACE_BOUND('',#1045,.T.);
#114=FACE_BOUND('',#1046,.T.);
#115=FACE_BOUND('',#1047,.T.);
#116=FACE_BOUND('',#1048,.T.);
#117=FACE_BOUND('',#1049,.T.);
#118=FACE_BOUND('',#1050,.T.);
#119=FACE_BOUND('',#1051,.T.);
#120=FACE_BOUND('',#1052,.T.);
#121=FACE_BOUND('',#1053,.T.);
#122=FACE_BOUND('',#1054,.T.);
#123=FACE_BOUND('',#1055,.T.);
#124=FACE_BOUND('',#1056,.T.);
#125=FACE_BOUND('',#1057,.T.);
#126=FACE_BOUND('',#1058,.T.);
#127=FACE_BOUND('',#1059,.T.);
#128=FACE_BOUND('',#1060,.T.);
#129=FACE_BOUND('',#1061,.T.);
#130=FACE_BOUND('',#1062,.T.);
#131=FACE_BOUND('',#1063,.T.);
#132=FACE_BOUND('',#1064,.T.);
#133=FACE_BOUND('',#1065,.T.);
#134=FACE_BOUND('',#1066,.T.);
#135=FACE_BOUND('',#1067,.T.);
#136=FACE_BOUND('',#1068,.T.);
#137=FACE_BOUND('',#1069,.T.);
#138=FACE_BOUND('',#1070,.T.);
#139=FACE_BOUND('',#1071,.T.);
#140=FACE_BOUND('',#1072,.T.);
#141=FACE_BOUND('',#1073,.T.);
#142=FACE_BOUND('',#1074,.T.);
#143=FACE_BOUND('',#1075,.T.);
#144=FACE_BOUND('',#1076,.T.);
#145=FACE_BOUND('',#1077,.T.);
#146=FACE_BOUND('',#1078,.T.);
#147=FACE_BOUND('',#1079,.T.);
#148=FACE_BOUND('',#1080,.T.);
#149=FACE_BOUND('',#1081,.T.);
#150=FACE_BOUND('',#1082,.T.);
#151=FACE_BOUND('',#1083,.T.);
#152=FACE_BOUND('',#1084,.T.);
#153=FACE_BOUND('',#1085,.T.);
#154=FACE_BOUND('',#1086,.T.);
#155=FACE_BOUND('',#1087,.T.);
#156=FACE_BOUND('',#1088,.T.);
#157=FACE_BOUND('',#1089,.T.);
#158=FACE_BOUND('',#1090,.T.);
#159=FACE_BOUND('',#1091,.T.);
#160=FACE_BOUND('',#1092,.T.);
#161=FACE_BOUND('',#1093,.T.);
#162=FACE_BOUND('',#1094,.T.);
#163=FACE_BOUND('',#1095,.T.);
#164=FACE_BOUND('',#1096,.T.);
#165=FACE_BOUND('',#1097,.T.);
#166=FACE_BOUND('',#1098,.T.);
#167=FACE_BOUND('',#1099,.T.);
#168=FACE_BOUND('',#1100,.T.);
#169=FACE_BOUND('',#1101,.T.);
#170=FACE_BOUND('',#1102,.T.);
#171=FACE_BOUND('',#1103,.T.);
#172=FACE_BOUND('',#1104,.T.);
#173=FACE_BOUND('',#1105,.T.);
#174=FACE_BOUND('',#1106,.T.);
#175=FACE_BOUND('',#1107,.T.);
#176=FACE_BOUND('',#1108,.T.);
#177=FACE_BOUND('',#1109,.T.);
#178=FACE_BOUND('',#1110,.T.);
#179=FACE_BOUND('',#1111,.T.);
#180=FACE_BOUND('',#1112,.T.);
#181=FACE_BOUND('',#1113,.T.);
#182=FACE_BOUND('',#1114,.T.);
#183=FACE_BOUND('',#1115,.T.);
#184=FACE_BOUND('',#1116,.T.);
#185=FACE_BOUND('',#1117,.T.);
#186=FACE_BOUND('',#1118,.T.);
#187=FACE_BOUND('',#1119,.T.);
#188=FACE_BOUND('',#1120,.T.);
#189=FACE_BOUND('',#1121,.T.);
#190=FACE_BOUND('',#1122,.T.);
#191=FACE_BOUND('',#1123,.T.);
#192=FACE_BOUND('',#1124,.T.);
#193=FACE_BOUND('',#1125,.T.);
#194=FACE_BOUND('',#1126,.T.);
#195=FACE_BOUND('',#1127,.T.);
#196=FACE_BOUND('',#1128,.T.);
#197=FACE_BOUND('',#1129,.T.);
#198=FACE_BOUND('',#1130,.T.);
#199=FACE_OUTER_BOUND('',#573,.T.);
#200=FACE_OUTER_BOUND('',#574,.T.);
#201=FACE_OUTER_BOUND('',#575,.T.);
#202=FACE_OUTER_BOUND('',#576,.T.);
#203=FACE_OUTER_BOUND('',#577,.T.);
#204=FACE_OUTER_BOUND('',#578,.T.);
#205=FACE_OUTER_BOUND('',#579,.T.);
#206=FACE_OUTER_BOUND('',#580,.T.);
#207=FACE_OUTER_BOUND('',#581,.T.);
#208=FACE_OUTER_BOUND('',#582,.T.);
#209=FACE_OUTER_BOUND('',#583,.T.);
#210=FACE_OUTER_BOUND('',#584,.T.);
#211=FACE_OUTER_BOUND('',#585,.T.);
#212=FACE_OUTER_BOUND('',#586,.T.);
#213=FACE_OUTER_BOUND('',#587,.T.);
#214=FACE_OUTER_BOUND('',#588,.T.);
#215=FACE_OUTER_BOUND('',#589,.T.);
#216=FACE_OUTER_BOUND('',#590,.T.);
#217=FACE_OUTER_BOUND('',#591,.T.);
#218=FACE_OUTER_BOUND('',#592,.T.);
#219=FACE_OUTER_BOUND('',#593,.T.);
#220=FACE_OUTER_BOUND('',#594,.T.);
#221=FACE_OUTER_BOUND('',#595,.T.);
#222=FACE_OUTER_BOUND('',#596,.T.);
#223=FACE_OUTER_BOUND('',#597,.T.);
#224=FACE_OUTER_BOUND('',#598,.T.);
#225=FACE_OUTER_BOUND('',#599,.T.);
#226=FACE_OUTER_BOUND('',#600,.T.);
#227=FACE_OUTER_BOUND('',#601,.T.);
#228=FACE_OUTER_BOUND('',#602,.T.);
#229=FACE_OUTER_BOUND('',#603,.T.);
#230=FACE_OUTER_BOUND('',#604,.T.);
#231=FACE_OUTER_BOUND('',#605,.T.);
#232=FACE_OUTER_BOUND('',#606,.T.);
#233=FACE_OUTER_BOUND('',#607,.T.);
#234=FACE_OUTER_BOUND('',#608,.T.);
#235=FACE_OUTER_BOUND('',#609,.T.);
#236=FACE_OUTER_BOUND('',#610,.T.);
#237=FACE_OUTER_BOUND('',#611,.T.);
#238=FACE_OUTER_BOUND('',#612,.T.);
#239=FACE_OUTER_BOUND('',#613,.T.);
#240=FACE_OUTER_BOUND('',#614,.T.);
#241=FACE_OUTER_BOUND('',#615,.T.);
#242=FACE_OUTER_BOUND('',#616,.T.);
#243=FACE_OUTER_BOUND('',#617,.T.);
#244=FACE_OUTER_BOUND('',#618,.T.);
#245=FACE_OUTER_BOUND('',#619,.T.);
#246=FACE_OUTER_BOUND('',#620,.T.);
#247=FACE_OUTER_BOUND('',#621,.T.);
#248=FACE_OUTER_BOUND('',#622,.T.);
#249=FACE_OUTER_BOUND('',#623,.T.);
#250=FACE_OUTER_BOUND('',#624,.T.);
#251=FACE_OUTER_BOUND('',#625,.T.);
#252=FACE_OUTER_BOUND('',#626,.T.);
#253=FACE_OUTER_BOUND('',#627,.T.);
#254=FACE_OUTER_BOUND('',#628,.T.);
#255=FACE_OUTER_BOUND('',#629,.T.);
#256=FACE_OUTER_BOUND('',#630,.T.);
#257=FACE_OUTER_BOUND('',#631,.T.);
#258=FACE_OUTER_BOUND('',#632,.T.);
#259=FACE_OUTER_BOUND('',#633,.T.);
#260=FACE_OUTER_BOUND('',#634,.T.);
#261=FACE_OUTER_BOUND('',#635,.T.);
#262=FACE_OUTER_BOUND('',#636,.T.);
#263=FACE_OUTER_BOUND('',#637,.T.);
#264=FACE_OUTER_BOUND('',#638,.T.);
#265=FACE_OUTER_BOUND('',#639,.T.);
#266=FACE_OUTER_BOUND('',#640,.T.);
#267=FACE_OUTER_BOUND('',#641,.T.);
#268=FACE_OUTER_BOUND('',#642,.T.);
#269=FACE_OUTER_BOUND('',#643,.T.);
#270=FACE_OUTER_BOUND('',#644,.T.);
#271=FACE_OUTER_BOUND('',#645,.T.);
#272=FACE_OUTER_BOUND('',#646,.T.);
#273=FACE_OUTER_BOUND('',#647,.T.);
#274=FACE_OUTER_BOUND('',#648,.T.);
#275=FACE_OUTER_BOUND('',#649,.T.);
#276=FACE_OUTER_BOUND('',#650,.T.);
#277=FACE_OUTER_BOUND('',#651,.T.);
#278=FACE_OUTER_BOUND('',#652,.T.);
#279=FACE_OUTER_BOUND('',#653,.T.);
#280=FACE_OUTER_BOUND('',#654,.T.);
#281=FACE_OUTER_BOUND('',#655,.T.);
#282=FACE_OUTER_BOUND('',#656,.T.);
#283=FACE_OUTER_BOUND('',#657,.T.);
#284=FACE_OUTER_BOUND('',#658,.T.);
#285=FACE_OUTER_BOUND('',#659,.T.);
#286=FACE_OUTER_BOUND('',#660,.T.);
#287=FACE_OUTER_BOUND('',#661,.T.);
#288=FACE_OUTER_BOUND('',#662,.T.);
#289=FACE_OUTER_BOUND('',#663,.T.);
#290=FACE_OUTER_BOUND('',#664,.T.);
#291=FACE_OUTER_BOUND('',#665,.T.);
#292=FACE_OUTER_BOUND('',#666,.T.);
#293=FACE_OUTER_BOUND('',#667,.T.);
#294=FACE_OUTER_BOUND('',#668,.T.);
#295=FACE_OUTER_BOUND('',#669,.T.);
#296=FACE_OUTER_BOUND('',#670,.T.);
#297=FACE_OUTER_BOUND('',#671,.T.);
#298=FACE_OUTER_BOUND('',#672,.T.);
#299=FACE_OUTER_BOUND('',#673,.T.);
#300=FACE_OUTER_BOUND('',#674,.T.);
#301=FACE_OUTER_BOUND('',#675,.T.);
#302=FACE_OUTER_BOUND('',#676,.T.);
#303=FACE_OUTER_BOUND('',#677,.T.);
#304=FACE_OUTER_BOUND('',#678,.T.);
#305=FACE_OUTER_BOUND('',#679,.T.);
#306=FACE_OUTER_BOUND('',#680,.T.);
#307=FACE_OUTER_BOUND('',#681,.T.);
#308=FACE_OUTER_BOUND('',#682,.T.);
#309=FACE_OUTER_BOUND('',#683,.T.);
#310=FACE_OUTER_BOUND('',#684,.T.);
#311=FACE_OUTER_BOUND('',#685,.T.);
#312=FACE_OUTER_BOUND('',#686,.T.);
#313=FACE_OUTER_BOUND('',#687,.T.);
#314=FACE_OUTER_BOUND('',#688,.T.);
#315=FACE_OUTER_BOUND('',#689,.T.);
#316=FACE_OUTER_BOUND('',#690,.T.);
#317=FACE_OUTER_BOUND('',#691,.T.);
#318=FACE_OUTER_BOUND('',#692,.T.);
#319=FACE_OUTER_BOUND('',#693,.T.);
#320=FACE_OUTER_BOUND('',#694,.T.);
#321=FACE_OUTER_BOUND('',#695,.T.);
#322=FACE_OUTER_BOUND('',#696,.T.);
#323=FACE_OUTER_BOUND('',#697,.T.);
#324=FACE_OUTER_BOUND('',#698,.T.);
#325=FACE_OUTER_BOUND('',#699,.T.);
#326=FACE_OUTER_BOUND('',#700,.T.);
#327=FACE_OUTER_BOUND('',#701,.T.);
#328=FACE_OUTER_BOUND('',#702,.T.);
#329=FACE_OUTER_BOUND('',#703,.T.);
#330=FACE_OUTER_BOUND('',#704,.T.);
#331=FACE_OUTER_BOUND('',#705,.T.);
#332=FACE_OUTER_BOUND('',#706,.T.);
#333=FACE_OUTER_BOUND('',#707,.T.);
#334=FACE_OUTER_BOUND('',#708,.T.);
#335=FACE_OUTER_BOUND('',#709,.T.);
#336=FACE_OUTER_BOUND('',#710,.T.);
#337=FACE_OUTER_BOUND('',#711,.T.);
#338=FACE_OUTER_BOUND('',#712,.T.);
#339=FACE_OUTER_BOUND('',#713,.T.);
#340=FACE_OUTER_BOUND('',#714,.T.);
#341=FACE_OUTER_BOUND('',#715,.T.);
#342=FACE_OUTER_BOUND('',#716,.T.);
#343=FACE_OUTER_BOUND('',#717,.T.);
#344=FACE_OUTER_BOUND('',#718,.T.);
#345=FACE_OUTER_BOUND('',#719,.T.);
#346=FACE_OUTER_BOUND('',#720,.T.);
#347=FACE_OUTER_BOUND('',#721,.T.);
#348=FACE_OUTER_BOUND('',#722,.T.);
#349=FACE_OUTER_BOUND('',#723,.T.);
#350=FACE_OUTER_BOUND('',#724,.T.);
#351=FACE_OUTER_BOUND('',#725,.T.);
#352=FACE_OUTER_BOUND('',#726,.T.);
#353=FACE_OUTER_BOUND('',#727,.T.);
#354=FACE_OUTER_BOUND('',#728,.T.);
#355=FACE_OUTER_BOUND('',#729,.T.);
#356=FACE_OUTER_BOUND('',#730,.T.);
#357=FACE_OUTER_BOUND('',#731,.T.);
#358=FACE_OUTER_BOUND('',#732,.T.);
#359=FACE_OUTER_BOUND('',#733,.T.);
#360=FACE_OUTER_BOUND('',#734,.T.);
#361=FACE_OUTER_BOUND('',#735,.T.);
#362=FACE_OUTER_BOUND('',#736,.T.);
#363=FACE_OUTER_BOUND('',#737,.T.);
#364=FACE_OUTER_BOUND('',#738,.T.);
#365=FACE_OUTER_BOUND('',#739,.T.);
#366=FACE_OUTER_BOUND('',#740,.T.);
#367=FACE_OUTER_BOUND('',#741,.T.);
#368=FACE_OUTER_BOUND('',#742,.T.);
#369=FACE_OUTER_BOUND('',#743,.T.);
#370=FACE_OUTER_BOUND('',#744,.T.);
#371=FACE_OUTER_BOUND('',#745,.T.);
#372=FACE_OUTER_BOUND('',#746,.T.);
#373=FACE_OUTER_BOUND('',#747,.T.);
#374=FACE_OUTER_BOUND('',#748,.T.);
#375=FACE_OUTER_BOUND('',#749,.T.);
#376=FACE_OUTER_BOUND('',#750,.T.);
#377=FACE_OUTER_BOUND('',#751,.T.);
#378=FACE_OUTER_BOUND('',#752,.T.);
#379=FACE_OUTER_BOUND('',#753,.T.);
#380=FACE_OUTER_BOUND('',#754,.T.);
#381=FACE_OUTER_BOUND('',#755,.T.);
#382=FACE_OUTER_BOUND('',#756,.T.);
#383=FACE_OUTER_BOUND('',#757,.T.);
#384=FACE_OUTER_BOUND('',#758,.T.);
#385=FACE_OUTER_BOUND('',#759,.T.);
#386=FACE_OUTER_BOUND('',#760,.T.);
#387=FACE_OUTER_BOUND('',#761,.T.);
#388=FACE_OUTER_BOUND('',#762,.T.);
#389=FACE_OUTER_BOUND('',#763,.T.);
#390=FACE_OUTER_BOUND('',#764,.T.);
#391=FACE_OUTER_BOUND('',#765,.T.);
#392=FACE_OUTER_BOUND('',#766,.T.);
#393=FACE_OUTER_BOUND('',#767,.T.);
#394=FACE_OUTER_BOUND('',#768,.T.);
#395=FACE_OUTER_BOUND('',#769,.T.);
#396=FACE_OUTER_BOUND('',#770,.T.);
#397=FACE_OUTER_BOUND('',#771,.T.);
#398=FACE_OUTER_BOUND('',#772,.T.);
#399=FACE_OUTER_BOUND('',#773,.T.);
#400=FACE_OUTER_BOUND('',#774,.T.);
#401=FACE_OUTER_BOUND('',#775,.T.);
#402=FACE_OUTER_BOUND('',#776,.T.);
#403=FACE_OUTER_BOUND('',#777,.T.);
#404=FACE_OUTER_BOUND('',#778,.T.);
#405=FACE_OUTER_BOUND('',#779,.T.);
#406=FACE_OUTER_BOUND('',#780,.T.);
#407=FACE_OUTER_BOUND('',#781,.T.);
#408=FACE_OUTER_BOUND('',#782,.T.);
#409=FACE_OUTER_BOUND('',#783,.T.);
#410=FACE_OUTER_BOUND('',#784,.T.);
#411=FACE_OUTER_BOUND('',#785,.T.);
#412=FACE_OUTER_BOUND('',#786,.T.);
#413=FACE_OUTER_BOUND('',#787,.T.);
#414=FACE_OUTER_BOUND('',#788,.T.);
#415=FACE_OUTER_BOUND('',#789,.T.);
#416=FACE_OUTER_BOUND('',#790,.T.);
#417=FACE_OUTER_BOUND('',#791,.T.);
#418=FACE_OUTER_BOUND('',#792,.T.);
#419=FACE_OUTER_BOUND('',#793,.T.);
#420=FACE_OUTER_BOUND('',#794,.T.);
#421=FACE_OUTER_BOUND('',#795,.T.);
#422=FACE_OUTER_BOUND('',#796,.T.);
#423=FACE_OUTER_BOUND('',#797,.T.);
#424=FACE_OUTER_BOUND('',#798,.T.);
#425=FACE_OUTER_BOUND('',#799,.T.);
#426=FACE_OUTER_BOUND('',#800,.T.);
#427=FACE_OUTER_BOUND('',#801,.T.);
#428=FACE_OUTER_BOUND('',#802,.T.);
#429=FACE_OUTER_BOUND('',#803,.T.);
#430=FACE_OUTER_BOUND('',#804,.T.);
#431=FACE_OUTER_BOUND('',#805,.T.);
#432=FACE_OUTER_BOUND('',#806,.T.);
#433=FACE_OUTER_BOUND('',#807,.T.);
#434=FACE_OUTER_BOUND('',#808,.T.);
#435=FACE_OUTER_BOUND('',#809,.T.);
#436=FACE_OUTER_BOUND('',#810,.T.);
#437=FACE_OUTER_BOUND('',#811,.T.);
#438=FACE_OUTER_BOUND('',#812,.T.);
#439=FACE_OUTER_BOUND('',#813,.T.);
#440=FACE_OUTER_BOUND('',#814,.T.);
#441=FACE_OUTER_BOUND('',#815,.T.);
#442=FACE_OUTER_BOUND('',#816,.T.);
#443=FACE_OUTER_BOUND('',#817,.T.);
#444=FACE_OUTER_BOUND('',#818,.T.);
#445=FACE_OUTER_BOUND('',#819,.T.);
#446=FACE_OUTER_BOUND('',#820,.T.);
#447=FACE_OUTER_BOUND('',#821,.T.);
#448=FACE_OUTER_BOUND('',#822,.T.);
#449=FACE_OUTER_BOUND('',#823,.T.);
#450=FACE_OUTER_BOUND('',#824,.T.);
#451=FACE_OUTER_BOUND('',#825,.T.);
#452=FACE_OUTER_BOUND('',#826,.T.);
#453=FACE_OUTER_BOUND('',#827,.T.);
#454=FACE_OUTER_BOUND('',#828,.T.);
#455=FACE_OUTER_BOUND('',#829,.T.);
#456=FACE_OUTER_BOUND('',#830,.T.);
#457=FACE_OUTER_BOUND('',#831,.T.);
#458=FACE_OUTER_BOUND('',#832,.T.);
#459=FACE_OUTER_BOUND('',#833,.T.);
#460=FACE_OUTER_BOUND('',#834,.T.);
#461=FACE_OUTER_BOUND('',#835,.T.);
#462=FACE_OUTER_BOUND('',#836,.T.);
#463=FACE_OUTER_BOUND('',#837,.T.);
#464=FACE_OUTER_BOUND('',#838,.T.);
#465=FACE_OUTER_BOUND('',#839,.T.);
#466=FACE_OUTER_BOUND('',#840,.T.);
#467=FACE_OUTER_BOUND('',#841,.T.);
#468=FACE_OUTER_BOUND('',#842,.T.);
#469=FACE_OUTER_BOUND('',#843,.T.);
#470=FACE_OUTER_BOUND('',#844,.T.);
#471=FACE_OUTER_BOUND('',#845,.T.);
#472=FACE_OUTER_BOUND('',#846,.T.);
#473=FACE_OUTER_BOUND('',#847,.T.);
#474=FACE_OUTER_BOUND('',#848,.T.);
#475=FACE_OUTER_BOUND('',#849,.T.);
#476=FACE_OUTER_BOUND('',#850,.T.);
#477=FACE_OUTER_BOUND('',#851,.T.);
#478=FACE_OUTER_BOUND('',#852,.T.);
#479=FACE_OUTER_BOUND('',#853,.T.);
#480=FACE_OUTER_BOUND('',#854,.T.);
#481=FACE_OUTER_BOUND('',#855,.T.);
#482=FACE_OUTER_BOUND('',#856,.T.);
#483=FACE_OUTER_BOUND('',#857,.T.);
#484=FACE_OUTER_BOUND('',#858,.T.);
#485=FACE_OUTER_BOUND('',#859,.T.);
#486=FACE_OUTER_BOUND('',#860,.T.);
#487=FACE_OUTER_BOUND('',#861,.T.);
#488=FACE_OUTER_BOUND('',#862,.T.);
#489=FACE_OUTER_BOUND('',#863,.T.);
#490=FACE_OUTER_BOUND('',#864,.T.);
#491=FACE_OUTER_BOUND('',#865,.T.);
#492=FACE_OUTER_BOUND('',#866,.T.);
#493=FACE_OUTER_BOUND('',#867,.T.);
#494=FACE_OUTER_BOUND('',#868,.T.);
#495=FACE_OUTER_BOUND('',#869,.T.);
#496=FACE_OUTER_BOUND('',#870,.T.);
#497=FACE_OUTER_BOUND('',#871,.T.);
#498=FACE_OUTER_BOUND('',#872,.T.);
#499=FACE_OUTER_BOUND('',#873,.T.);
#500=FACE_OUTER_BOUND('',#874,.T.);
#501=FACE_OUTER_BOUND('',#875,.T.);
#502=FACE_OUTER_BOUND('',#876,.T.);
#503=FACE_OUTER_BOUND('',#877,.T.);
#504=FACE_OUTER_BOUND('',#878,.T.);
#505=FACE_OUTER_BOUND('',#879,.T.);
#506=FACE_OUTER_BOUND('',#880,.T.);
#507=FACE_OUTER_BOUND('',#881,.T.);
#508=FACE_OUTER_BOUND('',#882,.T.);
#509=FACE_OUTER_BOUND('',#883,.T.);
#510=FACE_OUTER_BOUND('',#884,.T.);
#511=FACE_OUTER_BOUND('',#885,.T.);
#512=FACE_OUTER_BOUND('',#886,.T.);
#513=FACE_OUTER_BOUND('',#887,.T.);
#514=FACE_OUTER_BOUND('',#888,.T.);
#515=FACE_OUTER_BOUND('',#889,.T.);
#516=FACE_OUTER_BOUND('',#890,.T.);
#517=FACE_OUTER_BOUND('',#891,.T.);
#518=FACE_OUTER_BOUND('',#892,.T.);
#519=FACE_OUTER_BOUND('',#893,.T.);
#520=FACE_OUTER_BOUND('',#894,.T.);
#521=FACE_OUTER_BOUND('',#895,.T.);
#522=FACE_OUTER_BOUND('',#896,.T.);
#523=FACE_OUTER_BOUND('',#897,.T.);
#524=FACE_OUTER_BOUND('',#898,.T.);
#525=FACE_OUTER_BOUND('',#899,.T.);
#526=FACE_OUTER_BOUND('',#900,.T.);
#527=FACE_OUTER_BOUND('',#901,.T.);
#528=FACE_OUTER_BOUND('',#902,.T.);
#529=FACE_OUTER_BOUND('',#903,.T.);
#530=FACE_OUTER_BOUND('',#904,.T.);
#531=FACE_OUTER_BOUND('',#905,.T.);
#532=FACE_OUTER_BOUND('',#906,.T.);
#533=FACE_OUTER_BOUND('',#907,.T.);
#534=FACE_OUTER_BOUND('',#908,.T.);
#535=FACE_OUTER_BOUND('',#909,.T.);
#536=FACE_OUTER_BOUND('',#910,.T.);
#537=FACE_OUTER_BOUND('',#911,.T.);
#538=FACE_OUTER_BOUND('',#912,.T.);
#539=FACE_OUTER_BOUND('',#913,.T.);
#540=FACE_OUTER_BOUND('',#914,.T.);
#541=FACE_OUTER_BOUND('',#915,.T.);
#542=FACE_OUTER_BOUND('',#916,.T.);
#543=FACE_OUTER_BOUND('',#917,.T.);
#544=FACE_OUTER_BOUND('',#918,.T.);
#545=FACE_OUTER_BOUND('',#919,.T.);
#546=FACE_OUTER_BOUND('',#920,.T.);
#547=FACE_OUTER_BOUND('',#921,.T.);
#548=FACE_OUTER_BOUND('',#922,.T.);
#549=FACE_OUTER_BOUND('',#923,.T.);
#550=FACE_OUTER_BOUND('',#924,.T.);
#551=FACE_OUTER_BOUND('',#925,.T.);
#552=FACE_OUTER_BOUND('',#926,.T.);
#553=FACE_OUTER_BOUND('',#927,.T.);
#554=FACE_OUTER_BOUND('',#928,.T.);
#555=FACE_OUTER_BOUND('',#929,.T.);
#556=FACE_OUTER_BOUND('',#930,.T.);
#557=FACE_OUTER_BOUND('',#931,.T.);
#558=FACE_OUTER_BOUND('',#932,.T.);
#559=FACE_OUTER_BOUND('',#933,.T.);
#560=FACE_OUTER_BOUND('',#934,.T.);
#561=FACE_OUTER_BOUND('',#935,.T.);
#562=FACE_OUTER_BOUND('',#936,.T.);
#563=FACE_OUTER_BOUND('',#937,.T.);
#564=FACE_OUTER_BOUND('',#938,.T.);
#565=FACE_OUTER_BOUND('',#939,.T.);
#566=FACE_OUTER_BOUND('',#940,.T.);
#567=FACE_OUTER_BOUND('',#941,.T.);
#568=FACE_OUTER_BOUND('',#942,.T.);
#569=FACE_OUTER_BOUND('',#943,.T.);
#570=FACE_OUTER_BOUND('',#944,.T.);
#571=FACE_OUTER_BOUND('',#945,.T.);
#572=FACE_OUTER_BOUND('',#1038,.T.);
#573=EDGE_LOOP('',(#5223,#5224,#5225,#5226));
#574=EDGE_LOOP('',(#5227,#5228,#5229,#5230));
#575=EDGE_LOOP('',(#5231,#5232,#5233,#5234));
#576=EDGE_LOOP('',(#5235,#5236,#5237,#5238));
#577=EDGE_LOOP('',(#5239,#5240,#5241,#5242));
#578=EDGE_LOOP('',(#5243,#5244,#5245,#5246));
#579=EDGE_LOOP('',(#5247,#5248,#5249,#5250));
#580=EDGE_LOOP('',(#5251,#5252,#5253,#5254));
#581=EDGE_LOOP('',(#5255,#5256,#5257,#5258));
#582=EDGE_LOOP('',(#5259,#5260,#5261,#5262));
#583=EDGE_LOOP('',(#5263,#5264,#5265,#5266));
#584=EDGE_LOOP('',(#5267,#5268,#5269,#5270));
#585=EDGE_LOOP('',(#5271,#5272,#5273,#5274));
#586=EDGE_LOOP('',(#5275,#5276,#5277,#5278));
#587=EDGE_LOOP('',(#5279,#5280,#5281,#5282));
#588=EDGE_LOOP('',(#5283,#5284,#5285,#5286));
#589=EDGE_LOOP('',(#5287,#5288,#5289,#5290));
#590=EDGE_LOOP('',(#5291,#5292,#5293,#5294));
#591=EDGE_LOOP('',(#5295,#5296,#5297,#5298));
#592=EDGE_LOOP('',(#5299,#5300,#5301,#5302));
#593=EDGE_LOOP('',(#5303,#5304,#5305,#5306));
#594=EDGE_LOOP('',(#5307,#5308,#5309,#5310));
#595=EDGE_LOOP('',(#5311,#5312,#5313,#5314));
#596=EDGE_LOOP('',(#5315,#5316,#5317,#5318));
#597=EDGE_LOOP('',(#5319,#5320,#5321,#5322));
#598=EDGE_LOOP('',(#5323,#5324,#5325,#5326));
#599=EDGE_LOOP('',(#5327,#5328,#5329,#5330));
#600=EDGE_LOOP('',(#5331,#5332,#5333,#5334));
#601=EDGE_LOOP('',(#5335,#5336,#5337,#5338));
#602=EDGE_LOOP('',(#5339,#5340,#5341,#5342));
#603=EDGE_LOOP('',(#5343,#5344,#5345,#5346));
#604=EDGE_LOOP('',(#5347,#5348,#5349,#5350));
#605=EDGE_LOOP('',(#5351,#5352,#5353,#5354));
#606=EDGE_LOOP('',(#5355,#5356,#5357,#5358));
#607=EDGE_LOOP('',(#5359,#5360,#5361,#5362));
#608=EDGE_LOOP('',(#5363,#5364,#5365,#5366));
#609=EDGE_LOOP('',(#5367,#5368,#5369,#5370));
#610=EDGE_LOOP('',(#5371,#5372,#5373,#5374));
#611=EDGE_LOOP('',(#5375,#5376,#5377,#5378));
#612=EDGE_LOOP('',(#5379,#5380,#5381,#5382));
#613=EDGE_LOOP('',(#5383,#5384,#5385,#5386));
#614=EDGE_LOOP('',(#5387,#5388,#5389,#5390));
#615=EDGE_LOOP('',(#5391,#5392,#5393,#5394));
#616=EDGE_LOOP('',(#5395,#5396,#5397,#5398));
#617=EDGE_LOOP('',(#5399,#5400,#5401,#5402));
#618=EDGE_LOOP('',(#5403,#5404,#5405,#5406));
#619=EDGE_LOOP('',(#5407,#5408,#5409,#5410));
#620=EDGE_LOOP('',(#5411,#5412,#5413,#5414));
#621=EDGE_LOOP('',(#5415,#5416,#5417,#5418));
#622=EDGE_LOOP('',(#5419,#5420,#5421,#5422));
#623=EDGE_LOOP('',(#5423,#5424,#5425,#5426));
#624=EDGE_LOOP('',(#5427,#5428,#5429,#5430));
#625=EDGE_LOOP('',(#5431,#5432,#5433,#5434));
#626=EDGE_LOOP('',(#5435,#5436,#5437,#5438));
#627=EDGE_LOOP('',(#5439,#5440,#5441,#5442));
#628=EDGE_LOOP('',(#5443,#5444,#5445,#5446));
#629=EDGE_LOOP('',(#5447,#5448,#5449,#5450));
#630=EDGE_LOOP('',(#5451,#5452,#5453,#5454));
#631=EDGE_LOOP('',(#5455,#5456,#5457,#5458));
#632=EDGE_LOOP('',(#5459,#5460,#5461,#5462));
#633=EDGE_LOOP('',(#5463,#5464,#5465,#5466));
#634=EDGE_LOOP('',(#5467,#5468,#5469,#5470));
#635=EDGE_LOOP('',(#5471,#5472,#5473,#5474));
#636=EDGE_LOOP('',(#5475,#5476,#5477,#5478));
#637=EDGE_LOOP('',(#5479,#5480,#5481,#5482));
#638=EDGE_LOOP('',(#5483,#5484,#5485,#5486));
#639=EDGE_LOOP('',(#5487,#5488,#5489,#5490));
#640=EDGE_LOOP('',(#5491,#5492,#5493,#5494));
#641=EDGE_LOOP('',(#5495,#5496,#5497,#5498));
#642=EDGE_LOOP('',(#5499,#5500,#5501,#5502));
#643=EDGE_LOOP('',(#5503,#5504,#5505,#5506));
#644=EDGE_LOOP('',(#5507,#5508,#5509,#5510));
#645=EDGE_LOOP('',(#5511,#5512,#5513,#5514));
#646=EDGE_LOOP('',(#5515,#5516,#5517,#5518));
#647=EDGE_LOOP('',(#5519,#5520,#5521,#5522));
#648=EDGE_LOOP('',(#5523,#5524,#5525,#5526));
#649=EDGE_LOOP('',(#5527,#5528,#5529,#5530));
#650=EDGE_LOOP('',(#5531,#5532,#5533,#5534));
#651=EDGE_LOOP('',(#5535,#5536,#5537,#5538));
#652=EDGE_LOOP('',(#5539,#5540,#5541,#5542));
#653=EDGE_LOOP('',(#5543,#5544,#5545,#5546));
#654=EDGE_LOOP('',(#5547,#5548,#5549,#5550));
#655=EDGE_LOOP('',(#5551,#5552,#5553,#5554));
#656=EDGE_LOOP('',(#5555,#5556,#5557,#5558));
#657=EDGE_LOOP('',(#5559,#5560,#5561,#5562));
#658=EDGE_LOOP('',(#5563,#5564,#5565,#5566));
#659=EDGE_LOOP('',(#5567,#5568,#5569,#5570));
#660=EDGE_LOOP('',(#5571,#5572,#5573,#5574));
#661=EDGE_LOOP('',(#5575,#5576,#5577,#5578));
#662=EDGE_LOOP('',(#5579,#5580,#5581,#5582));
#663=EDGE_LOOP('',(#5583,#5584,#5585,#5586));
#664=EDGE_LOOP('',(#5587,#5588,#5589,#5590));
#665=EDGE_LOOP('',(#5591,#5592,#5593,#5594));
#666=EDGE_LOOP('',(#5595,#5596,#5597,#5598));
#667=EDGE_LOOP('',(#5599,#5600,#5601,#5602));
#668=EDGE_LOOP('',(#5603,#5604,#5605,#5606));
#669=EDGE_LOOP('',(#5607,#5608,#5609,#5610));
#670=EDGE_LOOP('',(#5611,#5612,#5613,#5614));
#671=EDGE_LOOP('',(#5615,#5616,#5617,#5618));
#672=EDGE_LOOP('',(#5619,#5620,#5621,#5622));
#673=EDGE_LOOP('',(#5623,#5624,#5625,#5626));
#674=EDGE_LOOP('',(#5627,#5628,#5629,#5630));
#675=EDGE_LOOP('',(#5631,#5632,#5633,#5634));
#676=EDGE_LOOP('',(#5635,#5636,#5637,#5638));
#677=EDGE_LOOP('',(#5639,#5640,#5641,#5642));
#678=EDGE_LOOP('',(#5643,#5644,#5645,#5646));
#679=EDGE_LOOP('',(#5647,#5648,#5649,#5650));
#680=EDGE_LOOP('',(#5651,#5652,#5653,#5654));
#681=EDGE_LOOP('',(#5655,#5656,#5657,#5658));
#682=EDGE_LOOP('',(#5659,#5660,#5661,#5662));
#683=EDGE_LOOP('',(#5663,#5664,#5665,#5666));
#684=EDGE_LOOP('',(#5667,#5668,#5669,#5670));
#685=EDGE_LOOP('',(#5671,#5672,#5673,#5674));
#686=EDGE_LOOP('',(#5675,#5676,#5677,#5678));
#687=EDGE_LOOP('',(#5679,#5680,#5681,#5682));
#688=EDGE_LOOP('',(#5683,#5684,#5685,#5686));
#689=EDGE_LOOP('',(#5687,#5688,#5689,#5690));
#690=EDGE_LOOP('',(#5691,#5692,#5693,#5694));
#691=EDGE_LOOP('',(#5695,#5696,#5697,#5698));
#692=EDGE_LOOP('',(#5699,#5700,#5701,#5702));
#693=EDGE_LOOP('',(#5703,#5704,#5705,#5706));
#694=EDGE_LOOP('',(#5707,#5708,#5709,#5710));
#695=EDGE_LOOP('',(#5711,#5712,#5713,#5714));
#696=EDGE_LOOP('',(#5715,#5716,#5717,#5718));
#697=EDGE_LOOP('',(#5719,#5720,#5721,#5722));
#698=EDGE_LOOP('',(#5723,#5724,#5725,#5726));
#699=EDGE_LOOP('',(#5727,#5728,#5729,#5730));
#700=EDGE_LOOP('',(#5731,#5732,#5733,#5734));
#701=EDGE_LOOP('',(#5735,#5736,#5737,#5738));
#702=EDGE_LOOP('',(#5739,#5740,#5741,#5742));
#703=EDGE_LOOP('',(#5743,#5744,#5745,#5746));
#704=EDGE_LOOP('',(#5747,#5748,#5749,#5750));
#705=EDGE_LOOP('',(#5751,#5752,#5753,#5754));
#706=EDGE_LOOP('',(#5755,#5756,#5757,#5758));
#707=EDGE_LOOP('',(#5759,#5760,#5761,#5762));
#708=EDGE_LOOP('',(#5763,#5764,#5765,#5766));
#709=EDGE_LOOP('',(#5767,#5768,#5769,#5770));
#710=EDGE_LOOP('',(#5771,#5772,#5773,#5774));
#711=EDGE_LOOP('',(#5775,#5776,#5777,#5778));
#712=EDGE_LOOP('',(#5779,#5780,#5781,#5782));
#713=EDGE_LOOP('',(#5783,#5784,#5785,#5786));
#714=EDGE_LOOP('',(#5787,#5788,#5789,#5790));
#715=EDGE_LOOP('',(#5791,#5792,#5793,#5794));
#716=EDGE_LOOP('',(#5795,#5796,#5797,#5798));
#717=EDGE_LOOP('',(#5799,#5800,#5801,#5802));
#718=EDGE_LOOP('',(#5803,#5804,#5805,#5806));
#719=EDGE_LOOP('',(#5807,#5808,#5809,#5810));
#720=EDGE_LOOP('',(#5811,#5812,#5813,#5814));
#721=EDGE_LOOP('',(#5815,#5816,#5817,#5818));
#722=EDGE_LOOP('',(#5819,#5820,#5821,#5822));
#723=EDGE_LOOP('',(#5823,#5824,#5825,#5826));
#724=EDGE_LOOP('',(#5827,#5828,#5829,#5830));
#725=EDGE_LOOP('',(#5831,#5832,#5833,#5834));
#726=EDGE_LOOP('',(#5835,#5836,#5837,#5838));
#727=EDGE_LOOP('',(#5839,#5840,#5841,#5842));
#728=EDGE_LOOP('',(#5843,#5844,#5845,#5846));
#729=EDGE_LOOP('',(#5847,#5848,#5849,#5850));
#730=EDGE_LOOP('',(#5851,#5852,#5853,#5854));
#731=EDGE_LOOP('',(#5855,#5856,#5857,#5858));
#732=EDGE_LOOP('',(#5859,#5860,#5861,#5862));
#733=EDGE_LOOP('',(#5863,#5864,#5865,#5866));
#734=EDGE_LOOP('',(#5867,#5868,#5869,#5870));
#735=EDGE_LOOP('',(#5871,#5872,#5873,#5874));
#736=EDGE_LOOP('',(#5875,#5876,#5877,#5878));
#737=EDGE_LOOP('',(#5879,#5880,#5881,#5882));
#738=EDGE_LOOP('',(#5883,#5884,#5885,#5886));
#739=EDGE_LOOP('',(#5887,#5888,#5889,#5890));
#740=EDGE_LOOP('',(#5891,#5892,#5893,#5894));
#741=EDGE_LOOP('',(#5895,#5896,#5897,#5898));
#742=EDGE_LOOP('',(#5899,#5900,#5901,#5902));
#743=EDGE_LOOP('',(#5903,#5904,#5905,#5906));
#744=EDGE_LOOP('',(#5907,#5908,#5909,#5910));
#745=EDGE_LOOP('',(#5911,#5912,#5913,#5914));
#746=EDGE_LOOP('',(#5915,#5916,#5917,#5918));
#747=EDGE_LOOP('',(#5919,#5920,#5921,#5922));
#748=EDGE_LOOP('',(#5923,#5924,#5925,#5926));
#749=EDGE_LOOP('',(#5927,#5928,#5929,#5930));
#750=EDGE_LOOP('',(#5931,#5932,#5933,#5934));
#751=EDGE_LOOP('',(#5935,#5936,#5937,#5938));
#752=EDGE_LOOP('',(#5939,#5940,#5941,#5942));
#753=EDGE_LOOP('',(#5943,#5944,#5945,#5946));
#754=EDGE_LOOP('',(#5947,#5948,#5949,#5950));
#755=EDGE_LOOP('',(#5951,#5952,#5953,#5954));
#756=EDGE_LOOP('',(#5955,#5956,#5957,#5958));
#757=EDGE_LOOP('',(#5959,#5960,#5961,#5962));
#758=EDGE_LOOP('',(#5963,#5964,#5965,#5966));
#759=EDGE_LOOP('',(#5967,#5968,#5969,#5970));
#760=EDGE_LOOP('',(#5971,#5972,#5973,#5974));
#761=EDGE_LOOP('',(#5975,#5976,#5977,#5978));
#762=EDGE_LOOP('',(#5979,#5980,#5981,#5982));
#763=EDGE_LOOP('',(#5983,#5984,#5985,#5986));
#764=EDGE_LOOP('',(#5987,#5988,#5989,#5990));
#765=EDGE_LOOP('',(#5991,#5992,#5993,#5994));
#766=EDGE_LOOP('',(#5995,#5996,#5997,#5998));
#767=EDGE_LOOP('',(#5999,#6000,#6001,#6002));
#768=EDGE_LOOP('',(#6003,#6004,#6005,#6006));
#769=EDGE_LOOP('',(#6007,#6008,#6009,#6010));
#770=EDGE_LOOP('',(#6011,#6012,#6013,#6014));
#771=EDGE_LOOP('',(#6015,#6016,#6017,#6018));
#772=EDGE_LOOP('',(#6019,#6020,#6021,#6022));
#773=EDGE_LOOP('',(#6023,#6024,#6025,#6026));
#774=EDGE_LOOP('',(#6027,#6028,#6029,#6030));
#775=EDGE_LOOP('',(#6031,#6032,#6033,#6034));
#776=EDGE_LOOP('',(#6035,#6036,#6037,#6038));
#777=EDGE_LOOP('',(#6039,#6040,#6041,#6042));
#778=EDGE_LOOP('',(#6043,#6044,#6045,#6046));
#779=EDGE_LOOP('',(#6047,#6048,#6049,#6050));
#780=EDGE_LOOP('',(#6051,#6052,#6053,#6054));
#781=EDGE_LOOP('',(#6055,#6056,#6057,#6058));
#782=EDGE_LOOP('',(#6059,#6060,#6061,#6062));
#783=EDGE_LOOP('',(#6063,#6064,#6065,#6066));
#784=EDGE_LOOP('',(#6067,#6068,#6069,#6070));
#785=EDGE_LOOP('',(#6071,#6072,#6073,#6074));
#786=EDGE_LOOP('',(#6075,#6076,#6077,#6078));
#787=EDGE_LOOP('',(#6079,#6080,#6081,#6082));
#788=EDGE_LOOP('',(#6083,#6084,#6085,#6086));
#789=EDGE_LOOP('',(#6087,#6088,#6089,#6090));
#790=EDGE_LOOP('',(#6091,#6092,#6093,#6094));
#791=EDGE_LOOP('',(#6095,#6096,#6097,#6098));
#792=EDGE_LOOP('',(#6099,#6100,#6101,#6102));
#793=EDGE_LOOP('',(#6103,#6104,#6105,#6106));
#794=EDGE_LOOP('',(#6107,#6108,#6109,#6110));
#795=EDGE_LOOP('',(#6111,#6112,#6113,#6114));
#796=EDGE_LOOP('',(#6115,#6116,#6117,#6118));
#797=EDGE_LOOP('',(#6119,#6120,#6121,#6122));
#798=EDGE_LOOP('',(#6123,#6124,#6125,#6126));
#799=EDGE_LOOP('',(#6127,#6128,#6129,#6130));
#800=EDGE_LOOP('',(#6131,#6132,#6133,#6134));
#801=EDGE_LOOP('',(#6135,#6136,#6137,#6138));
#802=EDGE_LOOP('',(#6139,#6140,#6141,#6142));
#803=EDGE_LOOP('',(#6143,#6144,#6145,#6146));
#804=EDGE_LOOP('',(#6147,#6148,#6149,#6150));
#805=EDGE_LOOP('',(#6151,#6152,#6153,#6154));
#806=EDGE_LOOP('',(#6155,#6156,#6157,#6158));
#807=EDGE_LOOP('',(#6159,#6160,#6161,#6162));
#808=EDGE_LOOP('',(#6163,#6164,#6165,#6166));
#809=EDGE_LOOP('',(#6167,#6168,#6169,#6170));
#810=EDGE_LOOP('',(#6171,#6172,#6173,#6174));
#811=EDGE_LOOP('',(#6175,#6176,#6177,#6178));
#812=EDGE_LOOP('',(#6179,#6180,#6181,#6182));
#813=EDGE_LOOP('',(#6183,#6184,#6185,#6186));
#814=EDGE_LOOP('',(#6187,#6188,#6189,#6190));
#815=EDGE_LOOP('',(#6191,#6192,#6193,#6194));
#816=EDGE_LOOP('',(#6195,#6196,#6197,#6198));
#817=EDGE_LOOP('',(#6199,#6200,#6201,#6202));
#818=EDGE_LOOP('',(#6203,#6204,#6205,#6206));
#819=EDGE_LOOP('',(#6207,#6208,#6209,#6210));
#820=EDGE_LOOP('',(#6211,#6212,#6213,#6214));
#821=EDGE_LOOP('',(#6215,#6216,#6217,#6218));
#822=EDGE_LOOP('',(#6219,#6220,#6221,#6222));
#823=EDGE_LOOP('',(#6223,#6224,#6225,#6226));
#824=EDGE_LOOP('',(#6227,#6228,#6229,#6230));
#825=EDGE_LOOP('',(#6231,#6232,#6233,#6234));
#826=EDGE_LOOP('',(#6235,#6236,#6237,#6238));
#827=EDGE_LOOP('',(#6239,#6240,#6241,#6242));
#828=EDGE_LOOP('',(#6243,#6244,#6245,#6246));
#829=EDGE_LOOP('',(#6247,#6248,#6249,#6250));
#830=EDGE_LOOP('',(#6251,#6252,#6253,#6254));
#831=EDGE_LOOP('',(#6255,#6256,#6257,#6258));
#832=EDGE_LOOP('',(#6259,#6260,#6261,#6262));
#833=EDGE_LOOP('',(#6263,#6264,#6265,#6266));
#834=EDGE_LOOP('',(#6267,#6268,#6269,#6270));
#835=EDGE_LOOP('',(#6271,#6272,#6273,#6274));
#836=EDGE_LOOP('',(#6275,#6276,#6277,#6278));
#837=EDGE_LOOP('',(#6279,#6280,#6281,#6282));
#838=EDGE_LOOP('',(#6283,#6284,#6285,#6286));
#839=EDGE_LOOP('',(#6287,#6288,#6289,#6290));
#840=EDGE_LOOP('',(#6291,#6292,#6293,#6294));
#841=EDGE_LOOP('',(#6295,#6296,#6297,#6298));
#842=EDGE_LOOP('',(#6299,#6300,#6301,#6302));
#843=EDGE_LOOP('',(#6303,#6304,#6305,#6306));
#844=EDGE_LOOP('',(#6307,#6308,#6309,#6310));
#845=EDGE_LOOP('',(#6311,#6312,#6313,#6314));
#846=EDGE_LOOP('',(#6315,#6316,#6317,#6318));
#847=EDGE_LOOP('',(#6319,#6320,#6321,#6322));
#848=EDGE_LOOP('',(#6323,#6324,#6325,#6326));
#849=EDGE_LOOP('',(#6327,#6328,#6329,#6330));
#850=EDGE_LOOP('',(#6331,#6332,#6333,#6334));
#851=EDGE_LOOP('',(#6335,#6336,#6337,#6338));
#852=EDGE_LOOP('',(#6339,#6340,#6341,#6342));
#853=EDGE_LOOP('',(#6343,#6344,#6345,#6346));
#854=EDGE_LOOP('',(#6347,#6348,#6349,#6350));
#855=EDGE_LOOP('',(#6351,#6352,#6353,#6354));
#856=EDGE_LOOP('',(#6355,#6356,#6357,#6358));
#857=EDGE_LOOP('',(#6359,#6360,#6361,#6362));
#858=EDGE_LOOP('',(#6363,#6364,#6365,#6366));
#859=EDGE_LOOP('',(#6367,#6368,#6369,#6370));
#860=EDGE_LOOP('',(#6371,#6372,#6373,#6374));
#861=EDGE_LOOP('',(#6375,#6376,#6377,#6378));
#862=EDGE_LOOP('',(#6379,#6380,#6381,#6382));
#863=EDGE_LOOP('',(#6383,#6384,#6385,#6386));
#864=EDGE_LOOP('',(#6387,#6388,#6389,#6390));
#865=EDGE_LOOP('',(#6391,#6392,#6393,#6394));
#866=EDGE_LOOP('',(#6395,#6396,#6397,#6398));
#867=EDGE_LOOP('',(#6399,#6400,#6401,#6402));
#868=EDGE_LOOP('',(#6403,#6404,#6405,#6406));
#869=EDGE_LOOP('',(#6407,#6408,#6409,#6410));
#870=EDGE_LOOP('',(#6411,#6412,#6413,#6414));
#871=EDGE_LOOP('',(#6415,#6416,#6417,#6418));
#872=EDGE_LOOP('',(#6419,#6420,#6421,#6422));
#873=EDGE_LOOP('',(#6423,#6424,#6425,#6426));
#874=EDGE_LOOP('',(#6427,#6428,#6429,#6430));
#875=EDGE_LOOP('',(#6431,#6432,#6433,#6434));
#876=EDGE_LOOP('',(#6435,#6436,#6437,#6438));
#877=EDGE_LOOP('',(#6439,#6440,#6441,#6442));
#878=EDGE_LOOP('',(#6443,#6444,#6445,#6446));
#879=EDGE_LOOP('',(#6447,#6448,#6449,#6450));
#880=EDGE_LOOP('',(#6451,#6452,#6453,#6454));
#881=EDGE_LOOP('',(#6455,#6456,#6457,#6458));
#882=EDGE_LOOP('',(#6459,#6460,#6461,#6462));
#883=EDGE_LOOP('',(#6463,#6464,#6465,#6466));
#884=EDGE_LOOP('',(#6467,#6468,#6469,#6470));
#885=EDGE_LOOP('',(#6471,#6472,#6473,#6474));
#886=EDGE_LOOP('',(#6475,#6476,#6477,#6478));
#887=EDGE_LOOP('',(#6479,#6480,#6481,#6482));
#888=EDGE_LOOP('',(#6483,#6484,#6485,#6486));
#889=EDGE_LOOP('',(#6487,#6488,#6489,#6490));
#890=EDGE_LOOP('',(#6491,#6492,#6493,#6494));
#891=EDGE_LOOP('',(#6495,#6496,#6497,#6498));
#892=EDGE_LOOP('',(#6499,#6500,#6501,#6502));
#893=EDGE_LOOP('',(#6503,#6504,#6505,#6506));
#894=EDGE_LOOP('',(#6507,#6508,#6509,#6510));
#895=EDGE_LOOP('',(#6511,#6512,#6513,#6514));
#896=EDGE_LOOP('',(#6515,#6516,#6517,#6518));
#897=EDGE_LOOP('',(#6519,#6520,#6521,#6522));
#898=EDGE_LOOP('',(#6523,#6524,#6525,#6526));
#899=EDGE_LOOP('',(#6527,#6528,#6529,#6530));
#900=EDGE_LOOP('',(#6531,#6532,#6533,#6534));
#901=EDGE_LOOP('',(#6535,#6536,#6537,#6538));
#902=EDGE_LOOP('',(#6539,#6540,#6541,#6542));
#903=EDGE_LOOP('',(#6543,#6544,#6545,#6546));
#904=EDGE_LOOP('',(#6547,#6548,#6549,#6550));
#905=EDGE_LOOP('',(#6551,#6552,#6553,#6554));
#906=EDGE_LOOP('',(#6555,#6556,#6557,#6558));
#907=EDGE_LOOP('',(#6559,#6560,#6561,#6562));
#908=EDGE_LOOP('',(#6563,#6564,#6565,#6566));
#909=EDGE_LOOP('',(#6567,#6568,#6569,#6570));
#910=EDGE_LOOP('',(#6571,#6572,#6573,#6574));
#911=EDGE_LOOP('',(#6575,#6576,#6577,#6578));
#912=EDGE_LOOP('',(#6579,#6580,#6581,#6582));
#913=EDGE_LOOP('',(#6583,#6584,#6585,#6586));
#914=EDGE_LOOP('',(#6587,#6588,#6589,#6590));
#915=EDGE_LOOP('',(#6591,#6592,#6593,#6594));
#916=EDGE_LOOP('',(#6595,#6596,#6597,#6598));
#917=EDGE_LOOP('',(#6599,#6600,#6601,#6602));
#918=EDGE_LOOP('',(#6603,#6604,#6605,#6606));
#919=EDGE_LOOP('',(#6607,#6608,#6609,#6610));
#920=EDGE_LOOP('',(#6611,#6612,#6613,#6614));
#921=EDGE_LOOP('',(#6615,#6616,#6617,#6618));
#922=EDGE_LOOP('',(#6619,#6620,#6621,#6622));
#923=EDGE_LOOP('',(#6623,#6624,#6625,#6626));
#924=EDGE_LOOP('',(#6627,#6628,#6629,#6630));
#925=EDGE_LOOP('',(#6631,#6632,#6633,#6634));
#926=EDGE_LOOP('',(#6635,#6636,#6637,#6638));
#927=EDGE_LOOP('',(#6639,#6640,#6641,#6642));
#928=EDGE_LOOP('',(#6643,#6644,#6645,#6646));
#929=EDGE_LOOP('',(#6647,#6648,#6649,#6650));
#930=EDGE_LOOP('',(#6651,#6652,#6653,#6654));
#931=EDGE_LOOP('',(#6655,#6656,#6657,#6658));
#932=EDGE_LOOP('',(#6659,#6660,#6661,#6662));
#933=EDGE_LOOP('',(#6663,#6664,#6665,#6666));
#934=EDGE_LOOP('',(#6667,#6668,#6669,#6670));
#935=EDGE_LOOP('',(#6671,#6672,#6673,#6674));
#936=EDGE_LOOP('',(#6675,#6676,#6677,#6678));
#937=EDGE_LOOP('',(#6679,#6680,#6681,#6682));
#938=EDGE_LOOP('',(#6683,#6684,#6685,#6686));
#939=EDGE_LOOP('',(#6687,#6688,#6689,#6690));
#940=EDGE_LOOP('',(#6691,#6692,#6693,#6694));
#941=EDGE_LOOP('',(#6695,#6696,#6697,#6698));
#942=EDGE_LOOP('',(#6699,#6700,#6701,#6702));
#943=EDGE_LOOP('',(#6703,#6704,#6705,#6706));
#944=EDGE_LOOP('',(#6707,#6708,#6709,#6710));
#945=EDGE_LOOP('',(#6711,#6712,#6713,#6714));
#946=EDGE_LOOP('',(#6715,#6716,#6717,#6718));
#947=EDGE_LOOP('',(#6719,#6720,#6721,#6722));
#948=EDGE_LOOP('',(#6723,#6724,#6725,#6726));
#949=EDGE_LOOP('',(#6727,#6728,#6729,#6730));
#950=EDGE_LOOP('',(#6731,#6732,#6733,#6734));
#951=EDGE_LOOP('',(#6735,#6736,#6737,#6738));
#952=EDGE_LOOP('',(#6739,#6740,#6741,#6742));
#953=EDGE_LOOP('',(#6743,#6744,#6745,#6746));
#954=EDGE_LOOP('',(#6747,#6748,#6749,#6750));
#955=EDGE_LOOP('',(#6751,#6752,#6753,#6754));
#956=EDGE_LOOP('',(#6755,#6756,#6757,#6758));
#957=EDGE_LOOP('',(#6759,#6760,#6761,#6762));
#958=EDGE_LOOP('',(#6763,#6764,#6765,#6766));
#959=EDGE_LOOP('',(#6767,#6768,#6769,#6770));
#960=EDGE_LOOP('',(#6771,#6772,#6773,#6774));
#961=EDGE_LOOP('',(#6775,#6776,#6777,#6778));
#962=EDGE_LOOP('',(#6779,#6780,#6781,#6782));
#963=EDGE_LOOP('',(#6783,#6784,#6785,#6786));
#964=EDGE_LOOP('',(#6787,#6788,#6789,#6790));
#965=EDGE_LOOP('',(#6791,#6792,#6793,#6794));
#966=EDGE_LOOP('',(#6795,#6796,#6797,#6798));
#967=EDGE_LOOP('',(#6799,#6800,#6801,#6802));
#968=EDGE_LOOP('',(#6803,#6804,#6805,#6806));
#969=EDGE_LOOP('',(#6807,#6808,#6809,#6810));
#970=EDGE_LOOP('',(#6811,#6812,#6813,#6814));
#971=EDGE_LOOP('',(#6815,#6816,#6817,#6818));
#972=EDGE_LOOP('',(#6819,#6820,#6821,#6822));
#973=EDGE_LOOP('',(#6823,#6824,#6825,#6826));
#974=EDGE_LOOP('',(#6827,#6828,#6829,#6830));
#975=EDGE_LOOP('',(#6831,#6832,#6833,#6834));
#976=EDGE_LOOP('',(#6835,#6836,#6837,#6838));
#977=EDGE_LOOP('',(#6839,#6840,#6841,#6842));
#978=EDGE_LOOP('',(#6843,#6844,#6845,#6846));
#979=EDGE_LOOP('',(#6847,#6848,#6849,#6850));
#980=EDGE_LOOP('',(#6851,#6852,#6853,#6854));
#981=EDGE_LOOP('',(#6855,#6856,#6857,#6858));
#982=EDGE_LOOP('',(#6859,#6860,#6861,#6862));
#983=EDGE_LOOP('',(#6863,#6864,#6865,#6866));
#984=EDGE_LOOP('',(#6867,#6868,#6869,#6870));
#985=EDGE_LOOP('',(#6871,#6872,#6873,#6874));
#986=EDGE_LOOP('',(#6875,#6876,#6877,#6878));
#987=EDGE_LOOP('',(#6879,#6880,#6881,#6882));
#988=EDGE_LOOP('',(#6883,#6884,#6885,#6886));
#989=EDGE_LOOP('',(#6887,#6888,#6889,#6890));
#990=EDGE_LOOP('',(#6891,#6892,#6893,#6894));
#991=EDGE_LOOP('',(#6895,#6896,#6897,#6898));
#992=EDGE_LOOP('',(#6899,#6900,#6901,#6902));
#993=EDGE_LOOP('',(#6903,#6904,#6905,#6906));
#994=EDGE_LOOP('',(#6907,#6908,#6909,#6910));
#995=EDGE_LOOP('',(#6911,#6912,#6913,#6914));
#996=EDGE_LOOP('',(#6915,#6916,#6917,#6918));
#997=EDGE_LOOP('',(#6919,#6920,#6921,#6922));
#998=EDGE_LOOP('',(#6923,#6924,#6925,#6926));
#999=EDGE_LOOP('',(#6927,#6928,#6929,#6930));
#1000=EDGE_LOOP('',(#6931,#6932,#6933,#6934));
#1001=EDGE_LOOP('',(#6935,#6936,#6937,#6938));
#1002=EDGE_LOOP('',(#6939,#6940,#6941,#6942));
#1003=EDGE_LOOP('',(#6943,#6944,#6945,#6946));
#1004=EDGE_LOOP('',(#6947,#6948,#6949,#6950));
#1005=EDGE_LOOP('',(#6951,#6952,#6953,#6954));
#1006=EDGE_LOOP('',(#6955,#6956,#6957,#6958));
#1007=EDGE_LOOP('',(#6959,#6960,#6961,#6962));
#1008=EDGE_LOOP('',(#6963,#6964,#6965,#6966));
#1009=EDGE_LOOP('',(#6967,#6968,#6969,#6970));
#1010=EDGE_LOOP('',(#6971,#6972,#6973,#6974));
#1011=EDGE_LOOP('',(#6975,#6976,#6977,#6978));
#1012=EDGE_LOOP('',(#6979,#6980,#6981,#6982));
#1013=EDGE_LOOP('',(#6983,#6984,#6985,#6986));
#1014=EDGE_LOOP('',(#6987,#6988,#6989,#6990));
#1015=EDGE_LOOP('',(#6991,#6992,#6993,#6994));
#1016=EDGE_LOOP('',(#6995,#6996,#6997,#6998));
#1017=EDGE_LOOP('',(#6999,#7000,#7001,#7002));
#1018=EDGE_LOOP('',(#7003,#7004,#7005,#7006));
#1019=EDGE_LOOP('',(#7007,#7008,#7009,#7010));
#1020=EDGE_LOOP('',(#7011,#7012,#7013,#7014));
#1021=EDGE_LOOP('',(#7015,#7016,#7017,#7018));
#1022=EDGE_LOOP('',(#7019,#7020,#7021,#7022));
#1023=EDGE_LOOP('',(#7023,#7024,#7025,#7026));
#1024=EDGE_LOOP('',(#7027,#7028,#7029,#7030));
#1025=EDGE_LOOP('',(#7031,#7032,#7033,#7034));
#1026=EDGE_LOOP('',(#7035,#7036,#7037,#7038));
#1027=EDGE_LOOP('',(#7039,#7040,#7041,#7042));
#1028=EDGE_LOOP('',(#7043,#7044,#7045,#7046));
#1029=EDGE_LOOP('',(#7047,#7048,#7049,#7050));
#1030=EDGE_LOOP('',(#7051,#7052,#7053,#7054));
#1031=EDGE_LOOP('',(#7055,#7056,#7057,#7058));
#1032=EDGE_LOOP('',(#7059,#7060,#7061,#7062));
#1033=EDGE_LOOP('',(#7063,#7064,#7065,#7066));
#1034=EDGE_LOOP('',(#7067,#7068,#7069,#7070));
#1035=EDGE_LOOP('',(#7071,#7072,#7073,#7074));
#1036=EDGE_LOOP('',(#7075,#7076,#7077,#7078));
#1037=EDGE_LOOP('',(#7079,#7080,#7081,#7082));
#1038=EDGE_LOOP('',(#7083,#7084,#7085,#7086));
#1039=EDGE_LOOP('',(#7087,#7088,#7089,#7090));
#1040=EDGE_LOOP('',(#7091,#7092,#7093,#7094));
#1041=EDGE_LOOP('',(#7095,#7096,#7097,#7098));
#1042=EDGE_LOOP('',(#7099,#7100,#7101,#7102));
#1043=EDGE_LOOP('',(#7103,#7104,#7105,#7106));
#1044=EDGE_LOOP('',(#7107,#7108,#7109,#7110));
#1045=EDGE_LOOP('',(#7111,#7112,#7113,#7114));
#1046=EDGE_LOOP('',(#7115,#7116,#7117,#7118));
#1047=EDGE_LOOP('',(#7119,#7120,#7121,#7122));
#1048=EDGE_LOOP('',(#7123,#7124,#7125,#7126));
#1049=EDGE_LOOP('',(#7127,#7128,#7129,#7130));
#1050=EDGE_LOOP('',(#7131,#7132,#7133,#7134));
#1051=EDGE_LOOP('',(#7135,#7136,#7137,#7138));
#1052=EDGE_LOOP('',(#7139,#7140,#7141,#7142));
#1053=EDGE_LOOP('',(#7143,#7144,#7145,#7146));
#1054=EDGE_LOOP('',(#7147,#7148,#7149,#7150));
#1055=EDGE_LOOP('',(#7151,#7152,#7153,#7154));
#1056=EDGE_LOOP('',(#7155,#7156,#7157,#7158));
#1057=EDGE_LOOP('',(#7159,#7160,#7161,#7162));
#1058=EDGE_LOOP('',(#7163,#7164,#7165,#7166));
#1059=EDGE_LOOP('',(#7167,#7168,#7169,#7170));
#1060=EDGE_LOOP('',(#7171,#7172,#7173,#7174));
#1061=EDGE_LOOP('',(#7175,#7176,#7177,#7178));
#1062=EDGE_LOOP('',(#7179,#7180,#7181,#7182));
#1063=EDGE_LOOP('',(#7183,#7184,#7185,#7186));
#1064=EDGE_LOOP('',(#7187,#7188,#7189,#7190));
#1065=EDGE_LOOP('',(#7191,#7192,#7193,#7194));
#1066=EDGE_LOOP('',(#7195,#7196,#7197,#7198));
#1067=EDGE_LOOP('',(#7199,#7200,#7201,#7202));
#1068=EDGE_LOOP('',(#7203,#7204,#7205,#7206));
#1069=EDGE_LOOP('',(#7207,#7208,#7209,#7210));
#1070=EDGE_LOOP('',(#7211,#7212,#7213,#7214));
#1071=EDGE_LOOP('',(#7215,#7216,#7217,#7218));
#1072=EDGE_LOOP('',(#7219,#7220,#7221,#7222));
#1073=EDGE_LOOP('',(#7223,#7224,#7225,#7226));
#1074=EDGE_LOOP('',(#7227,#7228,#7229,#7230));
#1075=EDGE_LOOP('',(#7231,#7232,#7233,#7234));
#1076=EDGE_LOOP('',(#7235,#7236,#7237,#7238));
#1077=EDGE_LOOP('',(#7239,#7240,#7241,#7242));
#1078=EDGE_LOOP('',(#7243,#7244,#7245,#7246));
#1079=EDGE_LOOP('',(#7247,#7248,#7249,#7250));
#1080=EDGE_LOOP('',(#7251,#7252,#7253,#7254));
#1081=EDGE_LOOP('',(#7255,#7256,#7257,#7258));
#1082=EDGE_LOOP('',(#7259,#7260,#7261,#7262));
#1083=EDGE_LOOP('',(#7263,#7264,#7265,#7266));
#1084=EDGE_LOOP('',(#7267,#7268,#7269,#7270));
#1085=EDGE_LOOP('',(#7271,#7272,#7273,#7274));
#1086=EDGE_LOOP('',(#7275,#7276,#7277,#7278));
#1087=EDGE_LOOP('',(#7279,#7280,#7281,#7282));
#1088=EDGE_LOOP('',(#7283,#7284,#7285,#7286));
#1089=EDGE_LOOP('',(#7287,#7288,#7289,#7290));
#1090=EDGE_LOOP('',(#7291,#7292,#7293,#7294));
#1091=EDGE_LOOP('',(#7295,#7296,#7297,#7298));
#1092=EDGE_LOOP('',(#7299,#7300,#7301,#7302));
#1093=EDGE_LOOP('',(#7303,#7304,#7305,#7306));
#1094=EDGE_LOOP('',(#7307,#7308,#7309,#7310));
#1095=EDGE_LOOP('',(#7311,#7312,#7313,#7314));
#1096=EDGE_LOOP('',(#7315,#7316,#7317,#7318));
#1097=EDGE_LOOP('',(#7319,#7320,#7321,#7322));
#1098=EDGE_LOOP('',(#7323,#7324,#7325,#7326));
#1099=EDGE_LOOP('',(#7327,#7328,#7329,#7330));
#1100=EDGE_LOOP('',(#7331,#7332,#7333,#7334));
#1101=EDGE_LOOP('',(#7335,#7336,#7337,#7338));
#1102=EDGE_LOOP('',(#7339,#7340,#7341,#7342));
#1103=EDGE_LOOP('',(#7343,#7344,#7345,#7346));
#1104=EDGE_LOOP('',(#7347,#7348,#7349,#7350));
#1105=EDGE_LOOP('',(#7351,#7352,#7353,#7354));
#1106=EDGE_LOOP('',(#7355,#7356,#7357,#7358));
#1107=EDGE_LOOP('',(#7359,#7360,#7361,#7362));
#1108=EDGE_LOOP('',(#7363,#7364,#7365,#7366));
#1109=EDGE_LOOP('',(#7367,#7368,#7369,#7370));
#1110=EDGE_LOOP('',(#7371,#7372,#7373,#7374));
#1111=EDGE_LOOP('',(#7375,#7376,#7377,#7378));
#1112=EDGE_LOOP('',(#7379,#7380,#7381,#7382));
#1113=EDGE_LOOP('',(#7383,#7384,#7385,#7386));
#1114=EDGE_LOOP('',(#7387,#7388,#7389,#7390));
#1115=EDGE_LOOP('',(#7391,#7392,#7393,#7394));
#1116=EDGE_LOOP('',(#7395,#7396,#7397,#7398));
#1117=EDGE_LOOP('',(#7399,#7400,#7401,#7402));
#1118=EDGE_LOOP('',(#7403,#7404,#7405,#7406));
#1119=EDGE_LOOP('',(#7407,#7408,#7409,#7410));
#1120=EDGE_LOOP('',(#7411,#7412,#7413,#7414));
#1121=EDGE_LOOP('',(#7415,#7416,#7417,#7418));
#1122=EDGE_LOOP('',(#7419,#7420,#7421,#7422));
#1123=EDGE_LOOP('',(#7423,#7424,#7425,#7426));
#1124=EDGE_LOOP('',(#7427,#7428,#7429,#7430));
#1125=EDGE_LOOP('',(#7431,#7432,#7433,#7434));
#1126=EDGE_LOOP('',(#7435,#7436,#7437,#7438));
#1127=EDGE_LOOP('',(#7439,#7440,#7441,#7442));
#1128=EDGE_LOOP('',(#7443,#7444,#7445,#7446));
#1129=EDGE_LOOP('',(#7447,#7448,#7449,#7450));
#1130=EDGE_LOOP('',(#7451,#7452,#7453,#7454));
#1131=LINE('',#10461,#2247);
#1132=LINE('',#10463,#2248);
#1133=LINE('',#10465,#2249);
#1134=LINE('',#10466,#2250);
#1135=LINE('',#10469,#2251);
#1136=LINE('',#10471,#2252);
#1137=LINE('',#10472,#2253);
#1138=LINE('',#10475,#2254);
#1139=LINE('',#10477,#2255);
#1140=LINE('',#10478,#2256);
#1141=LINE('',#10480,#2257);
#1142=LINE('',#10481,#2258);
#1143=LINE('',#10485,#2259);
#1144=LINE('',#10487,#2260);
#1145=LINE('',#10489,#2261);
#1146=LINE('',#10490,#2262);
#1147=LINE('',#10493,#2263);
#1148=LINE('',#10495,#2264);
#1149=LINE('',#10496,#2265);
#1150=LINE('',#10499,#2266);
#1151=LINE('',#10501,#2267);
#1152=LINE('',#10502,#2268);
#1153=LINE('',#10504,#2269);
#1154=LINE('',#10505,#2270);
#1155=LINE('',#10509,#2271);
#1156=LINE('',#10511,#2272);
#1157=LINE('',#10513,#2273);
#1158=LINE('',#10514,#2274);
#1159=LINE('',#10517,#2275);
#1160=LINE('',#10519,#2276);
#1161=LINE('',#10520,#2277);
#1162=LINE('',#10523,#2278);
#1163=LINE('',#10525,#2279);
#1164=LINE('',#10526,#2280);
#1165=LINE('',#10528,#2281);
#1166=LINE('',#10529,#2282);
#1167=LINE('',#10533,#2283);
#1168=LINE('',#10535,#2284);
#1169=LINE('',#10537,#2285);
#1170=LINE('',#10538,#2286);
#1171=LINE('',#10541,#2287);
#1172=LINE('',#10543,#2288);
#1173=LINE('',#10544,#2289);
#1174=LINE('',#10547,#2290);
#1175=LINE('',#10549,#2291);
#1176=LINE('',#10550,#2292);
#1177=LINE('',#10552,#2293);
#1178=LINE('',#10553,#2294);
#1179=LINE('',#10557,#2295);
#1180=LINE('',#10559,#2296);
#1181=LINE('',#10561,#2297);
#1182=LINE('',#10562,#2298);
#1183=LINE('',#10565,#2299);
#1184=LINE('',#10567,#2300);
#1185=LINE('',#10568,#2301);
#1186=LINE('',#10571,#2302);
#1187=LINE('',#10573,#2303);
#1188=LINE('',#10574,#2304);
#1189=LINE('',#10576,#2305);
#1190=LINE('',#10577,#2306);
#1191=LINE('',#10581,#2307);
#1192=LINE('',#10583,#2308);
#1193=LINE('',#10585,#2309);
#1194=LINE('',#10586,#2310);
#1195=LINE('',#10589,#2311);
#1196=LINE('',#10591,#2312);
#1197=LINE('',#10592,#2313);
#1198=LINE('',#10595,#2314);
#1199=LINE('',#10597,#2315);
#1200=LINE('',#10598,#2316);
#1201=LINE('',#10600,#2317);
#1202=LINE('',#10601,#2318);
#1203=LINE('',#10605,#2319);
#1204=LINE('',#10607,#2320);
#1205=LINE('',#10609,#2321);
#1206=LINE('',#10610,#2322);
#1207=LINE('',#10613,#2323);
#1208=LINE('',#10615,#2324);
#1209=LINE('',#10616,#2325);
#1210=LINE('',#10619,#2326);
#1211=LINE('',#10621,#2327);
#1212=LINE('',#10622,#2328);
#1213=LINE('',#10624,#2329);
#1214=LINE('',#10625,#2330);
#1215=LINE('',#10629,#2331);
#1216=LINE('',#10631,#2332);
#1217=LINE('',#10633,#2333);
#1218=LINE('',#10634,#2334);
#1219=LINE('',#10637,#2335);
#1220=LINE('',#10639,#2336);
#1221=LINE('',#10640,#2337);
#1222=LINE('',#10643,#2338);
#1223=LINE('',#10645,#2339);
#1224=LINE('',#10646,#2340);
#1225=LINE('',#10648,#2341);
#1226=LINE('',#10649,#2342);
#1227=LINE('',#10653,#2343);
#1228=LINE('',#10655,#2344);
#1229=LINE('',#10657,#2345);
#1230=LINE('',#10658,#2346);
#1231=LINE('',#10661,#2347);
#1232=LINE('',#10663,#2348);
#1233=LINE('',#10664,#2349);
#1234=LINE('',#10667,#2350);
#1235=LINE('',#10669,#2351);
#1236=LINE('',#10670,#2352);
#1237=LINE('',#10672,#2353);
#1238=LINE('',#10673,#2354);
#1239=LINE('',#10677,#2355);
#1240=LINE('',#10679,#2356);
#1241=LINE('',#10681,#2357);
#1242=LINE('',#10682,#2358);
#1243=LINE('',#10685,#2359);
#1244=LINE('',#10687,#2360);
#1245=LINE('',#10688,#2361);
#1246=LINE('',#10691,#2362);
#1247=LINE('',#10693,#2363);
#1248=LINE('',#10694,#2364);
#1249=LINE('',#10696,#2365);
#1250=LINE('',#10697,#2366);
#1251=LINE('',#10701,#2367);
#1252=LINE('',#10703,#2368);
#1253=LINE('',#10705,#2369);
#1254=LINE('',#10706,#2370);
#1255=LINE('',#10709,#2371);
#1256=LINE('',#10711,#2372);
#1257=LINE('',#10712,#2373);
#1258=LINE('',#10715,#2374);
#1259=LINE('',#10717,#2375);
#1260=LINE('',#10718,#2376);
#1261=LINE('',#10720,#2377);
#1262=LINE('',#10721,#2378);
#1263=LINE('',#10725,#2379);
#1264=LINE('',#10727,#2380);
#1265=LINE('',#10729,#2381);
#1266=LINE('',#10730,#2382);
#1267=LINE('',#10733,#2383);
#1268=LINE('',#10735,#2384);
#1269=LINE('',#10736,#2385);
#1270=LINE('',#10739,#2386);
#1271=LINE('',#10741,#2387);
#1272=LINE('',#10742,#2388);
#1273=LINE('',#10744,#2389);
#1274=LINE('',#10745,#2390);
#1275=LINE('',#10749,#2391);
#1276=LINE('',#10751,#2392);
#1277=LINE('',#10753,#2393);
#1278=LINE('',#10754,#2394);
#1279=LINE('',#10757,#2395);
#1280=LINE('',#10759,#2396);
#1281=LINE('',#10760,#2397);
#1282=LINE('',#10763,#2398);
#1283=LINE('',#10765,#2399);
#1284=LINE('',#10766,#2400);
#1285=LINE('',#10768,#2401);
#1286=LINE('',#10769,#2402);
#1287=LINE('',#10773,#2403);
#1288=LINE('',#10775,#2404);
#1289=LINE('',#10777,#2405);
#1290=LINE('',#10778,#2406);
#1291=LINE('',#10781,#2407);
#1292=LINE('',#10783,#2408);
#1293=LINE('',#10784,#2409);
#1294=LINE('',#10787,#2410);
#1295=LINE('',#10789,#2411);
#1296=LINE('',#10790,#2412);
#1297=LINE('',#10792,#2413);
#1298=LINE('',#10793,#2414);
#1299=LINE('',#10797,#2415);
#1300=LINE('',#10799,#2416);
#1301=LINE('',#10801,#2417);
#1302=LINE('',#10802,#2418);
#1303=LINE('',#10805,#2419);
#1304=LINE('',#10807,#2420);
#1305=LINE('',#10808,#2421);
#1306=LINE('',#10811,#2422);
#1307=LINE('',#10813,#2423);
#1308=LINE('',#10814,#2424);
#1309=LINE('',#10816,#2425);
#1310=LINE('',#10817,#2426);
#1311=LINE('',#10821,#2427);
#1312=LINE('',#10823,#2428);
#1313=LINE('',#10825,#2429);
#1314=LINE('',#10826,#2430);
#1315=LINE('',#10829,#2431);
#1316=LINE('',#10831,#2432);
#1317=LINE('',#10832,#2433);
#1318=LINE('',#10835,#2434);
#1319=LINE('',#10837,#2435);
#1320=LINE('',#10838,#2436);
#1321=LINE('',#10840,#2437);
#1322=LINE('',#10841,#2438);
#1323=LINE('',#10845,#2439);
#1324=LINE('',#10847,#2440);
#1325=LINE('',#10849,#2441);
#1326=LINE('',#10850,#2442);
#1327=LINE('',#10853,#2443);
#1328=LINE('',#10855,#2444);
#1329=LINE('',#10856,#2445);
#1330=LINE('',#10859,#2446);
#1331=LINE('',#10861,#2447);
#1332=LINE('',#10862,#2448);
#1333=LINE('',#10864,#2449);
#1334=LINE('',#10865,#2450);
#1335=LINE('',#10869,#2451);
#1336=LINE('',#10871,#2452);
#1337=LINE('',#10873,#2453);
#1338=LINE('',#10874,#2454);
#1339=LINE('',#10877,#2455);
#1340=LINE('',#10879,#2456);
#1341=LINE('',#10880,#2457);
#1342=LINE('',#10883,#2458);
#1343=LINE('',#10885,#2459);
#1344=LINE('',#10886,#2460);
#1345=LINE('',#10888,#2461);
#1346=LINE('',#10889,#2462);
#1347=LINE('',#10893,#2463);
#1348=LINE('',#10895,#2464);
#1349=LINE('',#10897,#2465);
#1350=LINE('',#10898,#2466);
#1351=LINE('',#10901,#2467);
#1352=LINE('',#10903,#2468);
#1353=LINE('',#10904,#2469);
#1354=LINE('',#10907,#2470);
#1355=LINE('',#10909,#2471);
#1356=LINE('',#10910,#2472);
#1357=LINE('',#10912,#2473);
#1358=LINE('',#10913,#2474);
#1359=LINE('',#10917,#2475);
#1360=LINE('',#10919,#2476);
#1361=LINE('',#10921,#2477);
#1362=LINE('',#10922,#2478);
#1363=LINE('',#10925,#2479);
#1364=LINE('',#10927,#2480);
#1365=LINE('',#10928,#2481);
#1366=LINE('',#10931,#2482);
#1367=LINE('',#10933,#2483);
#1368=LINE('',#10934,#2484);
#1369=LINE('',#10936,#2485);
#1370=LINE('',#10937,#2486);
#1371=LINE('',#10941,#2487);
#1372=LINE('',#10943,#2488);
#1373=LINE('',#10945,#2489);
#1374=LINE('',#10946,#2490);
#1375=LINE('',#10949,#2491);
#1376=LINE('',#10951,#2492);
#1377=LINE('',#10952,#2493);
#1378=LINE('',#10955,#2494);
#1379=LINE('',#10957,#2495);
#1380=LINE('',#10958,#2496);
#1381=LINE('',#10960,#2497);
#1382=LINE('',#10961,#2498);
#1383=LINE('',#10965,#2499);
#1384=LINE('',#10967,#2500);
#1385=LINE('',#10969,#2501);
#1386=LINE('',#10970,#2502);
#1387=LINE('',#10973,#2503);
#1388=LINE('',#10975,#2504);
#1389=LINE('',#10976,#2505);
#1390=LINE('',#10979,#2506);
#1391=LINE('',#10981,#2507);
#1392=LINE('',#10982,#2508);
#1393=LINE('',#10984,#2509);
#1394=LINE('',#10985,#2510);
#1395=LINE('',#10989,#2511);
#1396=LINE('',#10991,#2512);
#1397=LINE('',#10993,#2513);
#1398=LINE('',#10994,#2514);
#1399=LINE('',#10997,#2515);
#1400=LINE('',#10999,#2516);
#1401=LINE('',#11000,#2517);
#1402=LINE('',#11003,#2518);
#1403=LINE('',#11005,#2519);
#1404=LINE('',#11006,#2520);
#1405=LINE('',#11008,#2521);
#1406=LINE('',#11009,#2522);
#1407=LINE('',#11013,#2523);
#1408=LINE('',#11015,#2524);
#1409=LINE('',#11017,#2525);
#1410=LINE('',#11018,#2526);
#1411=LINE('',#11021,#2527);
#1412=LINE('',#11023,#2528);
#1413=LINE('',#11024,#2529);
#1414=LINE('',#11027,#2530);
#1415=LINE('',#11029,#2531);
#1416=LINE('',#11030,#2532);
#1417=LINE('',#11032,#2533);
#1418=LINE('',#11033,#2534);
#1419=LINE('',#11037,#2535);
#1420=LINE('',#11039,#2536);
#1421=LINE('',#11041,#2537);
#1422=LINE('',#11042,#2538);
#1423=LINE('',#11045,#2539);
#1424=LINE('',#11047,#2540);
#1425=LINE('',#11048,#2541);
#1426=LINE('',#11051,#2542);
#1427=LINE('',#11053,#2543);
#1428=LINE('',#11054,#2544);
#1429=LINE('',#11056,#2545);
#1430=LINE('',#11057,#2546);
#1431=LINE('',#11061,#2547);
#1432=LINE('',#11063,#2548);
#1433=LINE('',#11065,#2549);
#1434=LINE('',#11066,#2550);
#1435=LINE('',#11069,#2551);
#1436=LINE('',#11071,#2552);
#1437=LINE('',#11072,#2553);
#1438=LINE('',#11075,#2554);
#1439=LINE('',#11077,#2555);
#1440=LINE('',#11078,#2556);
#1441=LINE('',#11080,#2557);
#1442=LINE('',#11081,#2558);
#1443=LINE('',#11085,#2559);
#1444=LINE('',#11087,#2560);
#1445=LINE('',#11089,#2561);
#1446=LINE('',#11090,#2562);
#1447=LINE('',#11093,#2563);
#1448=LINE('',#11095,#2564);
#1449=LINE('',#11096,#2565);
#1450=LINE('',#11099,#2566);
#1451=LINE('',#11101,#2567);
#1452=LINE('',#11102,#2568);
#1453=LINE('',#11104,#2569);
#1454=LINE('',#11105,#2570);
#1455=LINE('',#11109,#2571);
#1456=LINE('',#11111,#2572);
#1457=LINE('',#11113,#2573);
#1458=LINE('',#11114,#2574);
#1459=LINE('',#11117,#2575);
#1460=LINE('',#11119,#2576);
#1461=LINE('',#11120,#2577);
#1462=LINE('',#11123,#2578);
#1463=LINE('',#11125,#2579);
#1464=LINE('',#11126,#2580);
#1465=LINE('',#11128,#2581);
#1466=LINE('',#11129,#2582);
#1467=LINE('',#11133,#2583);
#1468=LINE('',#11135,#2584);
#1469=LINE('',#11137,#2585);
#1470=LINE('',#11138,#2586);
#1471=LINE('',#11141,#2587);
#1472=LINE('',#11143,#2588);
#1473=LINE('',#11144,#2589);
#1474=LINE('',#11147,#2590);
#1475=LINE('',#11149,#2591);
#1476=LINE('',#11150,#2592);
#1477=LINE('',#11152,#2593);
#1478=LINE('',#11153,#2594);
#1479=LINE('',#11157,#2595);
#1480=LINE('',#11159,#2596);
#1481=LINE('',#11161,#2597);
#1482=LINE('',#11162,#2598);
#1483=LINE('',#11165,#2599);
#1484=LINE('',#11167,#2600);
#1485=LINE('',#11168,#2601);
#1486=LINE('',#11171,#2602);
#1487=LINE('',#11173,#2603);
#1488=LINE('',#11174,#2604);
#1489=LINE('',#11176,#2605);
#1490=LINE('',#11177,#2606);
#1491=LINE('',#11181,#2607);
#1492=LINE('',#11183,#2608);
#1493=LINE('',#11185,#2609);
#1494=LINE('',#11186,#2610);
#1495=LINE('',#11189,#2611);
#1496=LINE('',#11191,#2612);
#1497=LINE('',#11192,#2613);
#1498=LINE('',#11195,#2614);
#1499=LINE('',#11197,#2615);
#1500=LINE('',#11198,#2616);
#1501=LINE('',#11200,#2617);
#1502=LINE('',#11201,#2618);
#1503=LINE('',#11205,#2619);
#1504=LINE('',#11207,#2620);
#1505=LINE('',#11209,#2621);
#1506=LINE('',#11210,#2622);
#1507=LINE('',#11213,#2623);
#1508=LINE('',#11215,#2624);
#1509=LINE('',#11216,#2625);
#1510=LINE('',#11219,#2626);
#1511=LINE('',#11221,#2627);
#1512=LINE('',#11222,#2628);
#1513=LINE('',#11224,#2629);
#1514=LINE('',#11225,#2630);
#1515=LINE('',#11229,#2631);
#1516=LINE('',#11231,#2632);
#1517=LINE('',#11233,#2633);
#1518=LINE('',#11234,#2634);
#1519=LINE('',#11237,#2635);
#1520=LINE('',#11239,#2636);
#1521=LINE('',#11240,#2637);
#1522=LINE('',#11243,#2638);
#1523=LINE('',#11245,#2639);
#1524=LINE('',#11246,#2640);
#1525=LINE('',#11248,#2641);
#1526=LINE('',#11249,#2642);
#1527=LINE('',#11253,#2643);
#1528=LINE('',#11255,#2644);
#1529=LINE('',#11257,#2645);
#1530=LINE('',#11258,#2646);
#1531=LINE('',#11261,#2647);
#1532=LINE('',#11263,#2648);
#1533=LINE('',#11264,#2649);
#1534=LINE('',#11267,#2650);
#1535=LINE('',#11269,#2651);
#1536=LINE('',#11270,#2652);
#1537=LINE('',#11272,#2653);
#1538=LINE('',#11273,#2654);
#1539=LINE('',#11277,#2655);
#1540=LINE('',#11279,#2656);
#1541=LINE('',#11281,#2657);
#1542=LINE('',#11282,#2658);
#1543=LINE('',#11285,#2659);
#1544=LINE('',#11287,#2660);
#1545=LINE('',#11288,#2661);
#1546=LINE('',#11291,#2662);
#1547=LINE('',#11293,#2663);
#1548=LINE('',#11294,#2664);
#1549=LINE('',#11296,#2665);
#1550=LINE('',#11297,#2666);
#1551=LINE('',#11301,#2667);
#1552=LINE('',#11303,#2668);
#1553=LINE('',#11305,#2669);
#1554=LINE('',#11306,#2670);
#1555=LINE('',#11309,#2671);
#1556=LINE('',#11311,#2672);
#1557=LINE('',#11312,#2673);
#1558=LINE('',#11315,#2674);
#1559=LINE('',#11317,#2675);
#1560=LINE('',#11318,#2676);
#1561=LINE('',#11320,#2677);
#1562=LINE('',#11321,#2678);
#1563=LINE('',#11325,#2679);
#1564=LINE('',#11327,#2680);
#1565=LINE('',#11329,#2681);
#1566=LINE('',#11330,#2682);
#1567=LINE('',#11333,#2683);
#1568=LINE('',#11335,#2684);
#1569=LINE('',#11336,#2685);
#1570=LINE('',#11339,#2686);
#1571=LINE('',#11341,#2687);
#1572=LINE('',#11342,#2688);
#1573=LINE('',#11344,#2689);
#1574=LINE('',#11345,#2690);
#1575=LINE('',#11349,#2691);
#1576=LINE('',#11351,#2692);
#1577=LINE('',#11353,#2693);
#1578=LINE('',#11354,#2694);
#1579=LINE('',#11357,#2695);
#1580=LINE('',#11359,#2696);
#1581=LINE('',#11360,#2697);
#1582=LINE('',#11363,#2698);
#1583=LINE('',#11365,#2699);
#1584=LINE('',#11366,#2700);
#1585=LINE('',#11368,#2701);
#1586=LINE('',#11369,#2702);
#1587=LINE('',#11373,#2703);
#1588=LINE('',#11375,#2704);
#1589=LINE('',#11377,#2705);
#1590=LINE('',#11378,#2706);
#1591=LINE('',#11381,#2707);
#1592=LINE('',#11383,#2708);
#1593=LINE('',#11384,#2709);
#1594=LINE('',#11387,#2710);
#1595=LINE('',#11389,#2711);
#1596=LINE('',#11390,#2712);
#1597=LINE('',#11392,#2713);
#1598=LINE('',#11393,#2714);
#1599=LINE('',#11397,#2715);
#1600=LINE('',#11399,#2716);
#1601=LINE('',#11401,#2717);
#1602=LINE('',#11402,#2718);
#1603=LINE('',#11405,#2719);
#1604=LINE('',#11407,#2720);
#1605=LINE('',#11408,#2721);
#1606=LINE('',#11411,#2722);
#1607=LINE('',#11413,#2723);
#1608=LINE('',#11414,#2724);
#1609=LINE('',#11416,#2725);
#1610=LINE('',#11417,#2726);
#1611=LINE('',#11421,#2727);
#1612=LINE('',#11423,#2728);
#1613=LINE('',#11425,#2729);
#1614=LINE('',#11426,#2730);
#1615=LINE('',#11429,#2731);
#1616=LINE('',#11431,#2732);
#1617=LINE('',#11432,#2733);
#1618=LINE('',#11435,#2734);
#1619=LINE('',#11437,#2735);
#1620=LINE('',#11438,#2736);
#1621=LINE('',#11440,#2737);
#1622=LINE('',#11441,#2738);
#1623=LINE('',#11445,#2739);
#1624=LINE('',#11447,#2740);
#1625=LINE('',#11449,#2741);
#1626=LINE('',#11450,#2742);
#1627=LINE('',#11453,#2743);
#1628=LINE('',#11455,#2744);
#1629=LINE('',#11456,#2745);
#1630=LINE('',#11459,#2746);
#1631=LINE('',#11461,#2747);
#1632=LINE('',#11462,#2748);
#1633=LINE('',#11464,#2749);
#1634=LINE('',#11465,#2750);
#1635=LINE('',#11469,#2751);
#1636=LINE('',#11471,#2752);
#1637=LINE('',#11473,#2753);
#1638=LINE('',#11474,#2754);
#1639=LINE('',#11477,#2755);
#1640=LINE('',#11479,#2756);
#1641=LINE('',#11480,#2757);
#1642=LINE('',#11483,#2758);
#1643=LINE('',#11485,#2759);
#1644=LINE('',#11486,#2760);
#1645=LINE('',#11488,#2761);
#1646=LINE('',#11489,#2762);
#1647=LINE('',#11493,#2763);
#1648=LINE('',#11495,#2764);
#1649=LINE('',#11497,#2765);
#1650=LINE('',#11498,#2766);
#1651=LINE('',#11501,#2767);
#1652=LINE('',#11503,#2768);
#1653=LINE('',#11504,#2769);
#1654=LINE('',#11507,#2770);
#1655=LINE('',#11509,#2771);
#1656=LINE('',#11510,#2772);
#1657=LINE('',#11512,#2773);
#1658=LINE('',#11513,#2774);
#1659=LINE('',#11517,#2775);
#1660=LINE('',#11519,#2776);
#1661=LINE('',#11521,#2777);
#1662=LINE('',#11522,#2778);
#1663=LINE('',#11525,#2779);
#1664=LINE('',#11527,#2780);
#1665=LINE('',#11528,#2781);
#1666=LINE('',#11531,#2782);
#1667=LINE('',#11533,#2783);
#1668=LINE('',#11534,#2784);
#1669=LINE('',#11536,#2785);
#1670=LINE('',#11537,#2786);
#1671=LINE('',#11541,#2787);
#1672=LINE('',#11543,#2788);
#1673=LINE('',#11545,#2789);
#1674=LINE('',#11546,#2790);
#1675=LINE('',#11549,#2791);
#1676=LINE('',#11551,#2792);
#1677=LINE('',#11552,#2793);
#1678=LINE('',#11555,#2794);
#1679=LINE('',#11557,#2795);
#1680=LINE('',#11558,#2796);
#1681=LINE('',#11560,#2797);
#1682=LINE('',#11561,#2798);
#1683=LINE('',#11565,#2799);
#1684=LINE('',#11567,#2800);
#1685=LINE('',#11569,#2801);
#1686=LINE('',#11570,#2802);
#1687=LINE('',#11573,#2803);
#1688=LINE('',#11575,#2804);
#1689=LINE('',#11576,#2805);
#1690=LINE('',#11579,#2806);
#1691=LINE('',#11581,#2807);
#1692=LINE('',#11582,#2808);
#1693=LINE('',#11584,#2809);
#1694=LINE('',#11585,#2810);
#1695=LINE('',#11589,#2811);
#1696=LINE('',#11591,#2812);
#1697=LINE('',#11593,#2813);
#1698=LINE('',#11594,#2814);
#1699=LINE('',#11597,#2815);
#1700=LINE('',#11599,#2816);
#1701=LINE('',#11600,#2817);
#1702=LINE('',#11603,#2818);
#1703=LINE('',#11605,#2819);
#1704=LINE('',#11606,#2820);
#1705=LINE('',#11608,#2821);
#1706=LINE('',#11609,#2822);
#1707=LINE('',#11613,#2823);
#1708=LINE('',#11615,#2824);
#1709=LINE('',#11617,#2825);
#1710=LINE('',#11618,#2826);
#1711=LINE('',#11621,#2827);
#1712=LINE('',#11623,#2828);
#1713=LINE('',#11624,#2829);
#1714=LINE('',#11627,#2830);
#1715=LINE('',#11629,#2831);
#1716=LINE('',#11630,#2832);
#1717=LINE('',#11632,#2833);
#1718=LINE('',#11633,#2834);
#1719=LINE('',#11637,#2835);
#1720=LINE('',#11639,#2836);
#1721=LINE('',#11641,#2837);
#1722=LINE('',#11642,#2838);
#1723=LINE('',#11645,#2839);
#1724=LINE('',#11647,#2840);
#1725=LINE('',#11648,#2841);
#1726=LINE('',#11651,#2842);
#1727=LINE('',#11653,#2843);
#1728=LINE('',#11654,#2844);
#1729=LINE('',#11656,#2845);
#1730=LINE('',#11657,#2846);
#1731=LINE('',#11661,#2847);
#1732=LINE('',#11663,#2848);
#1733=LINE('',#11665,#2849);
#1734=LINE('',#11666,#2850);
#1735=LINE('',#11669,#2851);
#1736=LINE('',#11671,#2852);
#1737=LINE('',#11672,#2853);
#1738=LINE('',#11675,#2854);
#1739=LINE('',#11677,#2855);
#1740=LINE('',#11678,#2856);
#1741=LINE('',#11680,#2857);
#1742=LINE('',#11681,#2858);
#1743=LINE('',#11685,#2859);
#1744=LINE('',#11687,#2860);
#1745=LINE('',#11689,#2861);
#1746=LINE('',#11690,#2862);
#1747=LINE('',#11693,#2863);
#1748=LINE('',#11695,#2864);
#1749=LINE('',#11696,#2865);
#1750=LINE('',#11699,#2866);
#1751=LINE('',#11701,#2867);
#1752=LINE('',#11702,#2868);
#1753=LINE('',#11704,#2869);
#1754=LINE('',#11705,#2870);
#1755=LINE('',#11709,#2871);
#1756=LINE('',#11711,#2872);
#1757=LINE('',#11713,#2873);
#1758=LINE('',#11714,#2874);
#1759=LINE('',#11717,#2875);
#1760=LINE('',#11719,#2876);
#1761=LINE('',#11720,#2877);
#1762=LINE('',#11723,#2878);
#1763=LINE('',#11725,#2879);
#1764=LINE('',#11726,#2880);
#1765=LINE('',#11728,#2881);
#1766=LINE('',#11729,#2882);
#1767=LINE('',#11733,#2883);
#1768=LINE('',#11735,#2884);
#1769=LINE('',#11737,#2885);
#1770=LINE('',#11738,#2886);
#1771=LINE('',#11741,#2887);
#1772=LINE('',#11743,#2888);
#1773=LINE('',#11744,#2889);
#1774=LINE('',#11747,#2890);
#1775=LINE('',#11749,#2891);
#1776=LINE('',#11750,#2892);
#1777=LINE('',#11752,#2893);
#1778=LINE('',#11753,#2894);
#1779=LINE('',#11757,#2895);
#1780=LINE('',#11759,#2896);
#1781=LINE('',#11761,#2897);
#1782=LINE('',#11762,#2898);
#1783=LINE('',#11765,#2899);
#1784=LINE('',#11767,#2900);
#1785=LINE('',#11768,#2901);
#1786=LINE('',#11771,#2902);
#1787=LINE('',#11773,#2903);
#1788=LINE('',#11774,#2904);
#1789=LINE('',#11776,#2905);
#1790=LINE('',#11777,#2906);
#1791=LINE('',#11781,#2907);
#1792=LINE('',#11783,#2908);
#1793=LINE('',#11785,#2909);
#1794=LINE('',#11786,#2910);
#1795=LINE('',#11789,#2911);
#1796=LINE('',#11791,#2912);
#1797=LINE('',#11792,#2913);
#1798=LINE('',#11795,#2914);
#1799=LINE('',#11797,#2915);
#1800=LINE('',#11798,#2916);
#1801=LINE('',#11800,#2917);
#1802=LINE('',#11801,#2918);
#1803=LINE('',#11805,#2919);
#1804=LINE('',#11807,#2920);
#1805=LINE('',#11809,#2921);
#1806=LINE('',#11810,#2922);
#1807=LINE('',#11813,#2923);
#1808=LINE('',#11815,#2924);
#1809=LINE('',#11816,#2925);
#1810=LINE('',#11819,#2926);
#1811=LINE('',#11821,#2927);
#1812=LINE('',#11822,#2928);
#1813=LINE('',#11824,#2929);
#1814=LINE('',#11825,#2930);
#1815=LINE('',#11829,#2931);
#1816=LINE('',#11831,#2932);
#1817=LINE('',#11833,#2933);
#1818=LINE('',#11834,#2934);
#1819=LINE('',#11837,#2935);
#1820=LINE('',#11839,#2936);
#1821=LINE('',#11840,#2937);
#1822=LINE('',#11843,#2938);
#1823=LINE('',#11845,#2939);
#1824=LINE('',#11846,#2940);
#1825=LINE('',#11848,#2941);
#1826=LINE('',#11849,#2942);
#1827=LINE('',#11853,#2943);
#1828=LINE('',#11855,#2944);
#1829=LINE('',#11857,#2945);
#1830=LINE('',#11858,#2946);
#1831=LINE('',#11861,#2947);
#1832=LINE('',#11863,#2948);
#1833=LINE('',#11864,#2949);
#1834=LINE('',#11867,#2950);
#1835=LINE('',#11869,#2951);
#1836=LINE('',#11870,#2952);
#1837=LINE('',#11872,#2953);
#1838=LINE('',#11873,#2954);
#1839=LINE('',#11877,#2955);
#1840=LINE('',#11879,#2956);
#1841=LINE('',#11881,#2957);
#1842=LINE('',#11882,#2958);
#1843=LINE('',#11885,#2959);
#1844=LINE('',#11887,#2960);
#1845=LINE('',#11888,#2961);
#1846=LINE('',#11891,#2962);
#1847=LINE('',#11893,#2963);
#1848=LINE('',#11894,#2964);
#1849=LINE('',#11896,#2965);
#1850=LINE('',#11897,#2966);
#1851=LINE('',#11901,#2967);
#1852=LINE('',#11903,#2968);
#1853=LINE('',#11905,#2969);
#1854=LINE('',#11906,#2970);
#1855=LINE('',#11909,#2971);
#1856=LINE('',#11911,#2972);
#1857=LINE('',#11912,#2973);
#1858=LINE('',#11915,#2974);
#1859=LINE('',#11917,#2975);
#1860=LINE('',#11918,#2976);
#1861=LINE('',#11920,#2977);
#1862=LINE('',#11921,#2978);
#1863=LINE('',#11925,#2979);
#1864=LINE('',#11927,#2980);
#1865=LINE('',#11929,#2981);
#1866=LINE('',#11930,#2982);
#1867=LINE('',#11933,#2983);
#1868=LINE('',#11935,#2984);
#1869=LINE('',#11936,#2985);
#1870=LINE('',#11939,#2986);
#1871=LINE('',#11941,#2987);
#1872=LINE('',#11942,#2988);
#1873=LINE('',#11944,#2989);
#1874=LINE('',#11945,#2990);
#1875=LINE('',#11949,#2991);
#1876=LINE('',#11951,#2992);
#1877=LINE('',#11953,#2993);
#1878=LINE('',#11954,#2994);
#1879=LINE('',#11957,#2995);
#1880=LINE('',#11959,#2996);
#1881=LINE('',#11960,#2997);
#1882=LINE('',#11963,#2998);
#1883=LINE('',#11965,#2999);
#1884=LINE('',#11966,#3000);
#1885=LINE('',#11968,#3001);
#1886=LINE('',#11969,#3002);
#1887=LINE('',#11973,#3003);
#1888=LINE('',#11975,#3004);
#1889=LINE('',#11977,#3005);
#1890=LINE('',#11978,#3006);
#1891=LINE('',#11981,#3007);
#1892=LINE('',#11983,#3008);
#1893=LINE('',#11984,#3009);
#1894=LINE('',#11987,#3010);
#1895=LINE('',#11989,#3011);
#1896=LINE('',#11990,#3012);
#1897=LINE('',#11992,#3013);
#1898=LINE('',#11993,#3014);
#1899=LINE('',#11997,#3015);
#1900=LINE('',#11999,#3016);
#1901=LINE('',#12001,#3017);
#1902=LINE('',#12002,#3018);
#1903=LINE('',#12005,#3019);
#1904=LINE('',#12007,#3020);
#1905=LINE('',#12008,#3021);
#1906=LINE('',#12011,#3022);
#1907=LINE('',#12013,#3023);
#1908=LINE('',#12014,#3024);
#1909=LINE('',#12016,#3025);
#1910=LINE('',#12017,#3026);
#1911=LINE('',#12021,#3027);
#1912=LINE('',#12023,#3028);
#1913=LINE('',#12025,#3029);
#1914=LINE('',#12026,#3030);
#1915=LINE('',#12029,#3031);
#1916=LINE('',#12031,#3032);
#1917=LINE('',#12032,#3033);
#1918=LINE('',#12035,#3034);
#1919=LINE('',#12037,#3035);
#1920=LINE('',#12038,#3036);
#1921=LINE('',#12040,#3037);
#1922=LINE('',#12041,#3038);
#1923=LINE('',#12045,#3039);
#1924=LINE('',#12047,#3040);
#1925=LINE('',#12049,#3041);
#1926=LINE('',#12050,#3042);
#1927=LINE('',#12053,#3043);
#1928=LINE('',#12055,#3044);
#1929=LINE('',#12056,#3045);
#1930=LINE('',#12059,#3046);
#1931=LINE('',#12061,#3047);
#1932=LINE('',#12062,#3048);
#1933=LINE('',#12064,#3049);
#1934=LINE('',#12065,#3050);
#1935=LINE('',#12069,#3051);
#1936=LINE('',#12071,#3052);
#1937=LINE('',#12073,#3053);
#1938=LINE('',#12074,#3054);
#1939=LINE('',#12077,#3055);
#1940=LINE('',#12079,#3056);
#1941=LINE('',#12080,#3057);
#1942=LINE('',#12083,#3058);
#1943=LINE('',#12085,#3059);
#1944=LINE('',#12086,#3060);
#1945=LINE('',#12088,#3061);
#1946=LINE('',#12089,#3062);
#1947=LINE('',#12093,#3063);
#1948=LINE('',#12095,#3064);
#1949=LINE('',#12097,#3065);
#1950=LINE('',#12098,#3066);
#1951=LINE('',#12101,#3067);
#1952=LINE('',#12103,#3068);
#1953=LINE('',#12104,#3069);
#1954=LINE('',#12107,#3070);
#1955=LINE('',#12109,#3071);
#1956=LINE('',#12110,#3072);
#1957=LINE('',#12112,#3073);
#1958=LINE('',#12113,#3074);
#1959=LINE('',#12117,#3075);
#1960=LINE('',#12119,#3076);
#1961=LINE('',#12121,#3077);
#1962=LINE('',#12122,#3078);
#1963=LINE('',#12125,#3079);
#1964=LINE('',#12127,#3080);
#1965=LINE('',#12128,#3081);
#1966=LINE('',#12131,#3082);
#1967=LINE('',#12133,#3083);
#1968=LINE('',#12134,#3084);
#1969=LINE('',#12136,#3085);
#1970=LINE('',#12137,#3086);
#1971=LINE('',#12141,#3087);
#1972=LINE('',#12143,#3088);
#1973=LINE('',#12145,#3089);
#1974=LINE('',#12146,#3090);
#1975=LINE('',#12149,#3091);
#1976=LINE('',#12151,#3092);
#1977=LINE('',#12152,#3093);
#1978=LINE('',#12155,#3094);
#1979=LINE('',#12157,#3095);
#1980=LINE('',#12158,#3096);
#1981=LINE('',#12160,#3097);
#1982=LINE('',#12161,#3098);
#1983=LINE('',#12165,#3099);
#1984=LINE('',#12167,#3100);
#1985=LINE('',#12169,#3101);
#1986=LINE('',#12170,#3102);
#1987=LINE('',#12173,#3103);
#1988=LINE('',#12175,#3104);
#1989=LINE('',#12176,#3105);
#1990=LINE('',#12179,#3106);
#1991=LINE('',#12181,#3107);
#1992=LINE('',#12182,#3108);
#1993=LINE('',#12184,#3109);
#1994=LINE('',#12185,#3110);
#1995=LINE('',#12189,#3111);
#1996=LINE('',#12191,#3112);
#1997=LINE('',#12193,#3113);
#1998=LINE('',#12194,#3114);
#1999=LINE('',#12197,#3115);
#2000=LINE('',#12199,#3116);
#2001=LINE('',#12200,#3117);
#2002=LINE('',#12203,#3118);
#2003=LINE('',#12205,#3119);
#2004=LINE('',#12206,#3120);
#2005=LINE('',#12208,#3121);
#2006=LINE('',#12209,#3122);
#2007=LINE('',#12213,#3123);
#2008=LINE('',#12215,#3124);
#2009=LINE('',#12217,#3125);
#2010=LINE('',#12218,#3126);
#2011=LINE('',#12221,#3127);
#2012=LINE('',#12223,#3128);
#2013=LINE('',#12224,#3129);
#2014=LINE('',#12227,#3130);
#2015=LINE('',#12229,#3131);
#2016=LINE('',#12230,#3132);
#2017=LINE('',#12232,#3133);
#2018=LINE('',#12233,#3134);
#2019=LINE('',#12237,#3135);
#2020=LINE('',#12239,#3136);
#2021=LINE('',#12241,#3137);
#2022=LINE('',#12242,#3138);
#2023=LINE('',#12245,#3139);
#2024=LINE('',#12247,#3140);
#2025=LINE('',#12248,#3141);
#2026=LINE('',#12251,#3142);
#2027=LINE('',#12253,#3143);
#2028=LINE('',#12254,#3144);
#2029=LINE('',#12256,#3145);
#2030=LINE('',#12257,#3146);
#2031=LINE('',#12261,#3147);
#2032=LINE('',#12263,#3148);
#2033=LINE('',#12265,#3149);
#2034=LINE('',#12266,#3150);
#2035=LINE('',#12269,#3151);
#2036=LINE('',#12271,#3152);
#2037=LINE('',#12272,#3153);
#2038=LINE('',#12275,#3154);
#2039=LINE('',#12277,#3155);
#2040=LINE('',#12278,#3156);
#2041=LINE('',#12280,#3157);
#2042=LINE('',#12281,#3158);
#2043=LINE('',#12285,#3159);
#2044=LINE('',#12287,#3160);
#2045=LINE('',#12289,#3161);
#2046=LINE('',#12290,#3162);
#2047=LINE('',#12293,#3163);
#2048=LINE('',#12295,#3164);
#2049=LINE('',#12296,#3165);
#2050=LINE('',#12299,#3166);
#2051=LINE('',#12301,#3167);
#2052=LINE('',#12302,#3168);
#2053=LINE('',#12304,#3169);
#2054=LINE('',#12305,#3170);
#2055=LINE('',#12309,#3171);
#2056=LINE('',#12311,#3172);
#2057=LINE('',#12313,#3173);
#2058=LINE('',#12314,#3174);
#2059=LINE('',#12317,#3175);
#2060=LINE('',#12319,#3176);
#2061=LINE('',#12320,#3177);
#2062=LINE('',#12323,#3178);
#2063=LINE('',#12325,#3179);
#2064=LINE('',#12326,#3180);
#2065=LINE('',#12328,#3181);
#2066=LINE('',#12329,#3182);
#2067=LINE('',#12333,#3183);
#2068=LINE('',#12335,#3184);
#2069=LINE('',#12337,#3185);
#2070=LINE('',#12338,#3186);
#2071=LINE('',#12341,#3187);
#2072=LINE('',#12343,#3188);
#2073=LINE('',#12344,#3189);
#2074=LINE('',#12347,#3190);
#2075=LINE('',#12349,#3191);
#2076=LINE('',#12350,#3192);
#2077=LINE('',#12352,#3193);
#2078=LINE('',#12353,#3194);
#2079=LINE('',#12357,#3195);
#2080=LINE('',#12359,#3196);
#2081=LINE('',#12361,#3197);
#2082=LINE('',#12362,#3198);
#2083=LINE('',#12365,#3199);
#2084=LINE('',#12367,#3200);
#2085=LINE('',#12368,#3201);
#2086=LINE('',#12371,#3202);
#2087=LINE('',#12373,#3203);
#2088=LINE('',#12374,#3204);
#2089=LINE('',#12376,#3205);
#2090=LINE('',#12377,#3206);
#2091=LINE('',#12381,#3207);
#2092=LINE('',#12383,#3208);
#2093=LINE('',#12385,#3209);
#2094=LINE('',#12386,#3210);
#2095=LINE('',#12389,#3211);
#2096=LINE('',#12391,#3212);
#2097=LINE('',#12392,#3213);
#2098=LINE('',#12395,#3214);
#2099=LINE('',#12397,#3215);
#2100=LINE('',#12398,#3216);
#2101=LINE('',#12400,#3217);
#2102=LINE('',#12401,#3218);
#2103=LINE('',#12405,#3219);
#2104=LINE('',#12407,#3220);
#2105=LINE('',#12409,#3221);
#2106=LINE('',#12410,#3222);
#2107=LINE('',#12413,#3223);
#2108=LINE('',#12415,#3224);
#2109=LINE('',#12416,#3225);
#2110=LINE('',#12419,#3226);
#2111=LINE('',#12421,#3227);
#2112=LINE('',#12422,#3228);
#2113=LINE('',#12424,#3229);
#2114=LINE('',#12425,#3230);
#2115=LINE('',#12429,#3231);
#2116=LINE('',#12431,#3232);
#2117=LINE('',#12433,#3233);
#2118=LINE('',#12434,#3234);
#2119=LINE('',#12437,#3235);
#2120=LINE('',#12439,#3236);
#2121=LINE('',#12440,#3237);
#2122=LINE('',#12443,#3238);
#2123=LINE('',#12445,#3239);
#2124=LINE('',#12446,#3240);
#2125=LINE('',#12448,#3241);
#2126=LINE('',#12449,#3242);
#2127=LINE('',#12453,#3243);
#2128=LINE('',#12455,#3244);
#2129=LINE('',#12457,#3245);
#2130=LINE('',#12458,#3246);
#2131=LINE('',#12461,#3247);
#2132=LINE('',#12463,#3248);
#2133=LINE('',#12464,#3249);
#2134=LINE('',#12467,#3250);
#2135=LINE('',#12469,#3251);
#2136=LINE('',#12470,#3252);
#2137=LINE('',#12472,#3253);
#2138=LINE('',#12473,#3254);
#2139=LINE('',#12477,#3255);
#2140=LINE('',#12479,#3256);
#2141=LINE('',#12481,#3257);
#2142=LINE('',#12482,#3258);
#2143=LINE('',#12485,#3259);
#2144=LINE('',#12487,#3260);
#2145=LINE('',#12488,#3261);
#2146=LINE('',#12491,#3262);
#2147=LINE('',#12493,#3263);
#2148=LINE('',#12494,#3264);
#2149=LINE('',#12496,#3265);
#2150=LINE('',#12497,#3266);
#2151=LINE('',#12501,#3267);
#2152=LINE('',#12503,#3268);
#2153=LINE('',#12505,#3269);
#2154=LINE('',#12506,#3270);
#2155=LINE('',#12509,#3271);
#2156=LINE('',#12511,#3272);
#2157=LINE('',#12512,#3273);
#2158=LINE('',#12515,#3274);
#2159=LINE('',#12517,#3275);
#2160=LINE('',#12518,#3276);
#2161=LINE('',#12520,#3277);
#2162=LINE('',#12521,#3278);
#2163=LINE('',#12525,#3279);
#2164=LINE('',#12527,#3280);
#2165=LINE('',#12529,#3281);
#2166=LINE('',#12530,#3282);
#2167=LINE('',#12533,#3283);
#2168=LINE('',#12535,#3284);
#2169=LINE('',#12536,#3285);
#2170=LINE('',#12539,#3286);
#2171=LINE('',#12541,#3287);
#2172=LINE('',#12542,#3288);
#2173=LINE('',#12544,#3289);
#2174=LINE('',#12545,#3290);
#2175=LINE('',#12549,#3291);
#2176=LINE('',#12551,#3292);
#2177=LINE('',#12553,#3293);
#2178=LINE('',#12554,#3294);
#2179=LINE('',#12557,#3295);
#2180=LINE('',#12559,#3296);
#2181=LINE('',#12560,#3297);
#2182=LINE('',#12563,#3298);
#2183=LINE('',#12565,#3299);
#2184=LINE('',#12566,#3300);
#2185=LINE('',#12568,#3301);
#2186=LINE('',#12569,#3302);
#2187=LINE('',#12573,#3303);
#2188=LINE('',#12575,#3304);
#2189=LINE('',#12577,#3305);
#2190=LINE('',#12578,#3306);
#2191=LINE('',#12581,#3307);
#2192=LINE('',#12583,#3308);
#2193=LINE('',#12584,#3309);
#2194=LINE('',#12587,#3310);
#2195=LINE('',#12589,#3311);
#2196=LINE('',#12590,#3312);
#2197=LINE('',#12592,#3313);
#2198=LINE('',#12593,#3314);
#2199=LINE('',#12597,#3315);
#2200=LINE('',#12599,#3316);
#2201=LINE('',#12601,#3317);
#2202=LINE('',#12602,#3318);
#2203=LINE('',#12605,#3319);
#2204=LINE('',#12607,#3320);
#2205=LINE('',#12608,#3321);
#2206=LINE('',#12611,#3322);
#2207=LINE('',#12613,#3323);
#2208=LINE('',#12614,#3324);
#2209=LINE('',#12616,#3325);
#2210=LINE('',#12617,#3326);
#2211=LINE('',#12621,#3327);
#2212=LINE('',#12623,#3328);
#2213=LINE('',#12625,#3329);
#2214=LINE('',#12626,#3330);
#2215=LINE('',#12629,#3331);
#2216=LINE('',#12631,#3332);
#2217=LINE('',#12632,#3333);
#2218=LINE('',#12635,#3334);
#2219=LINE('',#12637,#3335);
#2220=LINE('',#12638,#3336);
#2221=LINE('',#12640,#3337);
#2222=LINE('',#12641,#3338);
#2223=LINE('',#12645,#3339);
#2224=LINE('',#12647,#3340);
#2225=LINE('',#12649,#3341);
#2226=LINE('',#12650,#3342);
#2227=LINE('',#12653,#3343);
#2228=LINE('',#12655,#3344);
#2229=LINE('',#12656,#3345);
#2230=LINE('',#12659,#3346);
#2231=LINE('',#12661,#3347);
#2232=LINE('',#12662,#3348);
#2233=LINE('',#12664,#3349);
#2234=LINE('',#12665,#3350);
#2235=LINE('',#12669,#3351);
#2236=LINE('',#12671,#3352);
#2237=LINE('',#12673,#3353);
#2238=LINE('',#12674,#3354);
#2239=LINE('',#12677,#3355);
#2240=LINE('',#12679,#3356);
#2241=LINE('',#12680,#3357);
#2242=LINE('',#12683,#3358);
#2243=LINE('',#12685,#3359);
#2244=LINE('',#12686,#3360);
#2245=LINE('',#12688,#3361);
#2246=LINE('',#12689,#3362);
#2247=VECTOR('',#8595,10.);
#2248=VECTOR('',#8596,10.);
#2249=VECTOR('',#8597,10.);
#2250=VECTOR('',#8598,10.);
#2251=VECTOR('',#8601,10.);
#2252=VECTOR('',#8602,10.);
#2253=VECTOR('',#8603,10.);
#2254=VECTOR('',#8606,10.);
#2255=VECTOR('',#8607,10.);
#2256=VECTOR('',#8608,10.);
#2257=VECTOR('',#8611,10.);
#2258=VECTOR('',#8612,10.);
#2259=VECTOR('',#8615,10.);
#2260=VECTOR('',#8616,10.);
#2261=VECTOR('',#8617,10.);
#2262=VECTOR('',#8618,10.);
#2263=VECTOR('',#8621,10.);
#2264=VECTOR('',#8622,10.);
#2265=VECTOR('',#8623,10.);
#2266=VECTOR('',#8626,10.);
#2267=VECTOR('',#8627,10.);
#2268=VECTOR('',#8628,10.);
#2269=VECTOR('',#8631,10.);
#2270=VECTOR('',#8632,10.);
#2271=VECTOR('',#8635,10.);
#2272=VECTOR('',#8636,10.);
#2273=VECTOR('',#8637,10.);
#2274=VECTOR('',#8638,10.);
#2275=VECTOR('',#8641,10.);
#2276=VECTOR('',#8642,10.);
#2277=VECTOR('',#8643,10.);
#2278=VECTOR('',#8646,10.);
#2279=VECTOR('',#8647,10.);
#2280=VECTOR('',#8648,10.);
#2281=VECTOR('',#8651,10.);
#2282=VECTOR('',#8652,10.);
#2283=VECTOR('',#8655,10.);
#2284=VECTOR('',#8656,10.);
#2285=VECTOR('',#8657,10.);
#2286=VECTOR('',#8658,10.);
#2287=VECTOR('',#8661,10.);
#2288=VECTOR('',#8662,10.);
#2289=VECTOR('',#8663,10.);
#2290=VECTOR('',#8666,10.);
#2291=VECTOR('',#8667,10.);
#2292=VECTOR('',#8668,10.);
#2293=VECTOR('',#8671,10.);
#2294=VECTOR('',#8672,10.);
#2295=VECTOR('',#8675,10.);
#2296=VECTOR('',#8676,10.);
#2297=VECTOR('',#8677,10.);
#2298=VECTOR('',#8678,10.);
#2299=VECTOR('',#8681,10.);
#2300=VECTOR('',#8682,10.);
#2301=VECTOR('',#8683,10.);
#2302=VECTOR('',#8686,10.);
#2303=VECTOR('',#8687,10.);
#2304=VECTOR('',#8688,10.);
#2305=VECTOR('',#8691,10.);
#2306=VECTOR('',#8692,10.);
#2307=VECTOR('',#8695,10.);
#2308=VECTOR('',#8696,10.);
#2309=VECTOR('',#8697,10.);
#2310=VECTOR('',#8698,10.);
#2311=VECTOR('',#8701,10.);
#2312=VECTOR('',#8702,10.);
#2313=VECTOR('',#8703,10.);
#2314=VECTOR('',#8706,10.);
#2315=VECTOR('',#8707,10.);
#2316=VECTOR('',#8708,10.);
#2317=VECTOR('',#8711,10.);
#2318=VECTOR('',#8712,10.);
#2319=VECTOR('',#8715,10.);
#2320=VECTOR('',#8716,10.);
#2321=VECTOR('',#8717,10.);
#2322=VECTOR('',#8718,10.);
#2323=VECTOR('',#8721,10.);
#2324=VECTOR('',#8722,10.);
#2325=VECTOR('',#8723,10.);
#2326=VECTOR('',#8726,10.);
#2327=VECTOR('',#8727,10.);
#2328=VECTOR('',#8728,10.);
#2329=VECTOR('',#8731,10.);
#2330=VECTOR('',#8732,10.);
#2331=VECTOR('',#8735,10.);
#2332=VECTOR('',#8736,10.);
#2333=VECTOR('',#8737,10.);
#2334=VECTOR('',#8738,10.);
#2335=VECTOR('',#8741,10.);
#2336=VECTOR('',#8742,10.);
#2337=VECTOR('',#8743,10.);
#2338=VECTOR('',#8746,10.);
#2339=VECTOR('',#8747,10.);
#2340=VECTOR('',#8748,10.);
#2341=VECTOR('',#8751,10.);
#2342=VECTOR('',#8752,10.);
#2343=VECTOR('',#8755,10.);
#2344=VECTOR('',#8756,10.);
#2345=VECTOR('',#8757,10.);
#2346=VECTOR('',#8758,10.);
#2347=VECTOR('',#8761,10.);
#2348=VECTOR('',#8762,10.);
#2349=VECTOR('',#8763,10.);
#2350=VECTOR('',#8766,10.);
#2351=VECTOR('',#8767,10.);
#2352=VECTOR('',#8768,10.);
#2353=VECTOR('',#8771,10.);
#2354=VECTOR('',#8772,10.);
#2355=VECTOR('',#8775,10.);
#2356=VECTOR('',#8776,10.);
#2357=VECTOR('',#8777,10.);
#2358=VECTOR('',#8778,10.);
#2359=VECTOR('',#8781,10.);
#2360=VECTOR('',#8782,10.);
#2361=VECTOR('',#8783,10.);
#2362=VECTOR('',#8786,10.);
#2363=VECTOR('',#8787,10.);
#2364=VECTOR('',#8788,10.);
#2365=VECTOR('',#8791,10.);
#2366=VECTOR('',#8792,10.);
#2367=VECTOR('',#8795,10.);
#2368=VECTOR('',#8796,10.);
#2369=VECTOR('',#8797,10.);
#2370=VECTOR('',#8798,10.);
#2371=VECTOR('',#8801,10.);
#2372=VECTOR('',#8802,10.);
#2373=VECTOR('',#8803,10.);
#2374=VECTOR('',#8806,10.);
#2375=VECTOR('',#8807,10.);
#2376=VECTOR('',#8808,10.);
#2377=VECTOR('',#8811,10.);
#2378=VECTOR('',#8812,10.);
#2379=VECTOR('',#8815,10.);
#2380=VECTOR('',#8816,10.);
#2381=VECTOR('',#8817,10.);
#2382=VECTOR('',#8818,10.);
#2383=VECTOR('',#8821,10.);
#2384=VECTOR('',#8822,10.);
#2385=VECTOR('',#8823,10.);
#2386=VECTOR('',#8826,10.);
#2387=VECTOR('',#8827,10.);
#2388=VECTOR('',#8828,10.);
#2389=VECTOR('',#8831,10.);
#2390=VECTOR('',#8832,10.);
#2391=VECTOR('',#8835,10.);
#2392=VECTOR('',#8836,10.);
#2393=VECTOR('',#8837,10.);
#2394=VECTOR('',#8838,10.);
#2395=VECTOR('',#8841,10.);
#2396=VECTOR('',#8842,10.);
#2397=VECTOR('',#8843,10.);
#2398=VECTOR('',#8846,10.);
#2399=VECTOR('',#8847,10.);
#2400=VECTOR('',#8848,10.);
#2401=VECTOR('',#8851,10.);
#2402=VECTOR('',#8852,10.);
#2403=VECTOR('',#8855,10.);
#2404=VECTOR('',#8856,10.);
#2405=VECTOR('',#8857,10.);
#2406=VECTOR('',#8858,10.);
#2407=VECTOR('',#8861,10.);
#2408=VECTOR('',#8862,10.);
#2409=VECTOR('',#8863,10.);
#2410=VECTOR('',#8866,10.);
#2411=VECTOR('',#8867,10.);
#2412=VECTOR('',#8868,10.);
#2413=VECTOR('',#8871,10.);
#2414=VECTOR('',#8872,10.);
#2415=VECTOR('',#8875,10.);
#2416=VECTOR('',#8876,10.);
#2417=VECTOR('',#8877,10.);
#2418=VECTOR('',#8878,10.);
#2419=VECTOR('',#8881,10.);
#2420=VECTOR('',#8882,10.);
#2421=VECTOR('',#8883,10.);
#2422=VECTOR('',#8886,10.);
#2423=VECTOR('',#8887,10.);
#2424=VECTOR('',#8888,10.);
#2425=VECTOR('',#8891,10.);
#2426=VECTOR('',#8892,10.);
#2427=VECTOR('',#8895,10.);
#2428=VECTOR('',#8896,10.);
#2429=VECTOR('',#8897,10.);
#2430=VECTOR('',#8898,10.);
#2431=VECTOR('',#8901,10.);
#2432=VECTOR('',#8902,10.);
#2433=VECTOR('',#8903,10.);
#2434=VECTOR('',#8906,10.);
#2435=VECTOR('',#8907,10.);
#2436=VECTOR('',#8908,10.);
#2437=VECTOR('',#8911,10.);
#2438=VECTOR('',#8912,10.);
#2439=VECTOR('',#8915,10.);
#2440=VECTOR('',#8916,10.);
#2441=VECTOR('',#8917,10.);
#2442=VECTOR('',#8918,10.);
#2443=VECTOR('',#8921,10.);
#2444=VECTOR('',#8922,10.);
#2445=VECTOR('',#8923,10.);
#2446=VECTOR('',#8926,10.);
#2447=VECTOR('',#8927,10.);
#2448=VECTOR('',#8928,10.);
#2449=VECTOR('',#8931,10.);
#2450=VECTOR('',#8932,10.);
#2451=VECTOR('',#8935,10.);
#2452=VECTOR('',#8936,10.);
#2453=VECTOR('',#8937,10.);
#2454=VECTOR('',#8938,10.);
#2455=VECTOR('',#8941,10.);
#2456=VECTOR('',#8942,10.);
#2457=VECTOR('',#8943,10.);
#2458=VECTOR('',#8946,10.);
#2459=VECTOR('',#8947,10.);
#2460=VECTOR('',#8948,10.);
#2461=VECTOR('',#8951,10.);
#2462=VECTOR('',#8952,10.);
#2463=VECTOR('',#8955,10.);
#2464=VECTOR('',#8956,10.);
#2465=VECTOR('',#8957,10.);
#2466=VECTOR('',#8958,10.);
#2467=VECTOR('',#8961,10.);
#2468=VECTOR('',#8962,10.);
#2469=VECTOR('',#8963,10.);
#2470=VECTOR('',#8966,10.);
#2471=VECTOR('',#8967,10.);
#2472=VECTOR('',#8968,10.);
#2473=VECTOR('',#8971,10.);
#2474=VECTOR('',#8972,10.);
#2475=VECTOR('',#8975,10.);
#2476=VECTOR('',#8976,10.);
#2477=VECTOR('',#8977,10.);
#2478=VECTOR('',#8978,10.);
#2479=VECTOR('',#8981,10.);
#2480=VECTOR('',#8982,10.);
#2481=VECTOR('',#8983,10.);
#2482=VECTOR('',#8986,10.);
#2483=VECTOR('',#8987,10.);
#2484=VECTOR('',#8988,10.);
#2485=VECTOR('',#8991,10.);
#2486=VECTOR('',#8992,10.);
#2487=VECTOR('',#8995,10.);
#2488=VECTOR('',#8996,10.);
#2489=VECTOR('',#8997,10.);
#2490=VECTOR('',#8998,10.);
#2491=VECTOR('',#9001,10.);
#2492=VECTOR('',#9002,10.);
#2493=VECTOR('',#9003,10.);
#2494=VECTOR('',#9006,10.);
#2495=VECTOR('',#9007,10.);
#2496=VECTOR('',#9008,10.);
#2497=VECTOR('',#9011,10.);
#2498=VECTOR('',#9012,10.);
#2499=VECTOR('',#9015,10.);
#2500=VECTOR('',#9016,10.);
#2501=VECTOR('',#9017,10.);
#2502=VECTOR('',#9018,10.);
#2503=VECTOR('',#9021,10.);
#2504=VECTOR('',#9022,10.);
#2505=VECTOR('',#9023,10.);
#2506=VECTOR('',#9026,10.);
#2507=VECTOR('',#9027,10.);
#2508=VECTOR('',#9028,10.);
#2509=VECTOR('',#9031,10.);
#2510=VECTOR('',#9032,10.);
#2511=VECTOR('',#9035,10.);
#2512=VECTOR('',#9036,10.);
#2513=VECTOR('',#9037,10.);
#2514=VECTOR('',#9038,10.);
#2515=VECTOR('',#9041,10.);
#2516=VECTOR('',#9042,10.);
#2517=VECTOR('',#9043,10.);
#2518=VECTOR('',#9046,10.);
#2519=VECTOR('',#9047,10.);
#2520=VECTOR('',#9048,10.);
#2521=VECTOR('',#9051,10.);
#2522=VECTOR('',#9052,10.);
#2523=VECTOR('',#9055,10.);
#2524=VECTOR('',#9056,10.);
#2525=VECTOR('',#9057,10.);
#2526=VECTOR('',#9058,10.);
#2527=VECTOR('',#9061,10.);
#2528=VECTOR('',#9062,10.);
#2529=VECTOR('',#9063,10.);
#2530=VECTOR('',#9066,10.);
#2531=VECTOR('',#9067,10.);
#2532=VECTOR('',#9068,10.);
#2533=VECTOR('',#9071,10.);
#2534=VECTOR('',#9072,10.);
#2535=VECTOR('',#9075,10.);
#2536=VECTOR('',#9076,10.);
#2537=VECTOR('',#9077,10.);
#2538=VECTOR('',#9078,10.);
#2539=VECTOR('',#9081,10.);
#2540=VECTOR('',#9082,10.);
#2541=VECTOR('',#9083,10.);
#2542=VECTOR('',#9086,10.);
#2543=VECTOR('',#9087,10.);
#2544=VECTOR('',#9088,10.);
#2545=VECTOR('',#9091,10.);
#2546=VECTOR('',#9092,10.);
#2547=VECTOR('',#9095,10.);
#2548=VECTOR('',#9096,10.);
#2549=VECTOR('',#9097,10.);
#2550=VECTOR('',#9098,10.);
#2551=VECTOR('',#9101,10.);
#2552=VECTOR('',#9102,10.);
#2553=VECTOR('',#9103,10.);
#2554=VECTOR('',#9106,10.);
#2555=VECTOR('',#9107,10.);
#2556=VECTOR('',#9108,10.);
#2557=VECTOR('',#9111,10.);
#2558=VECTOR('',#9112,10.);
#2559=VECTOR('',#9115,10.);
#2560=VECTOR('',#9116,10.);
#2561=VECTOR('',#9117,10.);
#2562=VECTOR('',#9118,10.);
#2563=VECTOR('',#9121,10.);
#2564=VECTOR('',#9122,10.);
#2565=VECTOR('',#9123,10.);
#2566=VECTOR('',#9126,10.);
#2567=VECTOR('',#9127,10.);
#2568=VECTOR('',#9128,10.);
#2569=VECTOR('',#9131,10.);
#2570=VECTOR('',#9132,10.);
#2571=VECTOR('',#9135,10.);
#2572=VECTOR('',#9136,10.);
#2573=VECTOR('',#9137,10.);
#2574=VECTOR('',#9138,10.);
#2575=VECTOR('',#9141,10.);
#2576=VECTOR('',#9142,10.);
#2577=VECTOR('',#9143,10.);
#2578=VECTOR('',#9146,10.);
#2579=VECTOR('',#9147,10.);
#2580=VECTOR('',#9148,10.);
#2581=VECTOR('',#9151,10.);
#2582=VECTOR('',#9152,10.);
#2583=VECTOR('',#9155,10.);
#2584=VECTOR('',#9156,10.);
#2585=VECTOR('',#9157,10.);
#2586=VECTOR('',#9158,10.);
#2587=VECTOR('',#9161,10.);
#2588=VECTOR('',#9162,10.);
#2589=VECTOR('',#9163,10.);
#2590=VECTOR('',#9166,10.);
#2591=VECTOR('',#9167,10.);
#2592=VECTOR('',#9168,10.);
#2593=VECTOR('',#9171,10.);
#2594=VECTOR('',#9172,10.);
#2595=VECTOR('',#9175,10.);
#2596=VECTOR('',#9176,10.);
#2597=VECTOR('',#9177,10.);
#2598=VECTOR('',#9178,10.);
#2599=VECTOR('',#9181,10.);
#2600=VECTOR('',#9182,10.);
#2601=VECTOR('',#9183,10.);
#2602=VECTOR('',#9186,10.);
#2603=VECTOR('',#9187,10.);
#2604=VECTOR('',#9188,10.);
#2605=VECTOR('',#9191,10.);
#2606=VECTOR('',#9192,10.);
#2607=VECTOR('',#9195,10.);
#2608=VECTOR('',#9196,10.);
#2609=VECTOR('',#9197,10.);
#2610=VECTOR('',#9198,10.);
#2611=VECTOR('',#9201,10.);
#2612=VECTOR('',#9202,10.);
#2613=VECTOR('',#9203,10.);
#2614=VECTOR('',#9206,10.);
#2615=VECTOR('',#9207,10.);
#2616=VECTOR('',#9208,10.);
#2617=VECTOR('',#9211,10.);
#2618=VECTOR('',#9212,10.);
#2619=VECTOR('',#9215,10.);
#2620=VECTOR('',#9216,10.);
#2621=VECTOR('',#9217,10.);
#2622=VECTOR('',#9218,10.);
#2623=VECTOR('',#9221,10.);
#2624=VECTOR('',#9222,10.);
#2625=VECTOR('',#9223,10.);
#2626=VECTOR('',#9226,10.);
#2627=VECTOR('',#9227,10.);
#2628=VECTOR('',#9228,10.);
#2629=VECTOR('',#9231,10.);
#2630=VECTOR('',#9232,10.);
#2631=VECTOR('',#9235,10.);
#2632=VECTOR('',#9236,10.);
#2633=VECTOR('',#9237,10.);
#2634=VECTOR('',#9238,10.);
#2635=VECTOR('',#9241,10.);
#2636=VECTOR('',#9242,10.);
#2637=VECTOR('',#9243,10.);
#2638=VECTOR('',#9246,10.);
#2639=VECTOR('',#9247,10.);
#2640=VECTOR('',#9248,10.);
#2641=VECTOR('',#9251,10.);
#2642=VECTOR('',#9252,10.);
#2643=VECTOR('',#9255,10.);
#2644=VECTOR('',#9256,10.);
#2645=VECTOR('',#9257,10.);
#2646=VECTOR('',#9258,10.);
#2647=VECTOR('',#9261,10.);
#2648=VECTOR('',#9262,10.);
#2649=VECTOR('',#9263,10.);
#2650=VECTOR('',#9266,10.);
#2651=VECTOR('',#9267,10.);
#2652=VECTOR('',#9268,10.);
#2653=VECTOR('',#9271,10.);
#2654=VECTOR('',#9272,10.);
#2655=VECTOR('',#9275,10.);
#2656=VECTOR('',#9276,10.);
#2657=VECTOR('',#9277,10.);
#2658=VECTOR('',#9278,10.);
#2659=VECTOR('',#9281,10.);
#2660=VECTOR('',#9282,10.);
#2661=VECTOR('',#9283,10.);
#2662=VECTOR('',#9286,10.);
#2663=VECTOR('',#9287,10.);
#2664=VECTOR('',#9288,10.);
#2665=VECTOR('',#9291,10.);
#2666=VECTOR('',#9292,10.);
#2667=VECTOR('',#9295,10.);
#2668=VECTOR('',#9296,10.);
#2669=VECTOR('',#9297,10.);
#2670=VECTOR('',#9298,10.);
#2671=VECTOR('',#9301,10.);
#2672=VECTOR('',#9302,10.);
#2673=VECTOR('',#9303,10.);
#2674=VECTOR('',#9306,10.);
#2675=VECTOR('',#9307,10.);
#2676=VECTOR('',#9308,10.);
#2677=VECTOR('',#9311,10.);
#2678=VECTOR('',#9312,10.);
#2679=VECTOR('',#9315,10.);
#2680=VECTOR('',#9316,10.);
#2681=VECTOR('',#9317,10.);
#2682=VECTOR('',#9318,10.);
#2683=VECTOR('',#9321,10.);
#2684=VECTOR('',#9322,10.);
#2685=VECTOR('',#9323,10.);
#2686=VECTOR('',#9326,10.);
#2687=VECTOR('',#9327,10.);
#2688=VECTOR('',#9328,10.);
#2689=VECTOR('',#9331,10.);
#2690=VECTOR('',#9332,10.);
#2691=VECTOR('',#9335,10.);
#2692=VECTOR('',#9336,10.);
#2693=VECTOR('',#9337,10.);
#2694=VECTOR('',#9338,10.);
#2695=VECTOR('',#9341,10.);
#2696=VECTOR('',#9342,10.);
#2697=VECTOR('',#9343,10.);
#2698=VECTOR('',#9346,10.);
#2699=VECTOR('',#9347,10.);
#2700=VECTOR('',#9348,10.);
#2701=VECTOR('',#9351,10.);
#2702=VECTOR('',#9352,10.);
#2703=VECTOR('',#9355,10.);
#2704=VECTOR('',#9356,10.);
#2705=VECTOR('',#9357,10.);
#2706=VECTOR('',#9358,10.);
#2707=VECTOR('',#9361,10.);
#2708=VECTOR('',#9362,10.);
#2709=VECTOR('',#9363,10.);
#2710=VECTOR('',#9366,10.);
#2711=VECTOR('',#9367,10.);
#2712=VECTOR('',#9368,10.);
#2713=VECTOR('',#9371,10.);
#2714=VECTOR('',#9372,10.);
#2715=VECTOR('',#9375,10.);
#2716=VECTOR('',#9376,10.);
#2717=VECTOR('',#9377,10.);
#2718=VECTOR('',#9378,10.);
#2719=VECTOR('',#9381,10.);
#2720=VECTOR('',#9382,10.);
#2721=VECTOR('',#9383,10.);
#2722=VECTOR('',#9386,10.);
#2723=VECTOR('',#9387,10.);
#2724=VECTOR('',#9388,10.);
#2725=VECTOR('',#9391,10.);
#2726=VECTOR('',#9392,10.);
#2727=VECTOR('',#9395,10.);
#2728=VECTOR('',#9396,10.);
#2729=VECTOR('',#9397,10.);
#2730=VECTOR('',#9398,10.);
#2731=VECTOR('',#9401,10.);
#2732=VECTOR('',#9402,10.);
#2733=VECTOR('',#9403,10.);
#2734=VECTOR('',#9406,10.);
#2735=VECTOR('',#9407,10.);
#2736=VECTOR('',#9408,10.);
#2737=VECTOR('',#9411,10.);
#2738=VECTOR('',#9412,10.);
#2739=VECTOR('',#9415,10.);
#2740=VECTOR('',#9416,10.);
#2741=VECTOR('',#9417,10.);
#2742=VECTOR('',#9418,10.);
#2743=VECTOR('',#9421,10.);
#2744=VECTOR('',#9422,10.);
#2745=VECTOR('',#9423,10.);
#2746=VECTOR('',#9426,10.);
#2747=VECTOR('',#9427,10.);
#2748=VECTOR('',#9428,10.);
#2749=VECTOR('',#9431,10.);
#2750=VECTOR('',#9432,10.);
#2751=VECTOR('',#9435,10.);
#2752=VECTOR('',#9436,10.);
#2753=VECTOR('',#9437,10.);
#2754=VECTOR('',#9438,10.);
#2755=VECTOR('',#9441,10.);
#2756=VECTOR('',#9442,10.);
#2757=VECTOR('',#9443,10.);
#2758=VECTOR('',#9446,10.);
#2759=VECTOR('',#9447,10.);
#2760=VECTOR('',#9448,10.);
#2761=VECTOR('',#9451,10.);
#2762=VECTOR('',#9452,10.);
#2763=VECTOR('',#9455,10.);
#2764=VECTOR('',#9456,10.);
#2765=VECTOR('',#9457,10.);
#2766=VECTOR('',#9458,10.);
#2767=VECTOR('',#9461,10.);
#2768=VECTOR('',#9462,10.);
#2769=VECTOR('',#9463,10.);
#2770=VECTOR('',#9466,10.);
#2771=VECTOR('',#9467,10.);
#2772=VECTOR('',#9468,10.);
#2773=VECTOR('',#9471,10.);
#2774=VECTOR('',#9472,10.);
#2775=VECTOR('',#9475,10.);
#2776=VECTOR('',#9476,10.);
#2777=VECTOR('',#9477,10.);
#2778=VECTOR('',#9478,10.);
#2779=VECTOR('',#9481,10.);
#2780=VECTOR('',#9482,10.);
#2781=VECTOR('',#9483,10.);
#2782=VECTOR('',#9486,10.);
#2783=VECTOR('',#9487,10.);
#2784=VECTOR('',#9488,10.);
#2785=VECTOR('',#9491,10.);
#2786=VECTOR('',#9492,10.);
#2787=VECTOR('',#9495,10.);
#2788=VECTOR('',#9496,10.);
#2789=VECTOR('',#9497,10.);
#2790=VECTOR('',#9498,10.);
#2791=VECTOR('',#9501,10.);
#2792=VECTOR('',#9502,10.);
#2793=VECTOR('',#9503,10.);
#2794=VECTOR('',#9506,10.);
#2795=VECTOR('',#9507,10.);
#2796=VECTOR('',#9508,10.);
#2797=VECTOR('',#9511,10.);
#2798=VECTOR('',#9512,10.);
#2799=VECTOR('',#9515,10.);
#2800=VECTOR('',#9516,10.);
#2801=VECTOR('',#9517,10.);
#2802=VECTOR('',#9518,10.);
#2803=VECTOR('',#9521,10.);
#2804=VECTOR('',#9522,10.);
#2805=VECTOR('',#9523,10.);
#2806=VECTOR('',#9526,10.);
#2807=VECTOR('',#9527,10.);
#2808=VECTOR('',#9528,10.);
#2809=VECTOR('',#9531,10.);
#2810=VECTOR('',#9532,10.);
#2811=VECTOR('',#9535,10.);
#2812=VECTOR('',#9536,10.);
#2813=VECTOR('',#9537,10.);
#2814=VECTOR('',#9538,10.);
#2815=VECTOR('',#9541,10.);
#2816=VECTOR('',#9542,10.);
#2817=VECTOR('',#9543,10.);
#2818=VECTOR('',#9546,10.);
#2819=VECTOR('',#9547,10.);
#2820=VECTOR('',#9548,10.);
#2821=VECTOR('',#9551,10.);
#2822=VECTOR('',#9552,10.);
#2823=VECTOR('',#9555,10.);
#2824=VECTOR('',#9556,10.);
#2825=VECTOR('',#9557,10.);
#2826=VECTOR('',#9558,10.);
#2827=VECTOR('',#9561,10.);
#2828=VECTOR('',#9562,10.);
#2829=VECTOR('',#9563,10.);
#2830=VECTOR('',#9566,10.);
#2831=VECTOR('',#9567,10.);
#2832=VECTOR('',#9568,10.);
#2833=VECTOR('',#9571,10.);
#2834=VECTOR('',#9572,10.);
#2835=VECTOR('',#9575,10.);
#2836=VECTOR('',#9576,10.);
#2837=VECTOR('',#9577,10.);
#2838=VECTOR('',#9578,10.);
#2839=VECTOR('',#9581,10.);
#2840=VECTOR('',#9582,10.);
#2841=VECTOR('',#9583,10.);
#2842=VECTOR('',#9586,10.);
#2843=VECTOR('',#9587,10.);
#2844=VECTOR('',#9588,10.);
#2845=VECTOR('',#9591,10.);
#2846=VECTOR('',#9592,10.);
#2847=VECTOR('',#9595,10.);
#2848=VECTOR('',#9596,10.);
#2849=VECTOR('',#9597,10.);
#2850=VECTOR('',#9598,10.);
#2851=VECTOR('',#9601,10.);
#2852=VECTOR('',#9602,10.);
#2853=VECTOR('',#9603,10.);
#2854=VECTOR('',#9606,10.);
#2855=VECTOR('',#9607,10.);
#2856=VECTOR('',#9608,10.);
#2857=VECTOR('',#9611,10.);
#2858=VECTOR('',#9612,10.);
#2859=VECTOR('',#9615,10.);
#2860=VECTOR('',#9616,10.);
#2861=VECTOR('',#9617,10.);
#2862=VECTOR('',#9618,10.);
#2863=VECTOR('',#9621,10.);
#2864=VECTOR('',#9622,10.);
#2865=VECTOR('',#9623,10.);
#2866=VECTOR('',#9626,10.);
#2867=VECTOR('',#9627,10.);
#2868=VECTOR('',#9628,10.);
#2869=VECTOR('',#9631,10.);
#2870=VECTOR('',#9632,10.);
#2871=VECTOR('',#9635,10.);
#2872=VECTOR('',#9636,10.);
#2873=VECTOR('',#9637,10.);
#2874=VECTOR('',#9638,10.);
#2875=VECTOR('',#9641,10.);
#2876=VECTOR('',#9642,10.);
#2877=VECTOR('',#9643,10.);
#2878=VECTOR('',#9646,10.);
#2879=VECTOR('',#9647,10.);
#2880=VECTOR('',#9648,10.);
#2881=VECTOR('',#9651,10.);
#2882=VECTOR('',#9652,10.);
#2883=VECTOR('',#9655,10.);
#2884=VECTOR('',#9656,10.);
#2885=VECTOR('',#9657,10.);
#2886=VECTOR('',#9658,10.);
#2887=VECTOR('',#9661,10.);
#2888=VECTOR('',#9662,10.);
#2889=VECTOR('',#9663,10.);
#2890=VECTOR('',#9666,10.);
#2891=VECTOR('',#9667,10.);
#2892=VECTOR('',#9668,10.);
#2893=VECTOR('',#9671,10.);
#2894=VECTOR('',#9672,10.);
#2895=VECTOR('',#9675,10.);
#2896=VECTOR('',#9676,10.);
#2897=VECTOR('',#9677,10.);
#2898=VECTOR('',#9678,10.);
#2899=VECTOR('',#9681,10.);
#2900=VECTOR('',#9682,10.);
#2901=VECTOR('',#9683,10.);
#2902=VECTOR('',#9686,10.);
#2903=VECTOR('',#9687,10.);
#2904=VECTOR('',#9688,10.);
#2905=VECTOR('',#9691,10.);
#2906=VECTOR('',#9692,10.);
#2907=VECTOR('',#9695,10.);
#2908=VECTOR('',#9696,10.);
#2909=VECTOR('',#9697,10.);
#2910=VECTOR('',#9698,10.);
#2911=VECTOR('',#9701,10.);
#2912=VECTOR('',#9702,10.);
#2913=VECTOR('',#9703,10.);
#2914=VECTOR('',#9706,10.);
#2915=VECTOR('',#9707,10.);
#2916=VECTOR('',#9708,10.);
#2917=VECTOR('',#9711,10.);
#2918=VECTOR('',#9712,10.);
#2919=VECTOR('',#9715,10.);
#2920=VECTOR('',#9716,10.);
#2921=VECTOR('',#9717,10.);
#2922=VECTOR('',#9718,10.);
#2923=VECTOR('',#9721,10.);
#2924=VECTOR('',#9722,10.);
#2925=VECTOR('',#9723,10.);
#2926=VECTOR('',#9726,10.);
#2927=VECTOR('',#9727,10.);
#2928=VECTOR('',#9728,10.);
#2929=VECTOR('',#9731,10.);
#2930=VECTOR('',#9732,10.);
#2931=VECTOR('',#9735,10.);
#2932=VECTOR('',#9736,10.);
#2933=VECTOR('',#9737,10.);
#2934=VECTOR('',#9738,10.);
#2935=VECTOR('',#9741,10.);
#2936=VECTOR('',#9742,10.);
#2937=VECTOR('',#9743,10.);
#2938=VECTOR('',#9746,10.);
#2939=VECTOR('',#9747,10.);
#2940=VECTOR('',#9748,10.);
#2941=VECTOR('',#9751,10.);
#2942=VECTOR('',#9752,10.);
#2943=VECTOR('',#9755,10.);
#2944=VECTOR('',#9756,10.);
#2945=VECTOR('',#9757,10.);
#2946=VECTOR('',#9758,10.);
#2947=VECTOR('',#9761,10.);
#2948=VECTOR('',#9762,10.);
#2949=VECTOR('',#9763,10.);
#2950=VECTOR('',#9766,10.);
#2951=VECTOR('',#9767,10.);
#2952=VECTOR('',#9768,10.);
#2953=VECTOR('',#9771,10.);
#2954=VECTOR('',#9772,10.);
#2955=VECTOR('',#9775,10.);
#2956=VECTOR('',#9776,10.);
#2957=VECTOR('',#9777,10.);
#2958=VECTOR('',#9778,10.);
#2959=VECTOR('',#9781,10.);
#2960=VECTOR('',#9782,10.);
#2961=VECTOR('',#9783,10.);
#2962=VECTOR('',#9786,10.);
#2963=VECTOR('',#9787,10.);
#2964=VECTOR('',#9788,10.);
#2965=VECTOR('',#9791,10.);
#2966=VECTOR('',#9792,10.);
#2967=VECTOR('',#9795,10.);
#2968=VECTOR('',#9796,10.);
#2969=VECTOR('',#9797,10.);
#2970=VECTOR('',#9798,10.);
#2971=VECTOR('',#9801,10.);
#2972=VECTOR('',#9802,10.);
#2973=VECTOR('',#9803,10.);
#2974=VECTOR('',#9806,10.);
#2975=VECTOR('',#9807,10.);
#2976=VECTOR('',#9808,10.);
#2977=VECTOR('',#9811,10.);
#2978=VECTOR('',#9812,10.);
#2979=VECTOR('',#9815,10.);
#2980=VECTOR('',#9816,10.);
#2981=VECTOR('',#9817,10.);
#2982=VECTOR('',#9818,10.);
#2983=VECTOR('',#9821,10.);
#2984=VECTOR('',#9822,10.);
#2985=VECTOR('',#9823,10.);
#2986=VECTOR('',#9826,10.);
#2987=VECTOR('',#9827,10.);
#2988=VECTOR('',#9828,10.);
#2989=VECTOR('',#9831,10.);
#2990=VECTOR('',#9832,10.);
#2991=VECTOR('',#9835,10.);
#2992=VECTOR('',#9836,10.);
#2993=VECTOR('',#9837,10.);
#2994=VECTOR('',#9838,10.);
#2995=VECTOR('',#9841,10.);
#2996=VECTOR('',#9842,10.);
#2997=VECTOR('',#9843,10.);
#2998=VECTOR('',#9846,10.);
#2999=VECTOR('',#9847,10.);
#3000=VECTOR('',#9848,10.);
#3001=VECTOR('',#9851,10.);
#3002=VECTOR('',#9852,10.);
#3003=VECTOR('',#9855,10.);
#3004=VECTOR('',#9856,10.);
#3005=VECTOR('',#9857,10.);
#3006=VECTOR('',#9858,10.);
#3007=VECTOR('',#9861,10.);
#3008=VECTOR('',#9862,10.);
#3009=VECTOR('',#9863,10.);
#3010=VECTOR('',#9866,10.);
#3011=VECTOR('',#9867,10.);
#3012=VECTOR('',#9868,10.);
#3013=VECTOR('',#9871,10.);
#3014=VECTOR('',#9872,10.);
#3015=VECTOR('',#9875,10.);
#3016=VECTOR('',#9876,10.);
#3017=VECTOR('',#9877,10.);
#3018=VECTOR('',#9878,10.);
#3019=VECTOR('',#9881,10.);
#3020=VECTOR('',#9882,10.);
#3021=VECTOR('',#9883,10.);
#3022=VECTOR('',#9886,10.);
#3023=VECTOR('',#9887,10.);
#3024=VECTOR('',#9888,10.);
#3025=VECTOR('',#9891,10.);
#3026=VECTOR('',#9892,10.);
#3027=VECTOR('',#9895,10.);
#3028=VECTOR('',#9896,10.);
#3029=VECTOR('',#9897,10.);
#3030=VECTOR('',#9898,10.);
#3031=VECTOR('',#9901,10.);
#3032=VECTOR('',#9902,10.);
#3033=VECTOR('',#9903,10.);
#3034=VECTOR('',#9906,10.);
#3035=VECTOR('',#9907,10.);
#3036=VECTOR('',#9908,10.);
#3037=VECTOR('',#9911,10.);
#3038=VECTOR('',#9912,10.);
#3039=VECTOR('',#9915,10.);
#3040=VECTOR('',#9916,10.);
#3041=VECTOR('',#9917,10.);
#3042=VECTOR('',#9918,10.);
#3043=VECTOR('',#9921,10.);
#3044=VECTOR('',#9922,10.);
#3045=VECTOR('',#9923,10.);
#3046=VECTOR('',#9926,10.);
#3047=VECTOR('',#9927,10.);
#3048=VECTOR('',#9928,10.);
#3049=VECTOR('',#9931,10.);
#3050=VECTOR('',#9932,10.);
#3051=VECTOR('',#9935,10.);
#3052=VECTOR('',#9936,10.);
#3053=VECTOR('',#9937,10.);
#3054=VECTOR('',#9938,10.);
#3055=VECTOR('',#9941,10.);
#3056=VECTOR('',#9942,10.);
#3057=VECTOR('',#9943,10.);
#3058=VECTOR('',#9946,10.);
#3059=VECTOR('',#9947,10.);
#3060=VECTOR('',#9948,10.);
#3061=VECTOR('',#9951,10.);
#3062=VECTOR('',#9952,10.);
#3063=VECTOR('',#9955,10.);
#3064=VECTOR('',#9956,10.);
#3065=VECTOR('',#9957,10.);
#3066=VECTOR('',#9958,10.);
#3067=VECTOR('',#9961,10.);
#3068=VECTOR('',#9962,10.);
#3069=VECTOR('',#9963,10.);
#3070=VECTOR('',#9966,10.);
#3071=VECTOR('',#9967,10.);
#3072=VECTOR('',#9968,10.);
#3073=VECTOR('',#9971,10.);
#3074=VECTOR('',#9972,10.);
#3075=VECTOR('',#9975,10.);
#3076=VECTOR('',#9976,10.);
#3077=VECTOR('',#9977,10.);
#3078=VECTOR('',#9978,10.);
#3079=VECTOR('',#9981,10.);
#3080=VECTOR('',#9982,10.);
#3081=VECTOR('',#9983,10.);
#3082=VECTOR('',#9986,10.);
#3083=VECTOR('',#9987,10.);
#3084=VECTOR('',#9988,10.);
#3085=VECTOR('',#9991,10.);
#3086=VECTOR('',#9992,10.);
#3087=VECTOR('',#9995,10.);
#3088=VECTOR('',#9996,10.);
#3089=VECTOR('',#9997,10.);
#3090=VECTOR('',#9998,10.);
#3091=VECTOR('',#10001,10.);
#3092=VECTOR('',#10002,10.);
#3093=VECTOR('',#10003,10.);
#3094=VECTOR('',#10006,10.);
#3095=VECTOR('',#10007,10.);
#3096=VECTOR('',#10008,10.);
#3097=VECTOR('',#10011,10.);
#3098=VECTOR('',#10012,10.);
#3099=VECTOR('',#10015,10.);
#3100=VECTOR('',#10016,10.);
#3101=VECTOR('',#10017,10.);
#3102=VECTOR('',#10018,10.);
#3103=VECTOR('',#10021,10.);
#3104=VECTOR('',#10022,10.);
#3105=VECTOR('',#10023,10.);
#3106=VECTOR('',#10026,10.);
#3107=VECTOR('',#10027,10.);
#3108=VECTOR('',#10028,10.);
#3109=VECTOR('',#10031,10.);
#3110=VECTOR('',#10032,10.);
#3111=VECTOR('',#10035,10.);
#3112=VECTOR('',#10036,10.);
#3113=VECTOR('',#10037,10.);
#3114=VECTOR('',#10038,10.);
#3115=VECTOR('',#10041,10.);
#3116=VECTOR('',#10042,10.);
#3117=VECTOR('',#10043,10.);
#3118=VECTOR('',#10046,10.);
#3119=VECTOR('',#10047,10.);
#3120=VECTOR('',#10048,10.);
#3121=VECTOR('',#10051,10.);
#3122=VECTOR('',#10052,10.);
#3123=VECTOR('',#10055,10.);
#3124=VECTOR('',#10056,10.);
#3125=VECTOR('',#10057,10.);
#3126=VECTOR('',#10058,10.);
#3127=VECTOR('',#10061,10.);
#3128=VECTOR('',#10062,10.);
#3129=VECTOR('',#10063,10.);
#3130=VECTOR('',#10066,10.);
#3131=VECTOR('',#10067,10.);
#3132=VECTOR('',#10068,10.);
#3133=VECTOR('',#10071,10.);
#3134=VECTOR('',#10072,10.);
#3135=VECTOR('',#10075,10.);
#3136=VECTOR('',#10076,10.);
#3137=VECTOR('',#10077,10.);
#3138=VECTOR('',#10078,10.);
#3139=VECTOR('',#10081,10.);
#3140=VECTOR('',#10082,10.);
#3141=VECTOR('',#10083,10.);
#3142=VECTOR('',#10086,10.);
#3143=VECTOR('',#10087,10.);
#3144=VECTOR('',#10088,10.);
#3145=VECTOR('',#10091,10.);
#3146=VECTOR('',#10092,10.);
#3147=VECTOR('',#10095,10.);
#3148=VECTOR('',#10096,10.);
#3149=VECTOR('',#10097,10.);
#3150=VECTOR('',#10098,10.);
#3151=VECTOR('',#10101,10.);
#3152=VECTOR('',#10102,10.);
#3153=VECTOR('',#10103,10.);
#3154=VECTOR('',#10106,10.);
#3155=VECTOR('',#10107,10.);
#3156=VECTOR('',#10108,10.);
#3157=VECTOR('',#10111,10.);
#3158=VECTOR('',#10112,10.);
#3159=VECTOR('',#10115,10.);
#3160=VECTOR('',#10116,10.);
#3161=VECTOR('',#10117,10.);
#3162=VECTOR('',#10118,10.);
#3163=VECTOR('',#10121,10.);
#3164=VECTOR('',#10122,10.);
#3165=VECTOR('',#10123,10.);
#3166=VECTOR('',#10126,10.);
#3167=VECTOR('',#10127,10.);
#3168=VECTOR('',#10128,10.);
#3169=VECTOR('',#10131,10.);
#3170=VECTOR('',#10132,10.);
#3171=VECTOR('',#10135,10.);
#3172=VECTOR('',#10136,10.);
#3173=VECTOR('',#10137,10.);
#3174=VECTOR('',#10138,10.);
#3175=VECTOR('',#10141,10.);
#3176=VECTOR('',#10142,10.);
#3177=VECTOR('',#10143,10.);
#3178=VECTOR('',#10146,10.);
#3179=VECTOR('',#10147,10.);
#3180=VECTOR('',#10148,10.);
#3181=VECTOR('',#10151,10.);
#3182=VECTOR('',#10152,10.);
#3183=VECTOR('',#10155,10.);
#3184=VECTOR('',#10156,10.);
#3185=VECTOR('',#10157,10.);
#3186=VECTOR('',#10158,10.);
#3187=VECTOR('',#10161,10.);
#3188=VECTOR('',#10162,10.);
#3189=VECTOR('',#10163,10.);
#3190=VECTOR('',#10166,10.);
#3191=VECTOR('',#10167,10.);
#3192=VECTOR('',#10168,10.);
#3193=VECTOR('',#10171,10.);
#3194=VECTOR('',#10172,10.);
#3195=VECTOR('',#10175,10.);
#3196=VECTOR('',#10176,10.);
#3197=VECTOR('',#10177,10.);
#3198=VECTOR('',#10178,10.);
#3199=VECTOR('',#10181,10.);
#3200=VECTOR('',#10182,10.);
#3201=VECTOR('',#10183,10.);
#3202=VECTOR('',#10186,10.);
#3203=VECTOR('',#10187,10.);
#3204=VECTOR('',#10188,10.);
#3205=VECTOR('',#10191,10.);
#3206=VECTOR('',#10192,10.);
#3207=VECTOR('',#10195,10.);
#3208=VECTOR('',#10196,10.);
#3209=VECTOR('',#10197,10.);
#3210=VECTOR('',#10198,10.);
#3211=VECTOR('',#10201,10.);
#3212=VECTOR('',#10202,10.);
#3213=VECTOR('',#10203,10.);
#3214=VECTOR('',#10206,10.);
#3215=VECTOR('',#10207,10.);
#3216=VECTOR('',#10208,10.);
#3217=VECTOR('',#10211,10.);
#3218=VECTOR('',#10212,10.);
#3219=VECTOR('',#10215,10.);
#3220=VECTOR('',#10216,10.);
#3221=VECTOR('',#10217,10.);
#3222=VECTOR('',#10218,10.);
#3223=VECTOR('',#10221,10.);
#3224=VECTOR('',#10222,10.);
#3225=VECTOR('',#10223,10.);
#3226=VECTOR('',#10226,10.);
#3227=VECTOR('',#10227,10.);
#3228=VECTOR('',#10228,10.);
#3229=VECTOR('',#10231,10.);
#3230=VECTOR('',#10232,10.);
#3231=VECTOR('',#10235,10.);
#3232=VECTOR('',#10236,10.);
#3233=VECTOR('',#10237,10.);
#3234=VECTOR('',#10238,10.);
#3235=VECTOR('',#10241,10.);
#3236=VECTOR('',#10242,10.);
#3237=VECTOR('',#10243,10.);
#3238=VECTOR('',#10246,10.);
#3239=VECTOR('',#10247,10.);
#3240=VECTOR('',#10248,10.);
#3241=VECTOR('',#10251,10.);
#3242=VECTOR('',#10252,10.);
#3243=VECTOR('',#10255,10.);
#3244=VECTOR('',#10256,10.);
#3245=VECTOR('',#10257,10.);
#3246=VECTOR('',#10258,10.);
#3247=VECTOR('',#10261,10.);
#3248=VECTOR('',#10262,10.);
#3249=VECTOR('',#10263,10.);
#3250=VECTOR('',#10266,10.);
#3251=VECTOR('',#10267,10.);
#3252=VECTOR('',#10268,10.);
#3253=VECTOR('',#10271,10.);
#3254=VECTOR('',#10272,10.);
#3255=VECTOR('',#10275,10.);
#3256=VECTOR('',#10276,10.);
#3257=VECTOR('',#10277,10.);
#3258=VECTOR('',#10278,10.);
#3259=VECTOR('',#10281,10.);
#3260=VECTOR('',#10282,10.);
#3261=VECTOR('',#10283,10.);
#3262=VECTOR('',#10286,10.);
#3263=VECTOR('',#10287,10.);
#3264=VECTOR('',#10288,10.);
#3265=VECTOR('',#10291,10.);
#3266=VECTOR('',#10292,10.);
#3267=VECTOR('',#10295,10.);
#3268=VECTOR('',#10296,10.);
#3269=VECTOR('',#10297,10.);
#3270=VECTOR('',#10298,10.);
#3271=VECTOR('',#10301,10.);
#3272=VECTOR('',#10302,10.);
#3273=VECTOR('',#10303,10.);
#3274=VECTOR('',#10306,10.);
#3275=VECTOR('',#10307,10.);
#3276=VECTOR('',#10308,10.);
#3277=VECTOR('',#10311,10.);
#3278=VECTOR('',#10312,10.);
#3279=VECTOR('',#10315,10.);
#3280=VECTOR('',#10316,10.);
#3281=VECTOR('',#10317,10.);
#3282=VECTOR('',#10318,10.);
#3283=VECTOR('',#10321,10.);
#3284=VECTOR('',#10322,10.);
#3285=VECTOR('',#10323,10.);
#3286=VECTOR('',#10326,10.);
#3287=VECTOR('',#10327,10.);
#3288=VECTOR('',#10328,10.);
#3289=VECTOR('',#10331,10.);
#3290=VECTOR('',#10332,10.);
#3291=VECTOR('',#10335,10.);
#3292=VECTOR('',#10336,10.);
#3293=VECTOR('',#10337,10.);
#3294=VECTOR('',#10338,10.);
#3295=VECTOR('',#10341,10.);
#3296=VECTOR('',#10342,10.);
#3297=VECTOR('',#10343,10.);
#3298=VECTOR('',#10346,10.);
#3299=VECTOR('',#10347,10.);
#3300=VECTOR('',#10348,10.);
#3301=VECTOR('',#10351,10.);
#3302=VECTOR('',#10352,10.);
#3303=VECTOR('',#10355,10.);
#3304=VECTOR('',#10356,10.);
#3305=VECTOR('',#10357,10.);
#3306=VECTOR('',#10358,10.);
#3307=VECTOR('',#10361,10.);
#3308=VECTOR('',#10362,10.);
#3309=VECTOR('',#10363,10.);
#3310=VECTOR('',#10366,10.);
#3311=VECTOR('',#10367,10.);
#3312=VECTOR('',#10368,10.);
#3313=VECTOR('',#10371,10.);
#3314=VECTOR('',#10372,10.);
#3315=VECTOR('',#10375,10.);
#3316=VECTOR('',#10376,10.);
#3317=VECTOR('',#10377,10.);
#3318=VECTOR('',#10378,10.);
#3319=VECTOR('',#10381,10.);
#3320=VECTOR('',#10382,10.);
#3321=VECTOR('',#10383,10.);
#3322=VECTOR('',#10386,10.);
#3323=VECTOR('',#10387,10.);
#3324=VECTOR('',#10388,10.);
#3325=VECTOR('',#10391,10.);
#3326=VECTOR('',#10392,10.);
#3327=VECTOR('',#10395,10.);
#3328=VECTOR('',#10396,10.);
#3329=VECTOR('',#10397,10.);
#3330=VECTOR('',#10398,10.);
#3331=VECTOR('',#10401,10.);
#3332=VECTOR('',#10402,10.);
#3333=VECTOR('',#10403,10.);
#3334=VECTOR('',#10406,10.);
#3335=VECTOR('',#10407,10.);
#3336=VECTOR('',#10408,10.);
#3337=VECTOR('',#10411,10.);
#3338=VECTOR('',#10412,10.);
#3339=VECTOR('',#10415,10.);
#3340=VECTOR('',#10416,10.);
#3341=VECTOR('',#10417,10.);
#3342=VECTOR('',#10418,10.);
#3343=VECTOR('',#10421,10.);
#3344=VECTOR('',#10422,10.);
#3345=VECTOR('',#10423,10.);
#3346=VECTOR('',#10426,10.);
#3347=VECTOR('',#10427,10.);
#3348=VECTOR('',#10428,10.);
#3349=VECTOR('',#10431,10.);
#3350=VECTOR('',#10432,10.);
#3351=VECTOR('',#10435,10.);
#3352=VECTOR('',#10436,10.);
#3353=VECTOR('',#10437,10.);
#3354=VECTOR('',#10438,10.);
#3355=VECTOR('',#10441,10.);
#3356=VECTOR('',#10442,10.);
#3357=VECTOR('',#10443,10.);
#3358=VECTOR('',#10446,10.);
#3359=VECTOR('',#10447,10.);
#3360=VECTOR('',#10448,10.);
#3361=VECTOR('',#10451,10.);
#3362=VECTOR('',#10452,10.);
#3363=VERTEX_POINT('',#10459);
#3364=VERTEX_POINT('',#10460);
#3365=VERTEX_POINT('',#10462);
#3366=VERTEX_POINT('',#10464);
#3367=VERTEX_POINT('',#10468);
#3368=VERTEX_POINT('',#10470);
#3369=VERTEX_POINT('',#10474);
#3370=VERTEX_POINT('',#10476);
#3371=VERTEX_POINT('',#10483);
#3372=VERTEX_POINT('',#10484);
#3373=VERTEX_POINT('',#10486);
#3374=VERTEX_POINT('',#10488);
#3375=VERTEX_POINT('',#10492);
#3376=VERTEX_POINT('',#10494);
#3377=VERTEX_POINT('',#10498);
#3378=VERTEX_POINT('',#10500);
#3379=VERTEX_POINT('',#10507);
#3380=VERTEX_POINT('',#10508);
#3381=VERTEX_POINT('',#10510);
#3382=VERTEX_POINT('',#10512);
#3383=VERTEX_POINT('',#10516);
#3384=VERTEX_POINT('',#10518);
#3385=VERTEX_POINT('',#10522);
#3386=VERTEX_POINT('',#10524);
#3387=VERTEX_POINT('',#10531);
#3388=VERTEX_POINT('',#10532);
#3389=VERTEX_POINT('',#10534);
#3390=VERTEX_POINT('',#10536);
#3391=VERTEX_POINT('',#10540);
#3392=VERTEX_POINT('',#10542);
#3393=VERTEX_POINT('',#10546);
#3394=VERTEX_POINT('',#10548);
#3395=VERTEX_POINT('',#10555);
#3396=VERTEX_POINT('',#10556);
#3397=VERTEX_POINT('',#10558);
#3398=VERTEX_POINT('',#10560);
#3399=VERTEX_POINT('',#10564);
#3400=VERTEX_POINT('',#10566);
#3401=VERTEX_POINT('',#10570);
#3402=VERTEX_POINT('',#10572);
#3403=VERTEX_POINT('',#10579);
#3404=VERTEX_POINT('',#10580);
#3405=VERTEX_POINT('',#10582);
#3406=VERTEX_POINT('',#10584);
#3407=VERTEX_POINT('',#10588);
#3408=VERTEX_POINT('',#10590);
#3409=VERTEX_POINT('',#10594);
#3410=VERTEX_POINT('',#10596);
#3411=VERTEX_POINT('',#10603);
#3412=VERTEX_POINT('',#10604);
#3413=VERTEX_POINT('',#10606);
#3414=VERTEX_POINT('',#10608);
#3415=VERTEX_POINT('',#10612);
#3416=VERTEX_POINT('',#10614);
#3417=VERTEX_POINT('',#10618);
#3418=VERTEX_POINT('',#10620);
#3419=VERTEX_POINT('',#10627);
#3420=VERTEX_POINT('',#10628);
#3421=VERTEX_POINT('',#10630);
#3422=VERTEX_POINT('',#10632);
#3423=VERTEX_POINT('',#10636);
#3424=VERTEX_POINT('',#10638);
#3425=VERTEX_POINT('',#10642);
#3426=VERTEX_POINT('',#10644);
#3427=VERTEX_POINT('',#10651);
#3428=VERTEX_POINT('',#10652);
#3429=VERTEX_POINT('',#10654);
#3430=VERTEX_POINT('',#10656);
#3431=VERTEX_POINT('',#10660);
#3432=VERTEX_POINT('',#10662);
#3433=VERTEX_POINT('',#10666);
#3434=VERTEX_POINT('',#10668);
#3435=VERTEX_POINT('',#10675);
#3436=VERTEX_POINT('',#10676);
#3437=VERTEX_POINT('',#10678);
#3438=VERTEX_POINT('',#10680);
#3439=VERTEX_POINT('',#10684);
#3440=VERTEX_POINT('',#10686);
#3441=VERTEX_POINT('',#10690);
#3442=VERTEX_POINT('',#10692);
#3443=VERTEX_POINT('',#10699);
#3444=VERTEX_POINT('',#10700);
#3445=VERTEX_POINT('',#10702);
#3446=VERTEX_POINT('',#10704);
#3447=VERTEX_POINT('',#10708);
#3448=VERTEX_POINT('',#10710);
#3449=VERTEX_POINT('',#10714);
#3450=VERTEX_POINT('',#10716);
#3451=VERTEX_POINT('',#10723);
#3452=VERTEX_POINT('',#10724);
#3453=VERTEX_POINT('',#10726);
#3454=VERTEX_POINT('',#10728);
#3455=VERTEX_POINT('',#10732);
#3456=VERTEX_POINT('',#10734);
#3457=VERTEX_POINT('',#10738);
#3458=VERTEX_POINT('',#10740);
#3459=VERTEX_POINT('',#10747);
#3460=VERTEX_POINT('',#10748);
#3461=VERTEX_POINT('',#10750);
#3462=VERTEX_POINT('',#10752);
#3463=VERTEX_POINT('',#10756);
#3464=VERTEX_POINT('',#10758);
#3465=VERTEX_POINT('',#10762);
#3466=VERTEX_POINT('',#10764);
#3467=VERTEX_POINT('',#10771);
#3468=VERTEX_POINT('',#10772);
#3469=VERTEX_POINT('',#10774);
#3470=VERTEX_POINT('',#10776);
#3471=VERTEX_POINT('',#10780);
#3472=VERTEX_POINT('',#10782);
#3473=VERTEX_POINT('',#10786);
#3474=VERTEX_POINT('',#10788);
#3475=VERTEX_POINT('',#10795);
#3476=VERTEX_POINT('',#10796);
#3477=VERTEX_POINT('',#10798);
#3478=VERTEX_POINT('',#10800);
#3479=VERTEX_POINT('',#10804);
#3480=VERTEX_POINT('',#10806);
#3481=VERTEX_POINT('',#10810);
#3482=VERTEX_POINT('',#10812);
#3483=VERTEX_POINT('',#10819);
#3484=VERTEX_POINT('',#10820);
#3485=VERTEX_POINT('',#10822);
#3486=VERTEX_POINT('',#10824);
#3487=VERTEX_POINT('',#10828);
#3488=VERTEX_POINT('',#10830);
#3489=VERTEX_POINT('',#10834);
#3490=VERTEX_POINT('',#10836);
#3491=VERTEX_POINT('',#10843);
#3492=VERTEX_POINT('',#10844);
#3493=VERTEX_POINT('',#10846);
#3494=VERTEX_POINT('',#10848);
#3495=VERTEX_POINT('',#10852);
#3496=VERTEX_POINT('',#10854);
#3497=VERTEX_POINT('',#10858);
#3498=VERTEX_POINT('',#10860);
#3499=VERTEX_POINT('',#10867);
#3500=VERTEX_POINT('',#10868);
#3501=VERTEX_POINT('',#10870);
#3502=VERTEX_POINT('',#10872);
#3503=VERTEX_POINT('',#10876);
#3504=VERTEX_POINT('',#10878);
#3505=VERTEX_POINT('',#10882);
#3506=VERTEX_POINT('',#10884);
#3507=VERTEX_POINT('',#10891);
#3508=VERTEX_POINT('',#10892);
#3509=VERTEX_POINT('',#10894);
#3510=VERTEX_POINT('',#10896);
#3511=VERTEX_POINT('',#10900);
#3512=VERTEX_POINT('',#10902);
#3513=VERTEX_POINT('',#10906);
#3514=VERTEX_POINT('',#10908);
#3515=VERTEX_POINT('',#10915);
#3516=VERTEX_POINT('',#10916);
#3517=VERTEX_POINT('',#10918);
#3518=VERTEX_POINT('',#10920);
#3519=VERTEX_POINT('',#10924);
#3520=VERTEX_POINT('',#10926);
#3521=VERTEX_POINT('',#10930);
#3522=VERTEX_POINT('',#10932);
#3523=VERTEX_POINT('',#10939);
#3524=VERTEX_POINT('',#10940);
#3525=VERTEX_POINT('',#10942);
#3526=VERTEX_POINT('',#10944);
#3527=VERTEX_POINT('',#10948);
#3528=VERTEX_POINT('',#10950);
#3529=VERTEX_POINT('',#10954);
#3530=VERTEX_POINT('',#10956);
#3531=VERTEX_POINT('',#10963);
#3532=VERTEX_POINT('',#10964);
#3533=VERTEX_POINT('',#10966);
#3534=VERTEX_POINT('',#10968);
#3535=VERTEX_POINT('',#10972);
#3536=VERTEX_POINT('',#10974);
#3537=VERTEX_POINT('',#10978);
#3538=VERTEX_POINT('',#10980);
#3539=VERTEX_POINT('',#10987);
#3540=VERTEX_POINT('',#10988);
#3541=VERTEX_POINT('',#10990);
#3542=VERTEX_POINT('',#10992);
#3543=VERTEX_POINT('',#10996);
#3544=VERTEX_POINT('',#10998);
#3545=VERTEX_POINT('',#11002);
#3546=VERTEX_POINT('',#11004);
#3547=VERTEX_POINT('',#11011);
#3548=VERTEX_POINT('',#11012);
#3549=VERTEX_POINT('',#11014);
#3550=VERTEX_POINT('',#11016);
#3551=VERTEX_POINT('',#11020);
#3552=VERTEX_POINT('',#11022);
#3553=VERTEX_POINT('',#11026);
#3554=VERTEX_POINT('',#11028);
#3555=VERTEX_POINT('',#11035);
#3556=VERTEX_POINT('',#11036);
#3557=VERTEX_POINT('',#11038);
#3558=VERTEX_POINT('',#11040);
#3559=VERTEX_POINT('',#11044);
#3560=VERTEX_POINT('',#11046);
#3561=VERTEX_POINT('',#11050);
#3562=VERTEX_POINT('',#11052);
#3563=VERTEX_POINT('',#11059);
#3564=VERTEX_POINT('',#11060);
#3565=VERTEX_POINT('',#11062);
#3566=VERTEX_POINT('',#11064);
#3567=VERTEX_POINT('',#11068);
#3568=VERTEX_POINT('',#11070);
#3569=VERTEX_POINT('',#11074);
#3570=VERTEX_POINT('',#11076);
#3571=VERTEX_POINT('',#11083);
#3572=VERTEX_POINT('',#11084);
#3573=VERTEX_POINT('',#11086);
#3574=VERTEX_POINT('',#11088);
#3575=VERTEX_POINT('',#11092);
#3576=VERTEX_POINT('',#11094);
#3577=VERTEX_POINT('',#11098);
#3578=VERTEX_POINT('',#11100);
#3579=VERTEX_POINT('',#11107);
#3580=VERTEX_POINT('',#11108);
#3581=VERTEX_POINT('',#11110);
#3582=VERTEX_POINT('',#11112);
#3583=VERTEX_POINT('',#11116);
#3584=VERTEX_POINT('',#11118);
#3585=VERTEX_POINT('',#11122);
#3586=VERTEX_POINT('',#11124);
#3587=VERTEX_POINT('',#11131);
#3588=VERTEX_POINT('',#11132);
#3589=VERTEX_POINT('',#11134);
#3590=VERTEX_POINT('',#11136);
#3591=VERTEX_POINT('',#11140);
#3592=VERTEX_POINT('',#11142);
#3593=VERTEX_POINT('',#11146);
#3594=VERTEX_POINT('',#11148);
#3595=VERTEX_POINT('',#11155);
#3596=VERTEX_POINT('',#11156);
#3597=VERTEX_POINT('',#11158);
#3598=VERTEX_POINT('',#11160);
#3599=VERTEX_POINT('',#11164);
#3600=VERTEX_POINT('',#11166);
#3601=VERTEX_POINT('',#11170);
#3602=VERTEX_POINT('',#11172);
#3603=VERTEX_POINT('',#11179);
#3604=VERTEX_POINT('',#11180);
#3605=VERTEX_POINT('',#11182);
#3606=VERTEX_POINT('',#11184);
#3607=VERTEX_POINT('',#11188);
#3608=VERTEX_POINT('',#11190);
#3609=VERTEX_POINT('',#11194);
#3610=VERTEX_POINT('',#11196);
#3611=VERTEX_POINT('',#11203);
#3612=VERTEX_POINT('',#11204);
#3613=VERTEX_POINT('',#11206);
#3614=VERTEX_POINT('',#11208);
#3615=VERTEX_POINT('',#11212);
#3616=VERTEX_POINT('',#11214);
#3617=VERTEX_POINT('',#11218);
#3618=VERTEX_POINT('',#11220);
#3619=VERTEX_POINT('',#11227);
#3620=VERTEX_POINT('',#11228);
#3621=VERTEX_POINT('',#11230);
#3622=VERTEX_POINT('',#11232);
#3623=VERTEX_POINT('',#11236);
#3624=VERTEX_POINT('',#11238);
#3625=VERTEX_POINT('',#11242);
#3626=VERTEX_POINT('',#11244);
#3627=VERTEX_POINT('',#11251);
#3628=VERTEX_POINT('',#11252);
#3629=VERTEX_POINT('',#11254);
#3630=VERTEX_POINT('',#11256);
#3631=VERTEX_POINT('',#11260);
#3632=VERTEX_POINT('',#11262);
#3633=VERTEX_POINT('',#11266);
#3634=VERTEX_POINT('',#11268);
#3635=VERTEX_POINT('',#11275);
#3636=VERTEX_POINT('',#11276);
#3637=VERTEX_POINT('',#11278);
#3638=VERTEX_POINT('',#11280);
#3639=VERTEX_POINT('',#11284);
#3640=VERTEX_POINT('',#11286);
#3641=VERTEX_POINT('',#11290);
#3642=VERTEX_POINT('',#11292);
#3643=VERTEX_POINT('',#11299);
#3644=VERTEX_POINT('',#11300);
#3645=VERTEX_POINT('',#11302);
#3646=VERTEX_POINT('',#11304);
#3647=VERTEX_POINT('',#11308);
#3648=VERTEX_POINT('',#11310);
#3649=VERTEX_POINT('',#11314);
#3650=VERTEX_POINT('',#11316);
#3651=VERTEX_POINT('',#11323);
#3652=VERTEX_POINT('',#11324);
#3653=VERTEX_POINT('',#11326);
#3654=VERTEX_POINT('',#11328);
#3655=VERTEX_POINT('',#11332);
#3656=VERTEX_POINT('',#11334);
#3657=VERTEX_POINT('',#11338);
#3658=VERTEX_POINT('',#11340);
#3659=VERTEX_POINT('',#11347);
#3660=VERTEX_POINT('',#11348);
#3661=VERTEX_POINT('',#11350);
#3662=VERTEX_POINT('',#11352);
#3663=VERTEX_POINT('',#11356);
#3664=VERTEX_POINT('',#11358);
#3665=VERTEX_POINT('',#11362);
#3666=VERTEX_POINT('',#11364);
#3667=VERTEX_POINT('',#11371);
#3668=VERTEX_POINT('',#11372);
#3669=VERTEX_POINT('',#11374);
#3670=VERTEX_POINT('',#11376);
#3671=VERTEX_POINT('',#11380);
#3672=VERTEX_POINT('',#11382);
#3673=VERTEX_POINT('',#11386);
#3674=VERTEX_POINT('',#11388);
#3675=VERTEX_POINT('',#11395);
#3676=VERTEX_POINT('',#11396);
#3677=VERTEX_POINT('',#11398);
#3678=VERTEX_POINT('',#11400);
#3679=VERTEX_POINT('',#11404);
#3680=VERTEX_POINT('',#11406);
#3681=VERTEX_POINT('',#11410);
#3682=VERTEX_POINT('',#11412);
#3683=VERTEX_POINT('',#11419);
#3684=VERTEX_POINT('',#11420);
#3685=VERTEX_POINT('',#11422);
#3686=VERTEX_POINT('',#11424);
#3687=VERTEX_POINT('',#11428);
#3688=VERTEX_POINT('',#11430);
#3689=VERTEX_POINT('',#11434);
#3690=VERTEX_POINT('',#11436);
#3691=VERTEX_POINT('',#11443);
#3692=VERTEX_POINT('',#11444);
#3693=VERTEX_POINT('',#11446);
#3694=VERTEX_POINT('',#11448);
#3695=VERTEX_POINT('',#11452);
#3696=VERTEX_POINT('',#11454);
#3697=VERTEX_POINT('',#11458);
#3698=VERTEX_POINT('',#11460);
#3699=VERTEX_POINT('',#11467);
#3700=VERTEX_POINT('',#11468);
#3701=VERTEX_POINT('',#11470);
#3702=VERTEX_POINT('',#11472);
#3703=VERTEX_POINT('',#11476);
#3704=VERTEX_POINT('',#11478);
#3705=VERTEX_POINT('',#11482);
#3706=VERTEX_POINT('',#11484);
#3707=VERTEX_POINT('',#11491);
#3708=VERTEX_POINT('',#11492);
#3709=VERTEX_POINT('',#11494);
#3710=VERTEX_POINT('',#11496);
#3711=VERTEX_POINT('',#11500);
#3712=VERTEX_POINT('',#11502);
#3713=VERTEX_POINT('',#11506);
#3714=VERTEX_POINT('',#11508);
#3715=VERTEX_POINT('',#11515);
#3716=VERTEX_POINT('',#11516);
#3717=VERTEX_POINT('',#11518);
#3718=VERTEX_POINT('',#11520);
#3719=VERTEX_POINT('',#11524);
#3720=VERTEX_POINT('',#11526);
#3721=VERTEX_POINT('',#11530);
#3722=VERTEX_POINT('',#11532);
#3723=VERTEX_POINT('',#11539);
#3724=VERTEX_POINT('',#11540);
#3725=VERTEX_POINT('',#11542);
#3726=VERTEX_POINT('',#11544);
#3727=VERTEX_POINT('',#11548);
#3728=VERTEX_POINT('',#11550);
#3729=VERTEX_POINT('',#11554);
#3730=VERTEX_POINT('',#11556);
#3731=VERTEX_POINT('',#11563);
#3732=VERTEX_POINT('',#11564);
#3733=VERTEX_POINT('',#11566);
#3734=VERTEX_POINT('',#11568);
#3735=VERTEX_POINT('',#11572);
#3736=VERTEX_POINT('',#11574);
#3737=VERTEX_POINT('',#11578);
#3738=VERTEX_POINT('',#11580);
#3739=VERTEX_POINT('',#11587);
#3740=VERTEX_POINT('',#11588);
#3741=VERTEX_POINT('',#11590);
#3742=VERTEX_POINT('',#11592);
#3743=VERTEX_POINT('',#11596);
#3744=VERTEX_POINT('',#11598);
#3745=VERTEX_POINT('',#11602);
#3746=VERTEX_POINT('',#11604);
#3747=VERTEX_POINT('',#11611);
#3748=VERTEX_POINT('',#11612);
#3749=VERTEX_POINT('',#11614);
#3750=VERTEX_POINT('',#11616);
#3751=VERTEX_POINT('',#11620);
#3752=VERTEX_POINT('',#11622);
#3753=VERTEX_POINT('',#11626);
#3754=VERTEX_POINT('',#11628);
#3755=VERTEX_POINT('',#11635);
#3756=VERTEX_POINT('',#11636);
#3757=VERTEX_POINT('',#11638);
#3758=VERTEX_POINT('',#11640);
#3759=VERTEX_POINT('',#11644);
#3760=VERTEX_POINT('',#11646);
#3761=VERTEX_POINT('',#11650);
#3762=VERTEX_POINT('',#11652);
#3763=VERTEX_POINT('',#11659);
#3764=VERTEX_POINT('',#11660);
#3765=VERTEX_POINT('',#11662);
#3766=VERTEX_POINT('',#11664);
#3767=VERTEX_POINT('',#11668);
#3768=VERTEX_POINT('',#11670);
#3769=VERTEX_POINT('',#11674);
#3770=VERTEX_POINT('',#11676);
#3771=VERTEX_POINT('',#11683);
#3772=VERTEX_POINT('',#11684);
#3773=VERTEX_POINT('',#11686);
#3774=VERTEX_POINT('',#11688);
#3775=VERTEX_POINT('',#11692);
#3776=VERTEX_POINT('',#11694);
#3777=VERTEX_POINT('',#11698);
#3778=VERTEX_POINT('',#11700);
#3779=VERTEX_POINT('',#11707);
#3780=VERTEX_POINT('',#11708);
#3781=VERTEX_POINT('',#11710);
#3782=VERTEX_POINT('',#11712);
#3783=VERTEX_POINT('',#11716);
#3784=VERTEX_POINT('',#11718);
#3785=VERTEX_POINT('',#11722);
#3786=VERTEX_POINT('',#11724);
#3787=VERTEX_POINT('',#11731);
#3788=VERTEX_POINT('',#11732);
#3789=VERTEX_POINT('',#11734);
#3790=VERTEX_POINT('',#11736);
#3791=VERTEX_POINT('',#11740);
#3792=VERTEX_POINT('',#11742);
#3793=VERTEX_POINT('',#11746);
#3794=VERTEX_POINT('',#11748);
#3795=VERTEX_POINT('',#11755);
#3796=VERTEX_POINT('',#11756);
#3797=VERTEX_POINT('',#11758);
#3798=VERTEX_POINT('',#11760);
#3799=VERTEX_POINT('',#11764);
#3800=VERTEX_POINT('',#11766);
#3801=VERTEX_POINT('',#11770);
#3802=VERTEX_POINT('',#11772);
#3803=VERTEX_POINT('',#11779);
#3804=VERTEX_POINT('',#11780);
#3805=VERTEX_POINT('',#11782);
#3806=VERTEX_POINT('',#11784);
#3807=VERTEX_POINT('',#11788);
#3808=VERTEX_POINT('',#11790);
#3809=VERTEX_POINT('',#11794);
#3810=VERTEX_POINT('',#11796);
#3811=VERTEX_POINT('',#11803);
#3812=VERTEX_POINT('',#11804);
#3813=VERTEX_POINT('',#11806);
#3814=VERTEX_POINT('',#11808);
#3815=VERTEX_POINT('',#11812);
#3816=VERTEX_POINT('',#11814);
#3817=VERTEX_POINT('',#11818);
#3818=VERTEX_POINT('',#11820);
#3819=VERTEX_POINT('',#11827);
#3820=VERTEX_POINT('',#11828);
#3821=VERTEX_POINT('',#11830);
#3822=VERTEX_POINT('',#11832);
#3823=VERTEX_POINT('',#11836);
#3824=VERTEX_POINT('',#11838);
#3825=VERTEX_POINT('',#11842);
#3826=VERTEX_POINT('',#11844);
#3827=VERTEX_POINT('',#11851);
#3828=VERTEX_POINT('',#11852);
#3829=VERTEX_POINT('',#11854);
#3830=VERTEX_POINT('',#11856);
#3831=VERTEX_POINT('',#11860);
#3832=VERTEX_POINT('',#11862);
#3833=VERTEX_POINT('',#11866);
#3834=VERTEX_POINT('',#11868);
#3835=VERTEX_POINT('',#11875);
#3836=VERTEX_POINT('',#11876);
#3837=VERTEX_POINT('',#11878);
#3838=VERTEX_POINT('',#11880);
#3839=VERTEX_POINT('',#11884);
#3840=VERTEX_POINT('',#11886);
#3841=VERTEX_POINT('',#11890);
#3842=VERTEX_POINT('',#11892);
#3843=VERTEX_POINT('',#11899);
#3844=VERTEX_POINT('',#11900);
#3845=VERTEX_POINT('',#11902);
#3846=VERTEX_POINT('',#11904);
#3847=VERTEX_POINT('',#11908);
#3848=VERTEX_POINT('',#11910);
#3849=VERTEX_POINT('',#11914);
#3850=VERTEX_POINT('',#11916);
#3851=VERTEX_POINT('',#11923);
#3852=VERTEX_POINT('',#11924);
#3853=VERTEX_POINT('',#11926);
#3854=VERTEX_POINT('',#11928);
#3855=VERTEX_POINT('',#11932);
#3856=VERTEX_POINT('',#11934);
#3857=VERTEX_POINT('',#11938);
#3858=VERTEX_POINT('',#11940);
#3859=VERTEX_POINT('',#11947);
#3860=VERTEX_POINT('',#11948);
#3861=VERTEX_POINT('',#11950);
#3862=VERTEX_POINT('',#11952);
#3863=VERTEX_POINT('',#11956);
#3864=VERTEX_POINT('',#11958);
#3865=VERTEX_POINT('',#11962);
#3866=VERTEX_POINT('',#11964);
#3867=VERTEX_POINT('',#11971);
#3868=VERTEX_POINT('',#11972);
#3869=VERTEX_POINT('',#11974);
#3870=VERTEX_POINT('',#11976);
#3871=VERTEX_POINT('',#11980);
#3872=VERTEX_POINT('',#11982);
#3873=VERTEX_POINT('',#11986);
#3874=VERTEX_POINT('',#11988);
#3875=VERTEX_POINT('',#11995);
#3876=VERTEX_POINT('',#11996);
#3877=VERTEX_POINT('',#11998);
#3878=VERTEX_POINT('',#12000);
#3879=VERTEX_POINT('',#12004);
#3880=VERTEX_POINT('',#12006);
#3881=VERTEX_POINT('',#12010);
#3882=VERTEX_POINT('',#12012);
#3883=VERTEX_POINT('',#12019);
#3884=VERTEX_POINT('',#12020);
#3885=VERTEX_POINT('',#12022);
#3886=VERTEX_POINT('',#12024);
#3887=VERTEX_POINT('',#12028);
#3888=VERTEX_POINT('',#12030);
#3889=VERTEX_POINT('',#12034);
#3890=VERTEX_POINT('',#12036);
#3891=VERTEX_POINT('',#12043);
#3892=VERTEX_POINT('',#12044);
#3893=VERTEX_POINT('',#12046);
#3894=VERTEX_POINT('',#12048);
#3895=VERTEX_POINT('',#12052);
#3896=VERTEX_POINT('',#12054);
#3897=VERTEX_POINT('',#12058);
#3898=VERTEX_POINT('',#12060);
#3899=VERTEX_POINT('',#12067);
#3900=VERTEX_POINT('',#12068);
#3901=VERTEX_POINT('',#12070);
#3902=VERTEX_POINT('',#12072);
#3903=VERTEX_POINT('',#12076);
#3904=VERTEX_POINT('',#12078);
#3905=VERTEX_POINT('',#12082);
#3906=VERTEX_POINT('',#12084);
#3907=VERTEX_POINT('',#12091);
#3908=VERTEX_POINT('',#12092);
#3909=VERTEX_POINT('',#12094);
#3910=VERTEX_POINT('',#12096);
#3911=VERTEX_POINT('',#12100);
#3912=VERTEX_POINT('',#12102);
#3913=VERTEX_POINT('',#12106);
#3914=VERTEX_POINT('',#12108);
#3915=VERTEX_POINT('',#12115);
#3916=VERTEX_POINT('',#12116);
#3917=VERTEX_POINT('',#12118);
#3918=VERTEX_POINT('',#12120);
#3919=VERTEX_POINT('',#12124);
#3920=VERTEX_POINT('',#12126);
#3921=VERTEX_POINT('',#12130);
#3922=VERTEX_POINT('',#12132);
#3923=VERTEX_POINT('',#12139);
#3924=VERTEX_POINT('',#12140);
#3925=VERTEX_POINT('',#12142);
#3926=VERTEX_POINT('',#12144);
#3927=VERTEX_POINT('',#12148);
#3928=VERTEX_POINT('',#12150);
#3929=VERTEX_POINT('',#12154);
#3930=VERTEX_POINT('',#12156);
#3931=VERTEX_POINT('',#12163);
#3932=VERTEX_POINT('',#12164);
#3933=VERTEX_POINT('',#12166);
#3934=VERTEX_POINT('',#12168);
#3935=VERTEX_POINT('',#12172);
#3936=VERTEX_POINT('',#12174);
#3937=VERTEX_POINT('',#12178);
#3938=VERTEX_POINT('',#12180);
#3939=VERTEX_POINT('',#12187);
#3940=VERTEX_POINT('',#12188);
#3941=VERTEX_POINT('',#12190);
#3942=VERTEX_POINT('',#12192);
#3943=VERTEX_POINT('',#12196);
#3944=VERTEX_POINT('',#12198);
#3945=VERTEX_POINT('',#12202);
#3946=VERTEX_POINT('',#12204);
#3947=VERTEX_POINT('',#12211);
#3948=VERTEX_POINT('',#12212);
#3949=VERTEX_POINT('',#12214);
#3950=VERTEX_POINT('',#12216);
#3951=VERTEX_POINT('',#12220);
#3952=VERTEX_POINT('',#12222);
#3953=VERTEX_POINT('',#12226);
#3954=VERTEX_POINT('',#12228);
#3955=VERTEX_POINT('',#12235);
#3956=VERTEX_POINT('',#12236);
#3957=VERTEX_POINT('',#12238);
#3958=VERTEX_POINT('',#12240);
#3959=VERTEX_POINT('',#12244);
#3960=VERTEX_POINT('',#12246);
#3961=VERTEX_POINT('',#12250);
#3962=VERTEX_POINT('',#12252);
#3963=VERTEX_POINT('',#12259);
#3964=VERTEX_POINT('',#12260);
#3965=VERTEX_POINT('',#12262);
#3966=VERTEX_POINT('',#12264);
#3967=VERTEX_POINT('',#12268);
#3968=VERTEX_POINT('',#12270);
#3969=VERTEX_POINT('',#12274);
#3970=VERTEX_POINT('',#12276);
#3971=VERTEX_POINT('',#12283);
#3972=VERTEX_POINT('',#12284);
#3973=VERTEX_POINT('',#12286);
#3974=VERTEX_POINT('',#12288);
#3975=VERTEX_POINT('',#12292);
#3976=VERTEX_POINT('',#12294);
#3977=VERTEX_POINT('',#12298);
#3978=VERTEX_POINT('',#12300);
#3979=VERTEX_POINT('',#12307);
#3980=VERTEX_POINT('',#12308);
#3981=VERTEX_POINT('',#12310);
#3982=VERTEX_POINT('',#12312);
#3983=VERTEX_POINT('',#12316);
#3984=VERTEX_POINT('',#12318);
#3985=VERTEX_POINT('',#12322);
#3986=VERTEX_POINT('',#12324);
#3987=VERTEX_POINT('',#12331);
#3988=VERTEX_POINT('',#12332);
#3989=VERTEX_POINT('',#12334);
#3990=VERTEX_POINT('',#12336);
#3991=VERTEX_POINT('',#12340);
#3992=VERTEX_POINT('',#12342);
#3993=VERTEX_POINT('',#12346);
#3994=VERTEX_POINT('',#12348);
#3995=VERTEX_POINT('',#12355);
#3996=VERTEX_POINT('',#12356);
#3997=VERTEX_POINT('',#12358);
#3998=VERTEX_POINT('',#12360);
#3999=VERTEX_POINT('',#12364);
#4000=VERTEX_POINT('',#12366);
#4001=VERTEX_POINT('',#12370);
#4002=VERTEX_POINT('',#12372);
#4003=VERTEX_POINT('',#12379);
#4004=VERTEX_POINT('',#12380);
#4005=VERTEX_POINT('',#12382);
#4006=VERTEX_POINT('',#12384);
#4007=VERTEX_POINT('',#12388);
#4008=VERTEX_POINT('',#12390);
#4009=VERTEX_POINT('',#12394);
#4010=VERTEX_POINT('',#12396);
#4011=VERTEX_POINT('',#12403);
#4012=VERTEX_POINT('',#12404);
#4013=VERTEX_POINT('',#12406);
#4014=VERTEX_POINT('',#12408);
#4015=VERTEX_POINT('',#12412);
#4016=VERTEX_POINT('',#12414);
#4017=VERTEX_POINT('',#12418);
#4018=VERTEX_POINT('',#12420);
#4019=VERTEX_POINT('',#12427);
#4020=VERTEX_POINT('',#12428);
#4021=VERTEX_POINT('',#12430);
#4022=VERTEX_POINT('',#12432);
#4023=VERTEX_POINT('',#12436);
#4024=VERTEX_POINT('',#12438);
#4025=VERTEX_POINT('',#12442);
#4026=VERTEX_POINT('',#12444);
#4027=VERTEX_POINT('',#12451);
#4028=VERTEX_POINT('',#12452);
#4029=VERTEX_POINT('',#12454);
#4030=VERTEX_POINT('',#12456);
#4031=VERTEX_POINT('',#12460);
#4032=VERTEX_POINT('',#12462);
#4033=VERTEX_POINT('',#12466);
#4034=VERTEX_POINT('',#12468);
#4035=VERTEX_POINT('',#12475);
#4036=VERTEX_POINT('',#12476);
#4037=VERTEX_POINT('',#12478);
#4038=VERTEX_POINT('',#12480);
#4039=VERTEX_POINT('',#12484);
#4040=VERTEX_POINT('',#12486);
#4041=VERTEX_POINT('',#12490);
#4042=VERTEX_POINT('',#12492);
#4043=VERTEX_POINT('',#12499);
#4044=VERTEX_POINT('',#12500);
#4045=VERTEX_POINT('',#12502);
#4046=VERTEX_POINT('',#12504);
#4047=VERTEX_POINT('',#12508);
#4048=VERTEX_POINT('',#12510);
#4049=VERTEX_POINT('',#12514);
#4050=VERTEX_POINT('',#12516);
#4051=VERTEX_POINT('',#12523);
#4052=VERTEX_POINT('',#12524);
#4053=VERTEX_POINT('',#12526);
#4054=VERTEX_POINT('',#12528);
#4055=VERTEX_POINT('',#12532);
#4056=VERTEX_POINT('',#12534);
#4057=VERTEX_POINT('',#12538);
#4058=VERTEX_POINT('',#12540);
#4059=VERTEX_POINT('',#12547);
#4060=VERTEX_POINT('',#12548);
#4061=VERTEX_POINT('',#12550);
#4062=VERTEX_POINT('',#12552);
#4063=VERTEX_POINT('',#12556);
#4064=VERTEX_POINT('',#12558);
#4065=VERTEX_POINT('',#12562);
#4066=VERTEX_POINT('',#12564);
#4067=VERTEX_POINT('',#12571);
#4068=VERTEX_POINT('',#12572);
#4069=VERTEX_POINT('',#12574);
#4070=VERTEX_POINT('',#12576);
#4071=VERTEX_POINT('',#12580);
#4072=VERTEX_POINT('',#12582);
#4073=VERTEX_POINT('',#12586);
#4074=VERTEX_POINT('',#12588);
#4075=VERTEX_POINT('',#12595);
#4076=VERTEX_POINT('',#12596);
#4077=VERTEX_POINT('',#12598);
#4078=VERTEX_POINT('',#12600);
#4079=VERTEX_POINT('',#12604);
#4080=VERTEX_POINT('',#12606);
#4081=VERTEX_POINT('',#12610);
#4082=VERTEX_POINT('',#12612);
#4083=VERTEX_POINT('',#12619);
#4084=VERTEX_POINT('',#12620);
#4085=VERTEX_POINT('',#12622);
#4086=VERTEX_POINT('',#12624);
#4087=VERTEX_POINT('',#12628);
#4088=VERTEX_POINT('',#12630);
#4089=VERTEX_POINT('',#12634);
#4090=VERTEX_POINT('',#12636);
#4091=VERTEX_POINT('',#12643);
#4092=VERTEX_POINT('',#12644);
#4093=VERTEX_POINT('',#12646);
#4094=VERTEX_POINT('',#12648);
#4095=VERTEX_POINT('',#12652);
#4096=VERTEX_POINT('',#12654);
#4097=VERTEX_POINT('',#12658);
#4098=VERTEX_POINT('',#12660);
#4099=VERTEX_POINT('',#12667);
#4100=VERTEX_POINT('',#12668);
#4101=VERTEX_POINT('',#12670);
#4102=VERTEX_POINT('',#12672);
#4103=VERTEX_POINT('',#12676);
#4104=VERTEX_POINT('',#12678);
#4105=VERTEX_POINT('',#12682);
#4106=VERTEX_POINT('',#12684);
#4107=EDGE_CURVE('',#3363,#3364,#1131,.T.);
#4108=EDGE_CURVE('',#3365,#3363,#1132,.T.);
#4109=EDGE_CURVE('',#3366,#3365,#1133,.T.);
#4110=EDGE_CURVE('',#3366,#3364,#1134,.T.);
#4111=EDGE_CURVE('',#3364,#3367,#1135,.T.);
#4112=EDGE_CURVE('',#3368,#3366,#1136,.T.);
#4113=EDGE_CURVE('',#3368,#3367,#1137,.T.);
#4114=EDGE_CURVE('',#3367,#3369,#1138,.T.);
#4115=EDGE_CURVE('',#3370,#3368,#1139,.T.);
#4116=EDGE_CURVE('',#3370,#3369,#1140,.T.);
#4117=EDGE_CURVE('',#3369,#3363,#1141,.T.);
#4118=EDGE_CURVE('',#3365,#3370,#1142,.T.);
#4119=EDGE_CURVE('',#3371,#3372,#1143,.T.);
#4120=EDGE_CURVE('',#3373,#3371,#1144,.T.);
#4121=EDGE_CURVE('',#3374,#3373,#1145,.T.);
#4122=EDGE_CURVE('',#3374,#3372,#1146,.T.);
#4123=EDGE_CURVE('',#3372,#3375,#1147,.T.);
#4124=EDGE_CURVE('',#3376,#3374,#1148,.T.);
#4125=EDGE_CURVE('',#3376,#3375,#1149,.T.);
#4126=EDGE_CURVE('',#3375,#3377,#1150,.T.);
#4127=EDGE_CURVE('',#3378,#3376,#1151,.T.);
#4128=EDGE_CURVE('',#3378,#3377,#1152,.T.);
#4129=EDGE_CURVE('',#3377,#3371,#1153,.T.);
#4130=EDGE_CURVE('',#3373,#3378,#1154,.T.);
#4131=EDGE_CURVE('',#3379,#3380,#1155,.T.);
#4132=EDGE_CURVE('',#3381,#3379,#1156,.T.);
#4133=EDGE_CURVE('',#3382,#3381,#1157,.T.);
#4134=EDGE_CURVE('',#3382,#3380,#1158,.T.);
#4135=EDGE_CURVE('',#3380,#3383,#1159,.T.);
#4136=EDGE_CURVE('',#3384,#3382,#1160,.T.);
#4137=EDGE_CURVE('',#3384,#3383,#1161,.T.);
#4138=EDGE_CURVE('',#3383,#3385,#1162,.T.);
#4139=EDGE_CURVE('',#3386,#3384,#1163,.T.);
#4140=EDGE_CURVE('',#3386,#3385,#1164,.T.);
#4141=EDGE_CURVE('',#3385,#3379,#1165,.T.);
#4142=EDGE_CURVE('',#3381,#3386,#1166,.T.);
#4143=EDGE_CURVE('',#3387,#3388,#1167,.T.);
#4144=EDGE_CURVE('',#3389,#3387,#1168,.T.);
#4145=EDGE_CURVE('',#3390,#3389,#1169,.T.);
#4146=EDGE_CURVE('',#3390,#3388,#1170,.T.);
#4147=EDGE_CURVE('',#3388,#3391,#1171,.T.);
#4148=EDGE_CURVE('',#3392,#3390,#1172,.T.);
#4149=EDGE_CURVE('',#3392,#3391,#1173,.T.);
#4150=EDGE_CURVE('',#3391,#3393,#1174,.T.);
#4151=EDGE_CURVE('',#3394,#3392,#1175,.T.);
#4152=EDGE_CURVE('',#3394,#3393,#1176,.T.);
#4153=EDGE_CURVE('',#3393,#3387,#1177,.T.);
#4154=EDGE_CURVE('',#3389,#3394,#1178,.T.);
#4155=EDGE_CURVE('',#3395,#3396,#1179,.T.);
#4156=EDGE_CURVE('',#3397,#3395,#1180,.T.);
#4157=EDGE_CURVE('',#3398,#3397,#1181,.T.);
#4158=EDGE_CURVE('',#3398,#3396,#1182,.T.);
#4159=EDGE_CURVE('',#3396,#3399,#1183,.T.);
#4160=EDGE_CURVE('',#3400,#3398,#1184,.T.);
#4161=EDGE_CURVE('',#3400,#3399,#1185,.T.);
#4162=EDGE_CURVE('',#3399,#3401,#1186,.T.);
#4163=EDGE_CURVE('',#3402,#3400,#1187,.T.);
#4164=EDGE_CURVE('',#3402,#3401,#1188,.T.);
#4165=EDGE_CURVE('',#3401,#3395,#1189,.T.);
#4166=EDGE_CURVE('',#3397,#3402,#1190,.T.);
#4167=EDGE_CURVE('',#3403,#3404,#1191,.T.);
#4168=EDGE_CURVE('',#3405,#3403,#1192,.T.);
#4169=EDGE_CURVE('',#3406,#3405,#1193,.T.);
#4170=EDGE_CURVE('',#3406,#3404,#1194,.T.);
#4171=EDGE_CURVE('',#3404,#3407,#1195,.T.);
#4172=EDGE_CURVE('',#3408,#3406,#1196,.T.);
#4173=EDGE_CURVE('',#3408,#3407,#1197,.T.);
#4174=EDGE_CURVE('',#3407,#3409,#1198,.T.);
#4175=EDGE_CURVE('',#3410,#3408,#1199,.T.);
#4176=EDGE_CURVE('',#3410,#3409,#1200,.T.);
#4177=EDGE_CURVE('',#3409,#3403,#1201,.T.);
#4178=EDGE_CURVE('',#3405,#3410,#1202,.T.);
#4179=EDGE_CURVE('',#3411,#3412,#1203,.T.);
#4180=EDGE_CURVE('',#3413,#3411,#1204,.T.);
#4181=EDGE_CURVE('',#3414,#3413,#1205,.T.);
#4182=EDGE_CURVE('',#3414,#3412,#1206,.T.);
#4183=EDGE_CURVE('',#3412,#3415,#1207,.T.);
#4184=EDGE_CURVE('',#3416,#3414,#1208,.T.);
#4185=EDGE_CURVE('',#3416,#3415,#1209,.T.);
#4186=EDGE_CURVE('',#3415,#3417,#1210,.T.);
#4187=EDGE_CURVE('',#3418,#3416,#1211,.T.);
#4188=EDGE_CURVE('',#3418,#3417,#1212,.T.);
#4189=EDGE_CURVE('',#3417,#3411,#1213,.T.);
#4190=EDGE_CURVE('',#3413,#3418,#1214,.T.);
#4191=EDGE_CURVE('',#3419,#3420,#1215,.T.);
#4192=EDGE_CURVE('',#3421,#3419,#1216,.T.);
#4193=EDGE_CURVE('',#3422,#3421,#1217,.T.);
#4194=EDGE_CURVE('',#3422,#3420,#1218,.T.);
#4195=EDGE_CURVE('',#3420,#3423,#1219,.T.);
#4196=EDGE_CURVE('',#3424,#3422,#1220,.T.);
#4197=EDGE_CURVE('',#3424,#3423,#1221,.T.);
#4198=EDGE_CURVE('',#3423,#3425,#1222,.T.);
#4199=EDGE_CURVE('',#3426,#3424,#1223,.T.);
#4200=EDGE_CURVE('',#3426,#3425,#1224,.T.);
#4201=EDGE_CURVE('',#3425,#3419,#1225,.T.);
#4202=EDGE_CURVE('',#3421,#3426,#1226,.T.);
#4203=EDGE_CURVE('',#3427,#3428,#1227,.T.);
#4204=EDGE_CURVE('',#3429,#3427,#1228,.T.);
#4205=EDGE_CURVE('',#3430,#3429,#1229,.T.);
#4206=EDGE_CURVE('',#3430,#3428,#1230,.T.);
#4207=EDGE_CURVE('',#3428,#3431,#1231,.T.);
#4208=EDGE_CURVE('',#3432,#3430,#1232,.T.);
#4209=EDGE_CURVE('',#3432,#3431,#1233,.T.);
#4210=EDGE_CURVE('',#3431,#3433,#1234,.T.);
#4211=EDGE_CURVE('',#3434,#3432,#1235,.T.);
#4212=EDGE_CURVE('',#3434,#3433,#1236,.T.);
#4213=EDGE_CURVE('',#3433,#3427,#1237,.T.);
#4214=EDGE_CURVE('',#3429,#3434,#1238,.T.);
#4215=EDGE_CURVE('',#3435,#3436,#1239,.T.);
#4216=EDGE_CURVE('',#3437,#3435,#1240,.T.);
#4217=EDGE_CURVE('',#3438,#3437,#1241,.T.);
#4218=EDGE_CURVE('',#3438,#3436,#1242,.T.);
#4219=EDGE_CURVE('',#3436,#3439,#1243,.T.);
#4220=EDGE_CURVE('',#3440,#3438,#1244,.T.);
#4221=EDGE_CURVE('',#3440,#3439,#1245,.T.);
#4222=EDGE_CURVE('',#3439,#3441,#1246,.T.);
#4223=EDGE_CURVE('',#3442,#3440,#1247,.T.);
#4224=EDGE_CURVE('',#3442,#3441,#1248,.T.);
#4225=EDGE_CURVE('',#3441,#3435,#1249,.T.);
#4226=EDGE_CURVE('',#3437,#3442,#1250,.T.);
#4227=EDGE_CURVE('',#3443,#3444,#1251,.T.);
#4228=EDGE_CURVE('',#3445,#3443,#1252,.T.);
#4229=EDGE_CURVE('',#3446,#3445,#1253,.T.);
#4230=EDGE_CURVE('',#3446,#3444,#1254,.T.);
#4231=EDGE_CURVE('',#3444,#3447,#1255,.T.);
#4232=EDGE_CURVE('',#3448,#3446,#1256,.T.);
#4233=EDGE_CURVE('',#3448,#3447,#1257,.T.);
#4234=EDGE_CURVE('',#3447,#3449,#1258,.T.);
#4235=EDGE_CURVE('',#3450,#3448,#1259,.T.);
#4236=EDGE_CURVE('',#3450,#3449,#1260,.T.);
#4237=EDGE_CURVE('',#3449,#3443,#1261,.T.);
#4238=EDGE_CURVE('',#3445,#3450,#1262,.T.);
#4239=EDGE_CURVE('',#3451,#3452,#1263,.T.);
#4240=EDGE_CURVE('',#3453,#3451,#1264,.T.);
#4241=EDGE_CURVE('',#3454,#3453,#1265,.T.);
#4242=EDGE_CURVE('',#3454,#3452,#1266,.T.);
#4243=EDGE_CURVE('',#3452,#3455,#1267,.T.);
#4244=EDGE_CURVE('',#3456,#3454,#1268,.T.);
#4245=EDGE_CURVE('',#3456,#3455,#1269,.T.);
#4246=EDGE_CURVE('',#3455,#3457,#1270,.T.);
#4247=EDGE_CURVE('',#3458,#3456,#1271,.T.);
#4248=EDGE_CURVE('',#3458,#3457,#1272,.T.);
#4249=EDGE_CURVE('',#3457,#3451,#1273,.T.);
#4250=EDGE_CURVE('',#3453,#3458,#1274,.T.);
#4251=EDGE_CURVE('',#3459,#3460,#1275,.T.);
#4252=EDGE_CURVE('',#3461,#3459,#1276,.T.);
#4253=EDGE_CURVE('',#3462,#3461,#1277,.T.);
#4254=EDGE_CURVE('',#3462,#3460,#1278,.T.);
#4255=EDGE_CURVE('',#3460,#3463,#1279,.T.);
#4256=EDGE_CURVE('',#3464,#3462,#1280,.T.);
#4257=EDGE_CURVE('',#3464,#3463,#1281,.T.);
#4258=EDGE_CURVE('',#3463,#3465,#1282,.T.);
#4259=EDGE_CURVE('',#3466,#3464,#1283,.T.);
#4260=EDGE_CURVE('',#3466,#3465,#1284,.T.);
#4261=EDGE_CURVE('',#3465,#3459,#1285,.T.);
#4262=EDGE_CURVE('',#3461,#3466,#1286,.T.);
#4263=EDGE_CURVE('',#3467,#3468,#1287,.T.);
#4264=EDGE_CURVE('',#3469,#3467,#1288,.T.);
#4265=EDGE_CURVE('',#3470,#3469,#1289,.T.);
#4266=EDGE_CURVE('',#3470,#3468,#1290,.T.);
#4267=EDGE_CURVE('',#3468,#3471,#1291,.T.);
#4268=EDGE_CURVE('',#3472,#3470,#1292,.T.);
#4269=EDGE_CURVE('',#3472,#3471,#1293,.T.);
#4270=EDGE_CURVE('',#3471,#3473,#1294,.T.);
#4271=EDGE_CURVE('',#3474,#3472,#1295,.T.);
#4272=EDGE_CURVE('',#3474,#3473,#1296,.T.);
#4273=EDGE_CURVE('',#3473,#3467,#1297,.T.);
#4274=EDGE_CURVE('',#3469,#3474,#1298,.T.);
#4275=EDGE_CURVE('',#3475,#3476,#1299,.T.);
#4276=EDGE_CURVE('',#3477,#3475,#1300,.T.);
#4277=EDGE_CURVE('',#3478,#3477,#1301,.T.);
#4278=EDGE_CURVE('',#3478,#3476,#1302,.T.);
#4279=EDGE_CURVE('',#3476,#3479,#1303,.T.);
#4280=EDGE_CURVE('',#3480,#3478,#1304,.T.);
#4281=EDGE_CURVE('',#3480,#3479,#1305,.T.);
#4282=EDGE_CURVE('',#3479,#3481,#1306,.T.);
#4283=EDGE_CURVE('',#3482,#3480,#1307,.T.);
#4284=EDGE_CURVE('',#3482,#3481,#1308,.T.);
#4285=EDGE_CURVE('',#3481,#3475,#1309,.T.);
#4286=EDGE_CURVE('',#3477,#3482,#1310,.T.);
#4287=EDGE_CURVE('',#3483,#3484,#1311,.T.);
#4288=EDGE_CURVE('',#3485,#3483,#1312,.T.);
#4289=EDGE_CURVE('',#3486,#3485,#1313,.T.);
#4290=EDGE_CURVE('',#3486,#3484,#1314,.T.);
#4291=EDGE_CURVE('',#3484,#3487,#1315,.T.);
#4292=EDGE_CURVE('',#3488,#3486,#1316,.T.);
#4293=EDGE_CURVE('',#3488,#3487,#1317,.T.);
#4294=EDGE_CURVE('',#3487,#3489,#1318,.T.);
#4295=EDGE_CURVE('',#3490,#3488,#1319,.T.);
#4296=EDGE_CURVE('',#3490,#3489,#1320,.T.);
#4297=EDGE_CURVE('',#3489,#3483,#1321,.T.);
#4298=EDGE_CURVE('',#3485,#3490,#1322,.T.);
#4299=EDGE_CURVE('',#3491,#3492,#1323,.T.);
#4300=EDGE_CURVE('',#3493,#3491,#1324,.T.);
#4301=EDGE_CURVE('',#3494,#3493,#1325,.T.);
#4302=EDGE_CURVE('',#3494,#3492,#1326,.T.);
#4303=EDGE_CURVE('',#3492,#3495,#1327,.T.);
#4304=EDGE_CURVE('',#3496,#3494,#1328,.T.);
#4305=EDGE_CURVE('',#3496,#3495,#1329,.T.);
#4306=EDGE_CURVE('',#3495,#3497,#1330,.T.);
#4307=EDGE_CURVE('',#3498,#3496,#1331,.T.);
#4308=EDGE_CURVE('',#3498,#3497,#1332,.T.);
#4309=EDGE_CURVE('',#3497,#3491,#1333,.T.);
#4310=EDGE_CURVE('',#3493,#3498,#1334,.T.);
#4311=EDGE_CURVE('',#3499,#3500,#1335,.T.);
#4312=EDGE_CURVE('',#3501,#3499,#1336,.T.);
#4313=EDGE_CURVE('',#3502,#3501,#1337,.T.);
#4314=EDGE_CURVE('',#3502,#3500,#1338,.T.);
#4315=EDGE_CURVE('',#3500,#3503,#1339,.T.);
#4316=EDGE_CURVE('',#3504,#3502,#1340,.T.);
#4317=EDGE_CURVE('',#3504,#3503,#1341,.T.);
#4318=EDGE_CURVE('',#3503,#3505,#1342,.T.);
#4319=EDGE_CURVE('',#3506,#3504,#1343,.T.);
#4320=EDGE_CURVE('',#3506,#3505,#1344,.T.);
#4321=EDGE_CURVE('',#3505,#3499,#1345,.T.);
#4322=EDGE_CURVE('',#3501,#3506,#1346,.T.);
#4323=EDGE_CURVE('',#3507,#3508,#1347,.T.);
#4324=EDGE_CURVE('',#3509,#3507,#1348,.T.);
#4325=EDGE_CURVE('',#3510,#3509,#1349,.T.);
#4326=EDGE_CURVE('',#3510,#3508,#1350,.T.);
#4327=EDGE_CURVE('',#3508,#3511,#1351,.T.);
#4328=EDGE_CURVE('',#3512,#3510,#1352,.T.);
#4329=EDGE_CURVE('',#3512,#3511,#1353,.T.);
#4330=EDGE_CURVE('',#3511,#3513,#1354,.T.);
#4331=EDGE_CURVE('',#3514,#3512,#1355,.T.);
#4332=EDGE_CURVE('',#3514,#3513,#1356,.T.);
#4333=EDGE_CURVE('',#3513,#3507,#1357,.T.);
#4334=EDGE_CURVE('',#3509,#3514,#1358,.T.);
#4335=EDGE_CURVE('',#3515,#3516,#1359,.T.);
#4336=EDGE_CURVE('',#3517,#3515,#1360,.T.);
#4337=EDGE_CURVE('',#3518,#3517,#1361,.T.);
#4338=EDGE_CURVE('',#3518,#3516,#1362,.T.);
#4339=EDGE_CURVE('',#3516,#3519,#1363,.T.);
#4340=EDGE_CURVE('',#3520,#3518,#1364,.T.);
#4341=EDGE_CURVE('',#3520,#3519,#1365,.T.);
#4342=EDGE_CURVE('',#3519,#3521,#1366,.T.);
#4343=EDGE_CURVE('',#3522,#3520,#1367,.T.);
#4344=EDGE_CURVE('',#3522,#3521,#1368,.T.);
#4345=EDGE_CURVE('',#3521,#3515,#1369,.T.);
#4346=EDGE_CURVE('',#3517,#3522,#1370,.T.);
#4347=EDGE_CURVE('',#3523,#3524,#1371,.T.);
#4348=EDGE_CURVE('',#3525,#3523,#1372,.T.);
#4349=EDGE_CURVE('',#3526,#3525,#1373,.T.);
#4350=EDGE_CURVE('',#3526,#3524,#1374,.T.);
#4351=EDGE_CURVE('',#3524,#3527,#1375,.T.);
#4352=EDGE_CURVE('',#3528,#3526,#1376,.T.);
#4353=EDGE_CURVE('',#3528,#3527,#1377,.T.);
#4354=EDGE_CURVE('',#3527,#3529,#1378,.T.);
#4355=EDGE_CURVE('',#3530,#3528,#1379,.T.);
#4356=EDGE_CURVE('',#3530,#3529,#1380,.T.);
#4357=EDGE_CURVE('',#3529,#3523,#1381,.T.);
#4358=EDGE_CURVE('',#3525,#3530,#1382,.T.);
#4359=EDGE_CURVE('',#3531,#3532,#1383,.T.);
#4360=EDGE_CURVE('',#3533,#3531,#1384,.T.);
#4361=EDGE_CURVE('',#3534,#3533,#1385,.T.);
#4362=EDGE_CURVE('',#3534,#3532,#1386,.T.);
#4363=EDGE_CURVE('',#3532,#3535,#1387,.T.);
#4364=EDGE_CURVE('',#3536,#3534,#1388,.T.);
#4365=EDGE_CURVE('',#3536,#3535,#1389,.T.);
#4366=EDGE_CURVE('',#3535,#3537,#1390,.T.);
#4367=EDGE_CURVE('',#3538,#3536,#1391,.T.);
#4368=EDGE_CURVE('',#3538,#3537,#1392,.T.);
#4369=EDGE_CURVE('',#3537,#3531,#1393,.T.);
#4370=EDGE_CURVE('',#3533,#3538,#1394,.T.);
#4371=EDGE_CURVE('',#3539,#3540,#1395,.T.);
#4372=EDGE_CURVE('',#3541,#3539,#1396,.T.);
#4373=EDGE_CURVE('',#3542,#3541,#1397,.T.);
#4374=EDGE_CURVE('',#3542,#3540,#1398,.T.);
#4375=EDGE_CURVE('',#3540,#3543,#1399,.T.);
#4376=EDGE_CURVE('',#3544,#3542,#1400,.T.);
#4377=EDGE_CURVE('',#3544,#3543,#1401,.T.);
#4378=EDGE_CURVE('',#3543,#3545,#1402,.T.);
#4379=EDGE_CURVE('',#3546,#3544,#1403,.T.);
#4380=EDGE_CURVE('',#3546,#3545,#1404,.T.);
#4381=EDGE_CURVE('',#3545,#3539,#1405,.T.);
#4382=EDGE_CURVE('',#3541,#3546,#1406,.T.);
#4383=EDGE_CURVE('',#3547,#3548,#1407,.T.);
#4384=EDGE_CURVE('',#3549,#3547,#1408,.T.);
#4385=EDGE_CURVE('',#3550,#3549,#1409,.T.);
#4386=EDGE_CURVE('',#3550,#3548,#1410,.T.);
#4387=EDGE_CURVE('',#3548,#3551,#1411,.T.);
#4388=EDGE_CURVE('',#3552,#3550,#1412,.T.);
#4389=EDGE_CURVE('',#3552,#3551,#1413,.T.);
#4390=EDGE_CURVE('',#3551,#3553,#1414,.T.);
#4391=EDGE_CURVE('',#3554,#3552,#1415,.T.);
#4392=EDGE_CURVE('',#3554,#3553,#1416,.T.);
#4393=EDGE_CURVE('',#3553,#3547,#1417,.T.);
#4394=EDGE_CURVE('',#3549,#3554,#1418,.T.);
#4395=EDGE_CURVE('',#3555,#3556,#1419,.T.);
#4396=EDGE_CURVE('',#3557,#3555,#1420,.T.);
#4397=EDGE_CURVE('',#3558,#3557,#1421,.T.);
#4398=EDGE_CURVE('',#3558,#3556,#1422,.T.);
#4399=EDGE_CURVE('',#3556,#3559,#1423,.T.);
#4400=EDGE_CURVE('',#3560,#3558,#1424,.T.);
#4401=EDGE_CURVE('',#3560,#3559,#1425,.T.);
#4402=EDGE_CURVE('',#3559,#3561,#1426,.T.);
#4403=EDGE_CURVE('',#3562,#3560,#1427,.T.);
#4404=EDGE_CURVE('',#3562,#3561,#1428,.T.);
#4405=EDGE_CURVE('',#3561,#3555,#1429,.T.);
#4406=EDGE_CURVE('',#3557,#3562,#1430,.T.);
#4407=EDGE_CURVE('',#3563,#3564,#1431,.T.);
#4408=EDGE_CURVE('',#3565,#3563,#1432,.T.);
#4409=EDGE_CURVE('',#3566,#3565,#1433,.T.);
#4410=EDGE_CURVE('',#3566,#3564,#1434,.T.);
#4411=EDGE_CURVE('',#3564,#3567,#1435,.T.);
#4412=EDGE_CURVE('',#3568,#3566,#1436,.T.);
#4413=EDGE_CURVE('',#3568,#3567,#1437,.T.);
#4414=EDGE_CURVE('',#3567,#3569,#1438,.T.);
#4415=EDGE_CURVE('',#3570,#3568,#1439,.T.);
#4416=EDGE_CURVE('',#3570,#3569,#1440,.T.);
#4417=EDGE_CURVE('',#3569,#3563,#1441,.T.);
#4418=EDGE_CURVE('',#3565,#3570,#1442,.T.);
#4419=EDGE_CURVE('',#3571,#3572,#1443,.T.);
#4420=EDGE_CURVE('',#3573,#3571,#1444,.T.);
#4421=EDGE_CURVE('',#3574,#3573,#1445,.T.);
#4422=EDGE_CURVE('',#3574,#3572,#1446,.T.);
#4423=EDGE_CURVE('',#3572,#3575,#1447,.T.);
#4424=EDGE_CURVE('',#3576,#3574,#1448,.T.);
#4425=EDGE_CURVE('',#3576,#3575,#1449,.T.);
#4426=EDGE_CURVE('',#3575,#3577,#1450,.T.);
#4427=EDGE_CURVE('',#3578,#3576,#1451,.T.);
#4428=EDGE_CURVE('',#3578,#3577,#1452,.T.);
#4429=EDGE_CURVE('',#3577,#3571,#1453,.T.);
#4430=EDGE_CURVE('',#3573,#3578,#1454,.T.);
#4431=EDGE_CURVE('',#3579,#3580,#1455,.T.);
#4432=EDGE_CURVE('',#3581,#3579,#1456,.T.);
#4433=EDGE_CURVE('',#3582,#3581,#1457,.T.);
#4434=EDGE_CURVE('',#3582,#3580,#1458,.T.);
#4435=EDGE_CURVE('',#3580,#3583,#1459,.T.);
#4436=EDGE_CURVE('',#3584,#3582,#1460,.T.);
#4437=EDGE_CURVE('',#3584,#3583,#1461,.T.);
#4438=EDGE_CURVE('',#3583,#3585,#1462,.T.);
#4439=EDGE_CURVE('',#3586,#3584,#1463,.T.);
#4440=EDGE_CURVE('',#3586,#3585,#1464,.T.);
#4441=EDGE_CURVE('',#3585,#3579,#1465,.T.);
#4442=EDGE_CURVE('',#3581,#3586,#1466,.T.);
#4443=EDGE_CURVE('',#3587,#3588,#1467,.T.);
#4444=EDGE_CURVE('',#3589,#3587,#1468,.T.);
#4445=EDGE_CURVE('',#3590,#3589,#1469,.T.);
#4446=EDGE_CURVE('',#3590,#3588,#1470,.T.);
#4447=EDGE_CURVE('',#3588,#3591,#1471,.T.);
#4448=EDGE_CURVE('',#3592,#3590,#1472,.T.);
#4449=EDGE_CURVE('',#3592,#3591,#1473,.T.);
#4450=EDGE_CURVE('',#3591,#3593,#1474,.T.);
#4451=EDGE_CURVE('',#3594,#3592,#1475,.T.);
#4452=EDGE_CURVE('',#3594,#3593,#1476,.T.);
#4453=EDGE_CURVE('',#3593,#3587,#1477,.T.);
#4454=EDGE_CURVE('',#3589,#3594,#1478,.T.);
#4455=EDGE_CURVE('',#3595,#3596,#1479,.T.);
#4456=EDGE_CURVE('',#3597,#3595,#1480,.T.);
#4457=EDGE_CURVE('',#3598,#3597,#1481,.T.);
#4458=EDGE_CURVE('',#3598,#3596,#1482,.T.);
#4459=EDGE_CURVE('',#3596,#3599,#1483,.T.);
#4460=EDGE_CURVE('',#3600,#3598,#1484,.T.);
#4461=EDGE_CURVE('',#3600,#3599,#1485,.T.);
#4462=EDGE_CURVE('',#3599,#3601,#1486,.T.);
#4463=EDGE_CURVE('',#3602,#3600,#1487,.T.);
#4464=EDGE_CURVE('',#3602,#3601,#1488,.T.);
#4465=EDGE_CURVE('',#3601,#3595,#1489,.T.);
#4466=EDGE_CURVE('',#3597,#3602,#1490,.T.);
#4467=EDGE_CURVE('',#3603,#3604,#1491,.T.);
#4468=EDGE_CURVE('',#3605,#3603,#1492,.T.);
#4469=EDGE_CURVE('',#3606,#3605,#1493,.T.);
#4470=EDGE_CURVE('',#3606,#3604,#1494,.T.);
#4471=EDGE_CURVE('',#3604,#3607,#1495,.T.);
#4472=EDGE_CURVE('',#3608,#3606,#1496,.T.);
#4473=EDGE_CURVE('',#3608,#3607,#1497,.T.);
#4474=EDGE_CURVE('',#3607,#3609,#1498,.T.);
#4475=EDGE_CURVE('',#3610,#3608,#1499,.T.);
#4476=EDGE_CURVE('',#3610,#3609,#1500,.T.);
#4477=EDGE_CURVE('',#3609,#3603,#1501,.T.);
#4478=EDGE_CURVE('',#3605,#3610,#1502,.T.);
#4479=EDGE_CURVE('',#3611,#3612,#1503,.T.);
#4480=EDGE_CURVE('',#3613,#3611,#1504,.T.);
#4481=EDGE_CURVE('',#3614,#3613,#1505,.T.);
#4482=EDGE_CURVE('',#3614,#3612,#1506,.T.);
#4483=EDGE_CURVE('',#3612,#3615,#1507,.T.);
#4484=EDGE_CURVE('',#3616,#3614,#1508,.T.);
#4485=EDGE_CURVE('',#3616,#3615,#1509,.T.);
#4486=EDGE_CURVE('',#3615,#3617,#1510,.T.);
#4487=EDGE_CURVE('',#3618,#3616,#1511,.T.);
#4488=EDGE_CURVE('',#3618,#3617,#1512,.T.);
#4489=EDGE_CURVE('',#3617,#3611,#1513,.T.);
#4490=EDGE_CURVE('',#3613,#3618,#1514,.T.);
#4491=EDGE_CURVE('',#3619,#3620,#1515,.T.);
#4492=EDGE_CURVE('',#3621,#3619,#1516,.T.);
#4493=EDGE_CURVE('',#3622,#3621,#1517,.T.);
#4494=EDGE_CURVE('',#3622,#3620,#1518,.T.);
#4495=EDGE_CURVE('',#3620,#3623,#1519,.T.);
#4496=EDGE_CURVE('',#3624,#3622,#1520,.T.);
#4497=EDGE_CURVE('',#3624,#3623,#1521,.T.);
#4498=EDGE_CURVE('',#3623,#3625,#1522,.T.);
#4499=EDGE_CURVE('',#3626,#3624,#1523,.T.);
#4500=EDGE_CURVE('',#3626,#3625,#1524,.T.);
#4501=EDGE_CURVE('',#3625,#3619,#1525,.T.);
#4502=EDGE_CURVE('',#3621,#3626,#1526,.T.);
#4503=EDGE_CURVE('',#3627,#3628,#1527,.T.);
#4504=EDGE_CURVE('',#3629,#3627,#1528,.T.);
#4505=EDGE_CURVE('',#3630,#3629,#1529,.T.);
#4506=EDGE_CURVE('',#3630,#3628,#1530,.T.);
#4507=EDGE_CURVE('',#3628,#3631,#1531,.T.);
#4508=EDGE_CURVE('',#3632,#3630,#1532,.T.);
#4509=EDGE_CURVE('',#3632,#3631,#1533,.T.);
#4510=EDGE_CURVE('',#3631,#3633,#1534,.T.);
#4511=EDGE_CURVE('',#3634,#3632,#1535,.T.);
#4512=EDGE_CURVE('',#3634,#3633,#1536,.T.);
#4513=EDGE_CURVE('',#3633,#3627,#1537,.T.);
#4514=EDGE_CURVE('',#3629,#3634,#1538,.T.);
#4515=EDGE_CURVE('',#3635,#3636,#1539,.T.);
#4516=EDGE_CURVE('',#3637,#3635,#1540,.T.);
#4517=EDGE_CURVE('',#3638,#3637,#1541,.T.);
#4518=EDGE_CURVE('',#3638,#3636,#1542,.T.);
#4519=EDGE_CURVE('',#3636,#3639,#1543,.T.);
#4520=EDGE_CURVE('',#3640,#3638,#1544,.T.);
#4521=EDGE_CURVE('',#3640,#3639,#1545,.T.);
#4522=EDGE_CURVE('',#3639,#3641,#1546,.T.);
#4523=EDGE_CURVE('',#3642,#3640,#1547,.T.);
#4524=EDGE_CURVE('',#3642,#3641,#1548,.T.);
#4525=EDGE_CURVE('',#3641,#3635,#1549,.T.);
#4526=EDGE_CURVE('',#3637,#3642,#1550,.T.);
#4527=EDGE_CURVE('',#3643,#3644,#1551,.T.);
#4528=EDGE_CURVE('',#3645,#3643,#1552,.T.);
#4529=EDGE_CURVE('',#3646,#3645,#1553,.T.);
#4530=EDGE_CURVE('',#3646,#3644,#1554,.T.);
#4531=EDGE_CURVE('',#3644,#3647,#1555,.T.);
#4532=EDGE_CURVE('',#3648,#3646,#1556,.T.);
#4533=EDGE_CURVE('',#3648,#3647,#1557,.T.);
#4534=EDGE_CURVE('',#3647,#3649,#1558,.T.);
#4535=EDGE_CURVE('',#3650,#3648,#1559,.T.);
#4536=EDGE_CURVE('',#3650,#3649,#1560,.T.);
#4537=EDGE_CURVE('',#3649,#3643,#1561,.T.);
#4538=EDGE_CURVE('',#3645,#3650,#1562,.T.);
#4539=EDGE_CURVE('',#3651,#3652,#1563,.T.);
#4540=EDGE_CURVE('',#3653,#3651,#1564,.T.);
#4541=EDGE_CURVE('',#3654,#3653,#1565,.T.);
#4542=EDGE_CURVE('',#3654,#3652,#1566,.T.);
#4543=EDGE_CURVE('',#3652,#3655,#1567,.T.);
#4544=EDGE_CURVE('',#3656,#3654,#1568,.T.);
#4545=EDGE_CURVE('',#3656,#3655,#1569,.T.);
#4546=EDGE_CURVE('',#3655,#3657,#1570,.T.);
#4547=EDGE_CURVE('',#3658,#3656,#1571,.T.);
#4548=EDGE_CURVE('',#3658,#3657,#1572,.T.);
#4549=EDGE_CURVE('',#3657,#3651,#1573,.T.);
#4550=EDGE_CURVE('',#3653,#3658,#1574,.T.);
#4551=EDGE_CURVE('',#3659,#3660,#1575,.T.);
#4552=EDGE_CURVE('',#3661,#3659,#1576,.T.);
#4553=EDGE_CURVE('',#3662,#3661,#1577,.T.);
#4554=EDGE_CURVE('',#3662,#3660,#1578,.T.);
#4555=EDGE_CURVE('',#3660,#3663,#1579,.T.);
#4556=EDGE_CURVE('',#3664,#3662,#1580,.T.);
#4557=EDGE_CURVE('',#3664,#3663,#1581,.T.);
#4558=EDGE_CURVE('',#3663,#3665,#1582,.T.);
#4559=EDGE_CURVE('',#3666,#3664,#1583,.T.);
#4560=EDGE_CURVE('',#3666,#3665,#1584,.T.);
#4561=EDGE_CURVE('',#3665,#3659,#1585,.T.);
#4562=EDGE_CURVE('',#3661,#3666,#1586,.T.);
#4563=EDGE_CURVE('',#3667,#3668,#1587,.T.);
#4564=EDGE_CURVE('',#3669,#3667,#1588,.T.);
#4565=EDGE_CURVE('',#3670,#3669,#1589,.T.);
#4566=EDGE_CURVE('',#3670,#3668,#1590,.T.);
#4567=EDGE_CURVE('',#3668,#3671,#1591,.T.);
#4568=EDGE_CURVE('',#3672,#3670,#1592,.T.);
#4569=EDGE_CURVE('',#3672,#3671,#1593,.T.);
#4570=EDGE_CURVE('',#3671,#3673,#1594,.T.);
#4571=EDGE_CURVE('',#3674,#3672,#1595,.T.);
#4572=EDGE_CURVE('',#3674,#3673,#1596,.T.);
#4573=EDGE_CURVE('',#3673,#3667,#1597,.T.);
#4574=EDGE_CURVE('',#3669,#3674,#1598,.T.);
#4575=EDGE_CURVE('',#3675,#3676,#1599,.T.);
#4576=EDGE_CURVE('',#3677,#3675,#1600,.T.);
#4577=EDGE_CURVE('',#3678,#3677,#1601,.T.);
#4578=EDGE_CURVE('',#3678,#3676,#1602,.T.);
#4579=EDGE_CURVE('',#3676,#3679,#1603,.T.);
#4580=EDGE_CURVE('',#3680,#3678,#1604,.T.);
#4581=EDGE_CURVE('',#3680,#3679,#1605,.T.);
#4582=EDGE_CURVE('',#3679,#3681,#1606,.T.);
#4583=EDGE_CURVE('',#3682,#3680,#1607,.T.);
#4584=EDGE_CURVE('',#3682,#3681,#1608,.T.);
#4585=EDGE_CURVE('',#3681,#3675,#1609,.T.);
#4586=EDGE_CURVE('',#3677,#3682,#1610,.T.);
#4587=EDGE_CURVE('',#3683,#3684,#1611,.T.);
#4588=EDGE_CURVE('',#3685,#3683,#1612,.T.);
#4589=EDGE_CURVE('',#3686,#3685,#1613,.T.);
#4590=EDGE_CURVE('',#3686,#3684,#1614,.T.);
#4591=EDGE_CURVE('',#3684,#3687,#1615,.T.);
#4592=EDGE_CURVE('',#3688,#3686,#1616,.T.);
#4593=EDGE_CURVE('',#3688,#3687,#1617,.T.);
#4594=EDGE_CURVE('',#3687,#3689,#1618,.T.);
#4595=EDGE_CURVE('',#3690,#3688,#1619,.T.);
#4596=EDGE_CURVE('',#3690,#3689,#1620,.T.);
#4597=EDGE_CURVE('',#3689,#3683,#1621,.T.);
#4598=EDGE_CURVE('',#3685,#3690,#1622,.T.);
#4599=EDGE_CURVE('',#3691,#3692,#1623,.T.);
#4600=EDGE_CURVE('',#3693,#3691,#1624,.T.);
#4601=EDGE_CURVE('',#3694,#3693,#1625,.T.);
#4602=EDGE_CURVE('',#3694,#3692,#1626,.T.);
#4603=EDGE_CURVE('',#3692,#3695,#1627,.T.);
#4604=EDGE_CURVE('',#3696,#3694,#1628,.T.);
#4605=EDGE_CURVE('',#3696,#3695,#1629,.T.);
#4606=EDGE_CURVE('',#3695,#3697,#1630,.T.);
#4607=EDGE_CURVE('',#3698,#3696,#1631,.T.);
#4608=EDGE_CURVE('',#3698,#3697,#1632,.T.);
#4609=EDGE_CURVE('',#3697,#3691,#1633,.T.);
#4610=EDGE_CURVE('',#3693,#3698,#1634,.T.);
#4611=EDGE_CURVE('',#3699,#3700,#1635,.T.);
#4612=EDGE_CURVE('',#3701,#3699,#1636,.T.);
#4613=EDGE_CURVE('',#3702,#3701,#1637,.T.);
#4614=EDGE_CURVE('',#3702,#3700,#1638,.T.);
#4615=EDGE_CURVE('',#3700,#3703,#1639,.T.);
#4616=EDGE_CURVE('',#3704,#3702,#1640,.T.);
#4617=EDGE_CURVE('',#3704,#3703,#1641,.T.);
#4618=EDGE_CURVE('',#3703,#3705,#1642,.T.);
#4619=EDGE_CURVE('',#3706,#3704,#1643,.T.);
#4620=EDGE_CURVE('',#3706,#3705,#1644,.T.);
#4621=EDGE_CURVE('',#3705,#3699,#1645,.T.);
#4622=EDGE_CURVE('',#3701,#3706,#1646,.T.);
#4623=EDGE_CURVE('',#3707,#3708,#1647,.T.);
#4624=EDGE_CURVE('',#3709,#3707,#1648,.T.);
#4625=EDGE_CURVE('',#3710,#3709,#1649,.T.);
#4626=EDGE_CURVE('',#3710,#3708,#1650,.T.);
#4627=EDGE_CURVE('',#3708,#3711,#1651,.T.);
#4628=EDGE_CURVE('',#3712,#3710,#1652,.T.);
#4629=EDGE_CURVE('',#3712,#3711,#1653,.T.);
#4630=EDGE_CURVE('',#3711,#3713,#1654,.T.);
#4631=EDGE_CURVE('',#3714,#3712,#1655,.T.);
#4632=EDGE_CURVE('',#3714,#3713,#1656,.T.);
#4633=EDGE_CURVE('',#3713,#3707,#1657,.T.);
#4634=EDGE_CURVE('',#3709,#3714,#1658,.T.);
#4635=EDGE_CURVE('',#3715,#3716,#1659,.T.);
#4636=EDGE_CURVE('',#3717,#3715,#1660,.T.);
#4637=EDGE_CURVE('',#3718,#3717,#1661,.T.);
#4638=EDGE_CURVE('',#3718,#3716,#1662,.T.);
#4639=EDGE_CURVE('',#3716,#3719,#1663,.T.);
#4640=EDGE_CURVE('',#3720,#3718,#1664,.T.);
#4641=EDGE_CURVE('',#3720,#3719,#1665,.T.);
#4642=EDGE_CURVE('',#3719,#3721,#1666,.T.);
#4643=EDGE_CURVE('',#3722,#3720,#1667,.T.);
#4644=EDGE_CURVE('',#3722,#3721,#1668,.T.);
#4645=EDGE_CURVE('',#3721,#3715,#1669,.T.);
#4646=EDGE_CURVE('',#3717,#3722,#1670,.T.);
#4647=EDGE_CURVE('',#3723,#3724,#1671,.T.);
#4648=EDGE_CURVE('',#3725,#3723,#1672,.T.);
#4649=EDGE_CURVE('',#3726,#3725,#1673,.T.);
#4650=EDGE_CURVE('',#3726,#3724,#1674,.T.);
#4651=EDGE_CURVE('',#3724,#3727,#1675,.T.);
#4652=EDGE_CURVE('',#3728,#3726,#1676,.T.);
#4653=EDGE_CURVE('',#3728,#3727,#1677,.T.);
#4654=EDGE_CURVE('',#3727,#3729,#1678,.T.);
#4655=EDGE_CURVE('',#3730,#3728,#1679,.T.);
#4656=EDGE_CURVE('',#3730,#3729,#1680,.T.);
#4657=EDGE_CURVE('',#3729,#3723,#1681,.T.);
#4658=EDGE_CURVE('',#3725,#3730,#1682,.T.);
#4659=EDGE_CURVE('',#3731,#3732,#1683,.T.);
#4660=EDGE_CURVE('',#3733,#3731,#1684,.T.);
#4661=EDGE_CURVE('',#3734,#3733,#1685,.T.);
#4662=EDGE_CURVE('',#3734,#3732,#1686,.T.);
#4663=EDGE_CURVE('',#3732,#3735,#1687,.T.);
#4664=EDGE_CURVE('',#3736,#3734,#1688,.T.);
#4665=EDGE_CURVE('',#3736,#3735,#1689,.T.);
#4666=EDGE_CURVE('',#3735,#3737,#1690,.T.);
#4667=EDGE_CURVE('',#3738,#3736,#1691,.T.);
#4668=EDGE_CURVE('',#3738,#3737,#1692,.T.);
#4669=EDGE_CURVE('',#3737,#3731,#1693,.T.);
#4670=EDGE_CURVE('',#3733,#3738,#1694,.T.);
#4671=EDGE_CURVE('',#3739,#3740,#1695,.T.);
#4672=EDGE_CURVE('',#3741,#3739,#1696,.T.);
#4673=EDGE_CURVE('',#3742,#3741,#1697,.T.);
#4674=EDGE_CURVE('',#3742,#3740,#1698,.T.);
#4675=EDGE_CURVE('',#3740,#3743,#1699,.T.);
#4676=EDGE_CURVE('',#3744,#3742,#1700,.T.);
#4677=EDGE_CURVE('',#3744,#3743,#1701,.T.);
#4678=EDGE_CURVE('',#3743,#3745,#1702,.T.);
#4679=EDGE_CURVE('',#3746,#3744,#1703,.T.);
#4680=EDGE_CURVE('',#3746,#3745,#1704,.T.);
#4681=EDGE_CURVE('',#3745,#3739,#1705,.T.);
#4682=EDGE_CURVE('',#3741,#3746,#1706,.T.);
#4683=EDGE_CURVE('',#3747,#3748,#1707,.T.);
#4684=EDGE_CURVE('',#3749,#3747,#1708,.T.);
#4685=EDGE_CURVE('',#3750,#3749,#1709,.T.);
#4686=EDGE_CURVE('',#3750,#3748,#1710,.T.);
#4687=EDGE_CURVE('',#3748,#3751,#1711,.T.);
#4688=EDGE_CURVE('',#3752,#3750,#1712,.T.);
#4689=EDGE_CURVE('',#3752,#3751,#1713,.T.);
#4690=EDGE_CURVE('',#3751,#3753,#1714,.T.);
#4691=EDGE_CURVE('',#3754,#3752,#1715,.T.);
#4692=EDGE_CURVE('',#3754,#3753,#1716,.T.);
#4693=EDGE_CURVE('',#3753,#3747,#1717,.T.);
#4694=EDGE_CURVE('',#3749,#3754,#1718,.T.);
#4695=EDGE_CURVE('',#3755,#3756,#1719,.T.);
#4696=EDGE_CURVE('',#3757,#3755,#1720,.T.);
#4697=EDGE_CURVE('',#3758,#3757,#1721,.T.);
#4698=EDGE_CURVE('',#3758,#3756,#1722,.T.);
#4699=EDGE_CURVE('',#3756,#3759,#1723,.T.);
#4700=EDGE_CURVE('',#3760,#3758,#1724,.T.);
#4701=EDGE_CURVE('',#3760,#3759,#1725,.T.);
#4702=EDGE_CURVE('',#3759,#3761,#1726,.T.);
#4703=EDGE_CURVE('',#3762,#3760,#1727,.T.);
#4704=EDGE_CURVE('',#3762,#3761,#1728,.T.);
#4705=EDGE_CURVE('',#3761,#3755,#1729,.T.);
#4706=EDGE_CURVE('',#3757,#3762,#1730,.T.);
#4707=EDGE_CURVE('',#3763,#3764,#1731,.T.);
#4708=EDGE_CURVE('',#3765,#3763,#1732,.T.);
#4709=EDGE_CURVE('',#3766,#3765,#1733,.T.);
#4710=EDGE_CURVE('',#3766,#3764,#1734,.T.);
#4711=EDGE_CURVE('',#3764,#3767,#1735,.T.);
#4712=EDGE_CURVE('',#3768,#3766,#1736,.T.);
#4713=EDGE_CURVE('',#3768,#3767,#1737,.T.);
#4714=EDGE_CURVE('',#3767,#3769,#1738,.T.);
#4715=EDGE_CURVE('',#3770,#3768,#1739,.T.);
#4716=EDGE_CURVE('',#3770,#3769,#1740,.T.);
#4717=EDGE_CURVE('',#3769,#3763,#1741,.T.);
#4718=EDGE_CURVE('',#3765,#3770,#1742,.T.);
#4719=EDGE_CURVE('',#3771,#3772,#1743,.T.);
#4720=EDGE_CURVE('',#3773,#3771,#1744,.T.);
#4721=EDGE_CURVE('',#3774,#3773,#1745,.T.);
#4722=EDGE_CURVE('',#3774,#3772,#1746,.T.);
#4723=EDGE_CURVE('',#3772,#3775,#1747,.T.);
#4724=EDGE_CURVE('',#3776,#3774,#1748,.T.);
#4725=EDGE_CURVE('',#3776,#3775,#1749,.T.);
#4726=EDGE_CURVE('',#3775,#3777,#1750,.T.);
#4727=EDGE_CURVE('',#3778,#3776,#1751,.T.);
#4728=EDGE_CURVE('',#3778,#3777,#1752,.T.);
#4729=EDGE_CURVE('',#3777,#3771,#1753,.T.);
#4730=EDGE_CURVE('',#3773,#3778,#1754,.T.);
#4731=EDGE_CURVE('',#3779,#3780,#1755,.T.);
#4732=EDGE_CURVE('',#3781,#3779,#1756,.T.);
#4733=EDGE_CURVE('',#3782,#3781,#1757,.T.);
#4734=EDGE_CURVE('',#3782,#3780,#1758,.T.);
#4735=EDGE_CURVE('',#3780,#3783,#1759,.T.);
#4736=EDGE_CURVE('',#3784,#3782,#1760,.T.);
#4737=EDGE_CURVE('',#3784,#3783,#1761,.T.);
#4738=EDGE_CURVE('',#3783,#3785,#1762,.T.);
#4739=EDGE_CURVE('',#3786,#3784,#1763,.T.);
#4740=EDGE_CURVE('',#3786,#3785,#1764,.T.);
#4741=EDGE_CURVE('',#3785,#3779,#1765,.T.);
#4742=EDGE_CURVE('',#3781,#3786,#1766,.T.);
#4743=EDGE_CURVE('',#3787,#3788,#1767,.T.);
#4744=EDGE_CURVE('',#3789,#3787,#1768,.T.);
#4745=EDGE_CURVE('',#3790,#3789,#1769,.T.);
#4746=EDGE_CURVE('',#3790,#3788,#1770,.T.);
#4747=EDGE_CURVE('',#3788,#3791,#1771,.T.);
#4748=EDGE_CURVE('',#3792,#3790,#1772,.T.);
#4749=EDGE_CURVE('',#3792,#3791,#1773,.T.);
#4750=EDGE_CURVE('',#3791,#3793,#1774,.T.);
#4751=EDGE_CURVE('',#3794,#3792,#1775,.T.);
#4752=EDGE_CURVE('',#3794,#3793,#1776,.T.);
#4753=EDGE_CURVE('',#3793,#3787,#1777,.T.);
#4754=EDGE_CURVE('',#3789,#3794,#1778,.T.);
#4755=EDGE_CURVE('',#3795,#3796,#1779,.T.);
#4756=EDGE_CURVE('',#3797,#3795,#1780,.T.);
#4757=EDGE_CURVE('',#3798,#3797,#1781,.T.);
#4758=EDGE_CURVE('',#3798,#3796,#1782,.T.);
#4759=EDGE_CURVE('',#3796,#3799,#1783,.T.);
#4760=EDGE_CURVE('',#3800,#3798,#1784,.T.);
#4761=EDGE_CURVE('',#3800,#3799,#1785,.T.);
#4762=EDGE_CURVE('',#3799,#3801,#1786,.T.);
#4763=EDGE_CURVE('',#3802,#3800,#1787,.T.);
#4764=EDGE_CURVE('',#3802,#3801,#1788,.T.);
#4765=EDGE_CURVE('',#3801,#3795,#1789,.T.);
#4766=EDGE_CURVE('',#3797,#3802,#1790,.T.);
#4767=EDGE_CURVE('',#3803,#3804,#1791,.T.);
#4768=EDGE_CURVE('',#3805,#3803,#1792,.T.);
#4769=EDGE_CURVE('',#3806,#3805,#1793,.T.);
#4770=EDGE_CURVE('',#3806,#3804,#1794,.T.);
#4771=EDGE_CURVE('',#3804,#3807,#1795,.T.);
#4772=EDGE_CURVE('',#3808,#3806,#1796,.T.);
#4773=EDGE_CURVE('',#3808,#3807,#1797,.T.);
#4774=EDGE_CURVE('',#3807,#3809,#1798,.T.);
#4775=EDGE_CURVE('',#3810,#3808,#1799,.T.);
#4776=EDGE_CURVE('',#3810,#3809,#1800,.T.);
#4777=EDGE_CURVE('',#3809,#3803,#1801,.T.);
#4778=EDGE_CURVE('',#3805,#3810,#1802,.T.);
#4779=EDGE_CURVE('',#3811,#3812,#1803,.T.);
#4780=EDGE_CURVE('',#3813,#3811,#1804,.T.);
#4781=EDGE_CURVE('',#3814,#3813,#1805,.T.);
#4782=EDGE_CURVE('',#3814,#3812,#1806,.T.);
#4783=EDGE_CURVE('',#3812,#3815,#1807,.T.);
#4784=EDGE_CURVE('',#3816,#3814,#1808,.T.);
#4785=EDGE_CURVE('',#3816,#3815,#1809,.T.);
#4786=EDGE_CURVE('',#3815,#3817,#1810,.T.);
#4787=EDGE_CURVE('',#3818,#3816,#1811,.T.);
#4788=EDGE_CURVE('',#3818,#3817,#1812,.T.);
#4789=EDGE_CURVE('',#3817,#3811,#1813,.T.);
#4790=EDGE_CURVE('',#3813,#3818,#1814,.T.);
#4791=EDGE_CURVE('',#3819,#3820,#1815,.T.);
#4792=EDGE_CURVE('',#3821,#3819,#1816,.T.);
#4793=EDGE_CURVE('',#3822,#3821,#1817,.T.);
#4794=EDGE_CURVE('',#3822,#3820,#1818,.T.);
#4795=EDGE_CURVE('',#3820,#3823,#1819,.T.);
#4796=EDGE_CURVE('',#3824,#3822,#1820,.T.);
#4797=EDGE_CURVE('',#3824,#3823,#1821,.T.);
#4798=EDGE_CURVE('',#3823,#3825,#1822,.T.);
#4799=EDGE_CURVE('',#3826,#3824,#1823,.T.);
#4800=EDGE_CURVE('',#3826,#3825,#1824,.T.);
#4801=EDGE_CURVE('',#3825,#3819,#1825,.T.);
#4802=EDGE_CURVE('',#3821,#3826,#1826,.T.);
#4803=EDGE_CURVE('',#3827,#3828,#1827,.T.);
#4804=EDGE_CURVE('',#3829,#3827,#1828,.T.);
#4805=EDGE_CURVE('',#3830,#3829,#1829,.T.);
#4806=EDGE_CURVE('',#3830,#3828,#1830,.T.);
#4807=EDGE_CURVE('',#3828,#3831,#1831,.T.);
#4808=EDGE_CURVE('',#3832,#3830,#1832,.T.);
#4809=EDGE_CURVE('',#3832,#3831,#1833,.T.);
#4810=EDGE_CURVE('',#3831,#3833,#1834,.T.);
#4811=EDGE_CURVE('',#3834,#3832,#1835,.T.);
#4812=EDGE_CURVE('',#3834,#3833,#1836,.T.);
#4813=EDGE_CURVE('',#3833,#3827,#1837,.T.);
#4814=EDGE_CURVE('',#3829,#3834,#1838,.T.);
#4815=EDGE_CURVE('',#3835,#3836,#1839,.T.);
#4816=EDGE_CURVE('',#3837,#3835,#1840,.T.);
#4817=EDGE_CURVE('',#3838,#3837,#1841,.T.);
#4818=EDGE_CURVE('',#3838,#3836,#1842,.T.);
#4819=EDGE_CURVE('',#3836,#3839,#1843,.T.);
#4820=EDGE_CURVE('',#3840,#3838,#1844,.T.);
#4821=EDGE_CURVE('',#3840,#3839,#1845,.T.);
#4822=EDGE_CURVE('',#3839,#3841,#1846,.T.);
#4823=EDGE_CURVE('',#3842,#3840,#1847,.T.);
#4824=EDGE_CURVE('',#3842,#3841,#1848,.T.);
#4825=EDGE_CURVE('',#3841,#3835,#1849,.T.);
#4826=EDGE_CURVE('',#3837,#3842,#1850,.T.);
#4827=EDGE_CURVE('',#3843,#3844,#1851,.T.);
#4828=EDGE_CURVE('',#3845,#3843,#1852,.T.);
#4829=EDGE_CURVE('',#3846,#3845,#1853,.T.);
#4830=EDGE_CURVE('',#3846,#3844,#1854,.T.);
#4831=EDGE_CURVE('',#3844,#3847,#1855,.T.);
#4832=EDGE_CURVE('',#3848,#3846,#1856,.T.);
#4833=EDGE_CURVE('',#3848,#3847,#1857,.T.);
#4834=EDGE_CURVE('',#3847,#3849,#1858,.T.);
#4835=EDGE_CURVE('',#3850,#3848,#1859,.T.);
#4836=EDGE_CURVE('',#3850,#3849,#1860,.T.);
#4837=EDGE_CURVE('',#3849,#3843,#1861,.T.);
#4838=EDGE_CURVE('',#3845,#3850,#1862,.T.);
#4839=EDGE_CURVE('',#3851,#3852,#1863,.T.);
#4840=EDGE_CURVE('',#3853,#3851,#1864,.T.);
#4841=EDGE_CURVE('',#3854,#3853,#1865,.T.);
#4842=EDGE_CURVE('',#3854,#3852,#1866,.T.);
#4843=EDGE_CURVE('',#3852,#3855,#1867,.T.);
#4844=EDGE_CURVE('',#3856,#3854,#1868,.T.);
#4845=EDGE_CURVE('',#3856,#3855,#1869,.T.);
#4846=EDGE_CURVE('',#3855,#3857,#1870,.T.);
#4847=EDGE_CURVE('',#3858,#3856,#1871,.T.);
#4848=EDGE_CURVE('',#3858,#3857,#1872,.T.);
#4849=EDGE_CURVE('',#3857,#3851,#1873,.T.);
#4850=EDGE_CURVE('',#3853,#3858,#1874,.T.);
#4851=EDGE_CURVE('',#3859,#3860,#1875,.T.);
#4852=EDGE_CURVE('',#3861,#3859,#1876,.T.);
#4853=EDGE_CURVE('',#3862,#3861,#1877,.T.);
#4854=EDGE_CURVE('',#3862,#3860,#1878,.T.);
#4855=EDGE_CURVE('',#3860,#3863,#1879,.T.);
#4856=EDGE_CURVE('',#3864,#3862,#1880,.T.);
#4857=EDGE_CURVE('',#3864,#3863,#1881,.T.);
#4858=EDGE_CURVE('',#3863,#3865,#1882,.T.);
#4859=EDGE_CURVE('',#3866,#3864,#1883,.T.);
#4860=EDGE_CURVE('',#3866,#3865,#1884,.T.);
#4861=EDGE_CURVE('',#3865,#3859,#1885,.T.);
#4862=EDGE_CURVE('',#3861,#3866,#1886,.T.);
#4863=EDGE_CURVE('',#3867,#3868,#1887,.T.);
#4864=EDGE_CURVE('',#3869,#3867,#1888,.T.);
#4865=EDGE_CURVE('',#3870,#3869,#1889,.T.);
#4866=EDGE_CURVE('',#3870,#3868,#1890,.T.);
#4867=EDGE_CURVE('',#3868,#3871,#1891,.T.);
#4868=EDGE_CURVE('',#3872,#3870,#1892,.T.);
#4869=EDGE_CURVE('',#3872,#3871,#1893,.T.);
#4870=EDGE_CURVE('',#3871,#3873,#1894,.T.);
#4871=EDGE_CURVE('',#3874,#3872,#1895,.T.);
#4872=EDGE_CURVE('',#3874,#3873,#1896,.T.);
#4873=EDGE_CURVE('',#3873,#3867,#1897,.T.);
#4874=EDGE_CURVE('',#3869,#3874,#1898,.T.);
#4875=EDGE_CURVE('',#3875,#3876,#1899,.T.);
#4876=EDGE_CURVE('',#3877,#3875,#1900,.T.);
#4877=EDGE_CURVE('',#3878,#3877,#1901,.T.);
#4878=EDGE_CURVE('',#3878,#3876,#1902,.T.);
#4879=EDGE_CURVE('',#3876,#3879,#1903,.T.);
#4880=EDGE_CURVE('',#3880,#3878,#1904,.T.);
#4881=EDGE_CURVE('',#3880,#3879,#1905,.T.);
#4882=EDGE_CURVE('',#3879,#3881,#1906,.T.);
#4883=EDGE_CURVE('',#3882,#3880,#1907,.T.);
#4884=EDGE_CURVE('',#3882,#3881,#1908,.T.);
#4885=EDGE_CURVE('',#3881,#3875,#1909,.T.);
#4886=EDGE_CURVE('',#3877,#3882,#1910,.T.);
#4887=EDGE_CURVE('',#3883,#3884,#1911,.T.);
#4888=EDGE_CURVE('',#3885,#3883,#1912,.T.);
#4889=EDGE_CURVE('',#3886,#3885,#1913,.T.);
#4890=EDGE_CURVE('',#3886,#3884,#1914,.T.);
#4891=EDGE_CURVE('',#3884,#3887,#1915,.T.);
#4892=EDGE_CURVE('',#3888,#3886,#1916,.T.);
#4893=EDGE_CURVE('',#3888,#3887,#1917,.T.);
#4894=EDGE_CURVE('',#3887,#3889,#1918,.T.);
#4895=EDGE_CURVE('',#3890,#3888,#1919,.T.);
#4896=EDGE_CURVE('',#3890,#3889,#1920,.T.);
#4897=EDGE_CURVE('',#3889,#3883,#1921,.T.);
#4898=EDGE_CURVE('',#3885,#3890,#1922,.T.);
#4899=EDGE_CURVE('',#3891,#3892,#1923,.T.);
#4900=EDGE_CURVE('',#3893,#3891,#1924,.T.);
#4901=EDGE_CURVE('',#3894,#3893,#1925,.T.);
#4902=EDGE_CURVE('',#3894,#3892,#1926,.T.);
#4903=EDGE_CURVE('',#3892,#3895,#1927,.T.);
#4904=EDGE_CURVE('',#3896,#3894,#1928,.T.);
#4905=EDGE_CURVE('',#3896,#3895,#1929,.T.);
#4906=EDGE_CURVE('',#3895,#3897,#1930,.T.);
#4907=EDGE_CURVE('',#3898,#3896,#1931,.T.);
#4908=EDGE_CURVE('',#3898,#3897,#1932,.T.);
#4909=EDGE_CURVE('',#3897,#3891,#1933,.T.);
#4910=EDGE_CURVE('',#3893,#3898,#1934,.T.);
#4911=EDGE_CURVE('',#3899,#3900,#1935,.T.);
#4912=EDGE_CURVE('',#3901,#3899,#1936,.T.);
#4913=EDGE_CURVE('',#3902,#3901,#1937,.T.);
#4914=EDGE_CURVE('',#3902,#3900,#1938,.T.);
#4915=EDGE_CURVE('',#3900,#3903,#1939,.T.);
#4916=EDGE_CURVE('',#3904,#3902,#1940,.T.);
#4917=EDGE_CURVE('',#3904,#3903,#1941,.T.);
#4918=EDGE_CURVE('',#3903,#3905,#1942,.T.);
#4919=EDGE_CURVE('',#3906,#3904,#1943,.T.);
#4920=EDGE_CURVE('',#3906,#3905,#1944,.T.);
#4921=EDGE_CURVE('',#3905,#3899,#1945,.T.);
#4922=EDGE_CURVE('',#3901,#3906,#1946,.T.);
#4923=EDGE_CURVE('',#3907,#3908,#1947,.T.);
#4924=EDGE_CURVE('',#3909,#3907,#1948,.T.);
#4925=EDGE_CURVE('',#3910,#3909,#1949,.T.);
#4926=EDGE_CURVE('',#3910,#3908,#1950,.T.);
#4927=EDGE_CURVE('',#3908,#3911,#1951,.T.);
#4928=EDGE_CURVE('',#3912,#3910,#1952,.T.);
#4929=EDGE_CURVE('',#3912,#3911,#1953,.T.);
#4930=EDGE_CURVE('',#3911,#3913,#1954,.T.);
#4931=EDGE_CURVE('',#3914,#3912,#1955,.T.);
#4932=EDGE_CURVE('',#3914,#3913,#1956,.T.);
#4933=EDGE_CURVE('',#3913,#3907,#1957,.T.);
#4934=EDGE_CURVE('',#3909,#3914,#1958,.T.);
#4935=EDGE_CURVE('',#3915,#3916,#1959,.T.);
#4936=EDGE_CURVE('',#3917,#3915,#1960,.T.);
#4937=EDGE_CURVE('',#3918,#3917,#1961,.T.);
#4938=EDGE_CURVE('',#3918,#3916,#1962,.T.);
#4939=EDGE_CURVE('',#3916,#3919,#1963,.T.);
#4940=EDGE_CURVE('',#3920,#3918,#1964,.T.);
#4941=EDGE_CURVE('',#3920,#3919,#1965,.T.);
#4942=EDGE_CURVE('',#3919,#3921,#1966,.T.);
#4943=EDGE_CURVE('',#3922,#3920,#1967,.T.);
#4944=EDGE_CURVE('',#3922,#3921,#1968,.T.);
#4945=EDGE_CURVE('',#3921,#3915,#1969,.T.);
#4946=EDGE_CURVE('',#3917,#3922,#1970,.T.);
#4947=EDGE_CURVE('',#3923,#3924,#1971,.T.);
#4948=EDGE_CURVE('',#3925,#3923,#1972,.T.);
#4949=EDGE_CURVE('',#3926,#3925,#1973,.T.);
#4950=EDGE_CURVE('',#3926,#3924,#1974,.T.);
#4951=EDGE_CURVE('',#3924,#3927,#1975,.T.);
#4952=EDGE_CURVE('',#3928,#3926,#1976,.T.);
#4953=EDGE_CURVE('',#3928,#3927,#1977,.T.);
#4954=EDGE_CURVE('',#3927,#3929,#1978,.T.);
#4955=EDGE_CURVE('',#3930,#3928,#1979,.T.);
#4956=EDGE_CURVE('',#3930,#3929,#1980,.T.);
#4957=EDGE_CURVE('',#3929,#3923,#1981,.T.);
#4958=EDGE_CURVE('',#3925,#3930,#1982,.T.);
#4959=EDGE_CURVE('',#3931,#3932,#1983,.T.);
#4960=EDGE_CURVE('',#3933,#3931,#1984,.T.);
#4961=EDGE_CURVE('',#3934,#3933,#1985,.T.);
#4962=EDGE_CURVE('',#3934,#3932,#1986,.T.);
#4963=EDGE_CURVE('',#3932,#3935,#1987,.T.);
#4964=EDGE_CURVE('',#3936,#3934,#1988,.T.);
#4965=EDGE_CURVE('',#3936,#3935,#1989,.T.);
#4966=EDGE_CURVE('',#3935,#3937,#1990,.T.);
#4967=EDGE_CURVE('',#3938,#3936,#1991,.T.);
#4968=EDGE_CURVE('',#3938,#3937,#1992,.T.);
#4969=EDGE_CURVE('',#3937,#3931,#1993,.T.);
#4970=EDGE_CURVE('',#3933,#3938,#1994,.T.);
#4971=EDGE_CURVE('',#3939,#3940,#1995,.T.);
#4972=EDGE_CURVE('',#3941,#3939,#1996,.T.);
#4973=EDGE_CURVE('',#3942,#3941,#1997,.T.);
#4974=EDGE_CURVE('',#3942,#3940,#1998,.T.);
#4975=EDGE_CURVE('',#3940,#3943,#1999,.T.);
#4976=EDGE_CURVE('',#3944,#3942,#2000,.T.);
#4977=EDGE_CURVE('',#3944,#3943,#2001,.T.);
#4978=EDGE_CURVE('',#3943,#3945,#2002,.T.);
#4979=EDGE_CURVE('',#3946,#3944,#2003,.T.);
#4980=EDGE_CURVE('',#3946,#3945,#2004,.T.);
#4981=EDGE_CURVE('',#3945,#3939,#2005,.T.);
#4982=EDGE_CURVE('',#3941,#3946,#2006,.T.);
#4983=EDGE_CURVE('',#3947,#3948,#2007,.T.);
#4984=EDGE_CURVE('',#3949,#3947,#2008,.T.);
#4985=EDGE_CURVE('',#3950,#3949,#2009,.T.);
#4986=EDGE_CURVE('',#3950,#3948,#2010,.T.);
#4987=EDGE_CURVE('',#3948,#3951,#2011,.T.);
#4988=EDGE_CURVE('',#3952,#3950,#2012,.T.);
#4989=EDGE_CURVE('',#3952,#3951,#2013,.T.);
#4990=EDGE_CURVE('',#3951,#3953,#2014,.T.);
#4991=EDGE_CURVE('',#3954,#3952,#2015,.T.);
#4992=EDGE_CURVE('',#3954,#3953,#2016,.T.);
#4993=EDGE_CURVE('',#3953,#3947,#2017,.T.);
#4994=EDGE_CURVE('',#3949,#3954,#2018,.T.);
#4995=EDGE_CURVE('',#3955,#3956,#2019,.T.);
#4996=EDGE_CURVE('',#3957,#3955,#2020,.T.);
#4997=EDGE_CURVE('',#3958,#3957,#2021,.T.);
#4998=EDGE_CURVE('',#3958,#3956,#2022,.T.);
#4999=EDGE_CURVE('',#3956,#3959,#2023,.T.);
#5000=EDGE_CURVE('',#3960,#3958,#2024,.T.);
#5001=EDGE_CURVE('',#3960,#3959,#2025,.T.);
#5002=EDGE_CURVE('',#3959,#3961,#2026,.T.);
#5003=EDGE_CURVE('',#3962,#3960,#2027,.T.);
#5004=EDGE_CURVE('',#3962,#3961,#2028,.T.);
#5005=EDGE_CURVE('',#3961,#3955,#2029,.T.);
#5006=EDGE_CURVE('',#3957,#3962,#2030,.T.);
#5007=EDGE_CURVE('',#3963,#3964,#2031,.T.);
#5008=EDGE_CURVE('',#3965,#3963,#2032,.T.);
#5009=EDGE_CURVE('',#3966,#3965,#2033,.T.);
#5010=EDGE_CURVE('',#3966,#3964,#2034,.T.);
#5011=EDGE_CURVE('',#3964,#3967,#2035,.T.);
#5012=EDGE_CURVE('',#3968,#3966,#2036,.T.);
#5013=EDGE_CURVE('',#3968,#3967,#2037,.T.);
#5014=EDGE_CURVE('',#3967,#3969,#2038,.T.);
#5015=EDGE_CURVE('',#3970,#3968,#2039,.T.);
#5016=EDGE_CURVE('',#3970,#3969,#2040,.T.);
#5017=EDGE_CURVE('',#3969,#3963,#2041,.T.);
#5018=EDGE_CURVE('',#3965,#3970,#2042,.T.);
#5019=EDGE_CURVE('',#3971,#3972,#2043,.T.);
#5020=EDGE_CURVE('',#3973,#3971,#2044,.T.);
#5021=EDGE_CURVE('',#3974,#3973,#2045,.T.);
#5022=EDGE_CURVE('',#3974,#3972,#2046,.T.);
#5023=EDGE_CURVE('',#3972,#3975,#2047,.T.);
#5024=EDGE_CURVE('',#3976,#3974,#2048,.T.);
#5025=EDGE_CURVE('',#3976,#3975,#2049,.T.);
#5026=EDGE_CURVE('',#3975,#3977,#2050,.T.);
#5027=EDGE_CURVE('',#3978,#3976,#2051,.T.);
#5028=EDGE_CURVE('',#3978,#3977,#2052,.T.);
#5029=EDGE_CURVE('',#3977,#3971,#2053,.T.);
#5030=EDGE_CURVE('',#3973,#3978,#2054,.T.);
#5031=EDGE_CURVE('',#3979,#3980,#2055,.T.);
#5032=EDGE_CURVE('',#3981,#3979,#2056,.T.);
#5033=EDGE_CURVE('',#3982,#3981,#2057,.T.);
#5034=EDGE_CURVE('',#3982,#3980,#2058,.T.);
#5035=EDGE_CURVE('',#3980,#3983,#2059,.T.);
#5036=EDGE_CURVE('',#3984,#3982,#2060,.T.);
#5037=EDGE_CURVE('',#3984,#3983,#2061,.T.);
#5038=EDGE_CURVE('',#3983,#3985,#2062,.T.);
#5039=EDGE_CURVE('',#3986,#3984,#2063,.T.);
#5040=EDGE_CURVE('',#3986,#3985,#2064,.T.);
#5041=EDGE_CURVE('',#3985,#3979,#2065,.T.);
#5042=EDGE_CURVE('',#3981,#3986,#2066,.T.);
#5043=EDGE_CURVE('',#3987,#3988,#2067,.T.);
#5044=EDGE_CURVE('',#3989,#3987,#2068,.T.);
#5045=EDGE_CURVE('',#3990,#3989,#2069,.T.);
#5046=EDGE_CURVE('',#3990,#3988,#2070,.T.);
#5047=EDGE_CURVE('',#3988,#3991,#2071,.T.);
#5048=EDGE_CURVE('',#3992,#3990,#2072,.T.);
#5049=EDGE_CURVE('',#3992,#3991,#2073,.T.);
#5050=EDGE_CURVE('',#3991,#3993,#2074,.T.);
#5051=EDGE_CURVE('',#3994,#3992,#2075,.T.);
#5052=EDGE_CURVE('',#3994,#3993,#2076,.T.);
#5053=EDGE_CURVE('',#3993,#3987,#2077,.T.);
#5054=EDGE_CURVE('',#3989,#3994,#2078,.T.);
#5055=EDGE_CURVE('',#3995,#3996,#2079,.T.);
#5056=EDGE_CURVE('',#3997,#3995,#2080,.T.);
#5057=EDGE_CURVE('',#3998,#3997,#2081,.T.);
#5058=EDGE_CURVE('',#3998,#3996,#2082,.T.);
#5059=EDGE_CURVE('',#3996,#3999,#2083,.T.);
#5060=EDGE_CURVE('',#4000,#3998,#2084,.T.);
#5061=EDGE_CURVE('',#4000,#3999,#2085,.T.);
#5062=EDGE_CURVE('',#3999,#4001,#2086,.T.);
#5063=EDGE_CURVE('',#4002,#4000,#2087,.T.);
#5064=EDGE_CURVE('',#4002,#4001,#2088,.T.);
#5065=EDGE_CURVE('',#4001,#3995,#2089,.T.);
#5066=EDGE_CURVE('',#3997,#4002,#2090,.T.);
#5067=EDGE_CURVE('',#4003,#4004,#2091,.T.);
#5068=EDGE_CURVE('',#4005,#4003,#2092,.T.);
#5069=EDGE_CURVE('',#4006,#4005,#2093,.T.);
#5070=EDGE_CURVE('',#4006,#4004,#2094,.T.);
#5071=EDGE_CURVE('',#4004,#4007,#2095,.T.);
#5072=EDGE_CURVE('',#4008,#4006,#2096,.T.);
#5073=EDGE_CURVE('',#4008,#4007,#2097,.T.);
#5074=EDGE_CURVE('',#4007,#4009,#2098,.T.);
#5075=EDGE_CURVE('',#4010,#4008,#2099,.T.);
#5076=EDGE_CURVE('',#4010,#4009,#2100,.T.);
#5077=EDGE_CURVE('',#4009,#4003,#2101,.T.);
#5078=EDGE_CURVE('',#4005,#4010,#2102,.T.);
#5079=EDGE_CURVE('',#4011,#4012,#2103,.T.);
#5080=EDGE_CURVE('',#4013,#4011,#2104,.T.);
#5081=EDGE_CURVE('',#4014,#4013,#2105,.T.);
#5082=EDGE_CURVE('',#4014,#4012,#2106,.T.);
#5083=EDGE_CURVE('',#4012,#4015,#2107,.T.);
#5084=EDGE_CURVE('',#4016,#4014,#2108,.T.);
#5085=EDGE_CURVE('',#4016,#4015,#2109,.T.);
#5086=EDGE_CURVE('',#4015,#4017,#2110,.T.);
#5087=EDGE_CURVE('',#4018,#4016,#2111,.T.);
#5088=EDGE_CURVE('',#4018,#4017,#2112,.T.);
#5089=EDGE_CURVE('',#4017,#4011,#2113,.T.);
#5090=EDGE_CURVE('',#4013,#4018,#2114,.T.);
#5091=EDGE_CURVE('',#4019,#4020,#2115,.T.);
#5092=EDGE_CURVE('',#4021,#4019,#2116,.T.);
#5093=EDGE_CURVE('',#4022,#4021,#2117,.T.);
#5094=EDGE_CURVE('',#4022,#4020,#2118,.T.);
#5095=EDGE_CURVE('',#4020,#4023,#2119,.T.);
#5096=EDGE_CURVE('',#4024,#4022,#2120,.T.);
#5097=EDGE_CURVE('',#4024,#4023,#2121,.T.);
#5098=EDGE_CURVE('',#4023,#4025,#2122,.T.);
#5099=EDGE_CURVE('',#4026,#4024,#2123,.T.);
#5100=EDGE_CURVE('',#4026,#4025,#2124,.T.);
#5101=EDGE_CURVE('',#4025,#4019,#2125,.T.);
#5102=EDGE_CURVE('',#4021,#4026,#2126,.T.);
#5103=EDGE_CURVE('',#4027,#4028,#2127,.T.);
#5104=EDGE_CURVE('',#4029,#4027,#2128,.T.);
#5105=EDGE_CURVE('',#4030,#4029,#2129,.T.);
#5106=EDGE_CURVE('',#4030,#4028,#2130,.T.);
#5107=EDGE_CURVE('',#4028,#4031,#2131,.T.);
#5108=EDGE_CURVE('',#4032,#4030,#2132,.T.);
#5109=EDGE_CURVE('',#4032,#4031,#2133,.T.);
#5110=EDGE_CURVE('',#4031,#4033,#2134,.T.);
#5111=EDGE_CURVE('',#4034,#4032,#2135,.T.);
#5112=EDGE_CURVE('',#4034,#4033,#2136,.T.);
#5113=EDGE_CURVE('',#4033,#4027,#2137,.T.);
#5114=EDGE_CURVE('',#4029,#4034,#2138,.T.);
#5115=EDGE_CURVE('',#4035,#4036,#2139,.T.);
#5116=EDGE_CURVE('',#4037,#4035,#2140,.T.);
#5117=EDGE_CURVE('',#4038,#4037,#2141,.T.);
#5118=EDGE_CURVE('',#4038,#4036,#2142,.T.);
#5119=EDGE_CURVE('',#4036,#4039,#2143,.T.);
#5120=EDGE_CURVE('',#4040,#4038,#2144,.T.);
#5121=EDGE_CURVE('',#4040,#4039,#2145,.T.);
#5122=EDGE_CURVE('',#4039,#4041,#2146,.T.);
#5123=EDGE_CURVE('',#4042,#4040,#2147,.T.);
#5124=EDGE_CURVE('',#4042,#4041,#2148,.T.);
#5125=EDGE_CURVE('',#4041,#4035,#2149,.T.);
#5126=EDGE_CURVE('',#4037,#4042,#2150,.T.);
#5127=EDGE_CURVE('',#4043,#4044,#2151,.T.);
#5128=EDGE_CURVE('',#4045,#4043,#2152,.T.);
#5129=EDGE_CURVE('',#4046,#4045,#2153,.T.);
#5130=EDGE_CURVE('',#4046,#4044,#2154,.T.);
#5131=EDGE_CURVE('',#4044,#4047,#2155,.T.);
#5132=EDGE_CURVE('',#4048,#4046,#2156,.T.);
#5133=EDGE_CURVE('',#4048,#4047,#2157,.T.);
#5134=EDGE_CURVE('',#4047,#4049,#2158,.T.);
#5135=EDGE_CURVE('',#4050,#4048,#2159,.T.);
#5136=EDGE_CURVE('',#4050,#4049,#2160,.T.);
#5137=EDGE_CURVE('',#4049,#4043,#2161,.T.);
#5138=EDGE_CURVE('',#4045,#4050,#2162,.T.);
#5139=EDGE_CURVE('',#4051,#4052,#2163,.T.);
#5140=EDGE_CURVE('',#4053,#4051,#2164,.T.);
#5141=EDGE_CURVE('',#4054,#4053,#2165,.T.);
#5142=EDGE_CURVE('',#4054,#4052,#2166,.T.);
#5143=EDGE_CURVE('',#4052,#4055,#2167,.T.);
#5144=EDGE_CURVE('',#4056,#4054,#2168,.T.);
#5145=EDGE_CURVE('',#4056,#4055,#2169,.T.);
#5146=EDGE_CURVE('',#4055,#4057,#2170,.T.);
#5147=EDGE_CURVE('',#4058,#4056,#2171,.T.);
#5148=EDGE_CURVE('',#4058,#4057,#2172,.T.);
#5149=EDGE_CURVE('',#4057,#4051,#2173,.T.);
#5150=EDGE_CURVE('',#4053,#4058,#2174,.T.);
#5151=EDGE_CURVE('',#4059,#4060,#2175,.T.);
#5152=EDGE_CURVE('',#4061,#4059,#2176,.T.);
#5153=EDGE_CURVE('',#4062,#4061,#2177,.T.);
#5154=EDGE_CURVE('',#4062,#4060,#2178,.T.);
#5155=EDGE_CURVE('',#4060,#4063,#2179,.T.);
#5156=EDGE_CURVE('',#4064,#4062,#2180,.T.);
#5157=EDGE_CURVE('',#4064,#4063,#2181,.T.);
#5158=EDGE_CURVE('',#4063,#4065,#2182,.T.);
#5159=EDGE_CURVE('',#4066,#4064,#2183,.T.);
#5160=EDGE_CURVE('',#4066,#4065,#2184,.T.);
#5161=EDGE_CURVE('',#4065,#4059,#2185,.T.);
#5162=EDGE_CURVE('',#4061,#4066,#2186,.T.);
#5163=EDGE_CURVE('',#4067,#4068,#2187,.T.);
#5164=EDGE_CURVE('',#4069,#4067,#2188,.T.);
#5165=EDGE_CURVE('',#4070,#4069,#2189,.T.);
#5166=EDGE_CURVE('',#4070,#4068,#2190,.T.);
#5167=EDGE_CURVE('',#4068,#4071,#2191,.T.);
#5168=EDGE_CURVE('',#4072,#4070,#2192,.T.);
#5169=EDGE_CURVE('',#4072,#4071,#2193,.T.);
#5170=EDGE_CURVE('',#4071,#4073,#2194,.T.);
#5171=EDGE_CURVE('',#4074,#4072,#2195,.T.);
#5172=EDGE_CURVE('',#4074,#4073,#2196,.T.);
#5173=EDGE_CURVE('',#4073,#4067,#2197,.T.);
#5174=EDGE_CURVE('',#4069,#4074,#2198,.T.);
#5175=EDGE_CURVE('',#4075,#4076,#2199,.T.);
#5176=EDGE_CURVE('',#4077,#4075,#2200,.T.);
#5177=EDGE_CURVE('',#4078,#4077,#2201,.T.);
#5178=EDGE_CURVE('',#4078,#4076,#2202,.T.);
#5179=EDGE_CURVE('',#4076,#4079,#2203,.T.);
#5180=EDGE_CURVE('',#4080,#4078,#2204,.T.);
#5181=EDGE_CURVE('',#4080,#4079,#2205,.T.);
#5182=EDGE_CURVE('',#4079,#4081,#2206,.T.);
#5183=EDGE_CURVE('',#4082,#4080,#2207,.T.);
#5184=EDGE_CURVE('',#4082,#4081,#2208,.T.);
#5185=EDGE_CURVE('',#4081,#4075,#2209,.T.);
#5186=EDGE_CURVE('',#4077,#4082,#2210,.T.);
#5187=EDGE_CURVE('',#4083,#4084,#2211,.T.);
#5188=EDGE_CURVE('',#4085,#4083,#2212,.T.);
#5189=EDGE_CURVE('',#4086,#4085,#2213,.T.);
#5190=EDGE_CURVE('',#4086,#4084,#2214,.T.);
#5191=EDGE_CURVE('',#4084,#4087,#2215,.T.);
#5192=EDGE_CURVE('',#4088,#4086,#2216,.T.);
#5193=EDGE_CURVE('',#4088,#4087,#2217,.T.);
#5194=EDGE_CURVE('',#4087,#4089,#2218,.T.);
#5195=EDGE_CURVE('',#4090,#4088,#2219,.T.);
#5196=EDGE_CURVE('',#4090,#4089,#2220,.T.);
#5197=EDGE_CURVE('',#4089,#4083,#2221,.T.);
#5198=EDGE_CURVE('',#4085,#4090,#2222,.T.);
#5199=EDGE_CURVE('',#4091,#4092,#2223,.T.);
#5200=EDGE_CURVE('',#4093,#4091,#2224,.T.);
#5201=EDGE_CURVE('',#4094,#4093,#2225,.T.);
#5202=EDGE_CURVE('',#4094,#4092,#2226,.T.);
#5203=EDGE_CURVE('',#4092,#4095,#2227,.T.);
#5204=EDGE_CURVE('',#4096,#4094,#2228,.T.);
#5205=EDGE_CURVE('',#4096,#4095,#2229,.T.);
#5206=EDGE_CURVE('',#4095,#4097,#2230,.T.);
#5207=EDGE_CURVE('',#4098,#4096,#2231,.T.);
#5208=EDGE_CURVE('',#4098,#4097,#2232,.T.);
#5209=EDGE_CURVE('',#4097,#4091,#2233,.T.);
#5210=EDGE_CURVE('',#4093,#4098,#2234,.T.);
#5211=EDGE_CURVE('',#4099,#4100,#2235,.T.);
#5212=EDGE_CURVE('',#4099,#4101,#2236,.T.);
#5213=EDGE_CURVE('',#4102,#4101,#2237,.T.);
#5214=EDGE_CURVE('',#4100,#4102,#2238,.T.);
#5215=EDGE_CURVE('',#4100,#4103,#2239,.T.);
#5216=EDGE_CURVE('',#4104,#4102,#2240,.T.);
#5217=EDGE_CURVE('',#4103,#4104,#2241,.T.);
#5218=EDGE_CURVE('',#4103,#4105,#2242,.T.);
#5219=EDGE_CURVE('',#4106,#4104,#2243,.T.);
#5220=EDGE_CURVE('',#4105,#4106,#2244,.T.);
#5221=EDGE_CURVE('',#4105,#4099,#2245,.T.);
#5222=EDGE_CURVE('',#4101,#4106,#2246,.T.);
#5223=ORIENTED_EDGE('',*,*,#4107,.F.);
#5224=ORIENTED_EDGE('',*,*,#4108,.F.);
#5225=ORIENTED_EDGE('',*,*,#4109,.F.);
#5226=ORIENTED_EDGE('',*,*,#4110,.T.);
#5227=ORIENTED_EDGE('',*,*,#4111,.F.);
#5228=ORIENTED_EDGE('',*,*,#4110,.F.);
#5229=ORIENTED_EDGE('',*,*,#4112,.F.);
#5230=ORIENTED_EDGE('',*,*,#4113,.T.);
#5231=ORIENTED_EDGE('',*,*,#4114,.F.);
#5232=ORIENTED_EDGE('',*,*,#4113,.F.);
#5233=ORIENTED_EDGE('',*,*,#4115,.F.);
#5234=ORIENTED_EDGE('',*,*,#4116,.T.);
#5235=ORIENTED_EDGE('',*,*,#4117,.F.);
#5236=ORIENTED_EDGE('',*,*,#4116,.F.);
#5237=ORIENTED_EDGE('',*,*,#4118,.F.);
#5238=ORIENTED_EDGE('',*,*,#4108,.T.);
#5239=ORIENTED_EDGE('',*,*,#4119,.F.);
#5240=ORIENTED_EDGE('',*,*,#4120,.F.);
#5241=ORIENTED_EDGE('',*,*,#4121,.F.);
#5242=ORIENTED_EDGE('',*,*,#4122,.T.);
#5243=ORIENTED_EDGE('',*,*,#4123,.F.);
#5244=ORIENTED_EDGE('',*,*,#4122,.F.);
#5245=ORIENTED_EDGE('',*,*,#4124,.F.);
#5246=ORIENTED_EDGE('',*,*,#4125,.T.);
#5247=ORIENTED_EDGE('',*,*,#4126,.F.);
#5248=ORIENTED_EDGE('',*,*,#4125,.F.);
#5249=ORIENTED_EDGE('',*,*,#4127,.F.);
#5250=ORIENTED_EDGE('',*,*,#4128,.T.);
#5251=ORIENTED_EDGE('',*,*,#4129,.F.);
#5252=ORIENTED_EDGE('',*,*,#4128,.F.);
#5253=ORIENTED_EDGE('',*,*,#4130,.F.);
#5254=ORIENTED_EDGE('',*,*,#4120,.T.);
#5255=ORIENTED_EDGE('',*,*,#4131,.F.);
#5256=ORIENTED_EDGE('',*,*,#4132,.F.);
#5257=ORIENTED_EDGE('',*,*,#4133,.F.);
#5258=ORIENTED_EDGE('',*,*,#4134,.T.);
#5259=ORIENTED_EDGE('',*,*,#4135,.F.);
#5260=ORIENTED_EDGE('',*,*,#4134,.F.);
#5261=ORIENTED_EDGE('',*,*,#4136,.F.);
#5262=ORIENTED_EDGE('',*,*,#4137,.T.);
#5263=ORIENTED_EDGE('',*,*,#4138,.F.);
#5264=ORIENTED_EDGE('',*,*,#4137,.F.);
#5265=ORIENTED_EDGE('',*,*,#4139,.F.);
#5266=ORIENTED_EDGE('',*,*,#4140,.T.);
#5267=ORIENTED_EDGE('',*,*,#4141,.F.);
#5268=ORIENTED_EDGE('',*,*,#4140,.F.);
#5269=ORIENTED_EDGE('',*,*,#4142,.F.);
#5270=ORIENTED_EDGE('',*,*,#4132,.T.);
#5271=ORIENTED_EDGE('',*,*,#4143,.F.);
#5272=ORIENTED_EDGE('',*,*,#4144,.F.);
#5273=ORIENTED_EDGE('',*,*,#4145,.F.);
#5274=ORIENTED_EDGE('',*,*,#4146,.T.);
#5275=ORIENTED_EDGE('',*,*,#4147,.F.);
#5276=ORIENTED_EDGE('',*,*,#4146,.F.);
#5277=ORIENTED_EDGE('',*,*,#4148,.F.);
#5278=ORIENTED_EDGE('',*,*,#4149,.T.);
#5279=ORIENTED_EDGE('',*,*,#4150,.F.);
#5280=ORIENTED_EDGE('',*,*,#4149,.F.);
#5281=ORIENTED_EDGE('',*,*,#4151,.F.);
#5282=ORIENTED_EDGE('',*,*,#4152,.T.);
#5283=ORIENTED_EDGE('',*,*,#4153,.F.);
#5284=ORIENTED_EDGE('',*,*,#4152,.F.);
#5285=ORIENTED_EDGE('',*,*,#4154,.F.);
#5286=ORIENTED_EDGE('',*,*,#4144,.T.);
#5287=ORIENTED_EDGE('',*,*,#4155,.F.);
#5288=ORIENTED_EDGE('',*,*,#4156,.F.);
#5289=ORIENTED_EDGE('',*,*,#4157,.F.);
#5290=ORIENTED_EDGE('',*,*,#4158,.T.);
#5291=ORIENTED_EDGE('',*,*,#4159,.F.);
#5292=ORIENTED_EDGE('',*,*,#4158,.F.);
#5293=ORIENTED_EDGE('',*,*,#4160,.F.);
#5294=ORIENTED_EDGE('',*,*,#4161,.T.);
#5295=ORIENTED_EDGE('',*,*,#4162,.F.);
#5296=ORIENTED_EDGE('',*,*,#4161,.F.);
#5297=ORIENTED_EDGE('',*,*,#4163,.F.);
#5298=ORIENTED_EDGE('',*,*,#4164,.T.);
#5299=ORIENTED_EDGE('',*,*,#4165,.F.);
#5300=ORIENTED_EDGE('',*,*,#4164,.F.);
#5301=ORIENTED_EDGE('',*,*,#4166,.F.);
#5302=ORIENTED_EDGE('',*,*,#4156,.T.);
#5303=ORIENTED_EDGE('',*,*,#4167,.F.);
#5304=ORIENTED_EDGE('',*,*,#4168,.F.);
#5305=ORIENTED_EDGE('',*,*,#4169,.F.);
#5306=ORIENTED_EDGE('',*,*,#4170,.T.);
#5307=ORIENTED_EDGE('',*,*,#4171,.F.);
#5308=ORIENTED_EDGE('',*,*,#4170,.F.);
#5309=ORIENTED_EDGE('',*,*,#4172,.F.);
#5310=ORIENTED_EDGE('',*,*,#4173,.T.);
#5311=ORIENTED_EDGE('',*,*,#4174,.F.);
#5312=ORIENTED_EDGE('',*,*,#4173,.F.);
#5313=ORIENTED_EDGE('',*,*,#4175,.F.);
#5314=ORIENTED_EDGE('',*,*,#4176,.T.);
#5315=ORIENTED_EDGE('',*,*,#4177,.F.);
#5316=ORIENTED_EDGE('',*,*,#4176,.F.);
#5317=ORIENTED_EDGE('',*,*,#4178,.F.);
#5318=ORIENTED_EDGE('',*,*,#4168,.T.);
#5319=ORIENTED_EDGE('',*,*,#4179,.F.);
#5320=ORIENTED_EDGE('',*,*,#4180,.F.);
#5321=ORIENTED_EDGE('',*,*,#4181,.F.);
#5322=ORIENTED_EDGE('',*,*,#4182,.T.);
#5323=ORIENTED_EDGE('',*,*,#4183,.F.);
#5324=ORIENTED_EDGE('',*,*,#4182,.F.);
#5325=ORIENTED_EDGE('',*,*,#4184,.F.);
#5326=ORIENTED_EDGE('',*,*,#4185,.T.);
#5327=ORIENTED_EDGE('',*,*,#4186,.F.);
#5328=ORIENTED_EDGE('',*,*,#4185,.F.);
#5329=ORIENTED_EDGE('',*,*,#4187,.F.);
#5330=ORIENTED_EDGE('',*,*,#4188,.T.);
#5331=ORIENTED_EDGE('',*,*,#4189,.F.);
#5332=ORIENTED_EDGE('',*,*,#4188,.F.);
#5333=ORIENTED_EDGE('',*,*,#4190,.F.);
#5334=ORIENTED_EDGE('',*,*,#4180,.T.);
#5335=ORIENTED_EDGE('',*,*,#4191,.F.);
#5336=ORIENTED_EDGE('',*,*,#4192,.F.);
#5337=ORIENTED_EDGE('',*,*,#4193,.F.);
#5338=ORIENTED_EDGE('',*,*,#4194,.T.);
#5339=ORIENTED_EDGE('',*,*,#4195,.F.);
#5340=ORIENTED_EDGE('',*,*,#4194,.F.);
#5341=ORIENTED_EDGE('',*,*,#4196,.F.);
#5342=ORIENTED_EDGE('',*,*,#4197,.T.);
#5343=ORIENTED_EDGE('',*,*,#4198,.F.);
#5344=ORIENTED_EDGE('',*,*,#4197,.F.);
#5345=ORIENTED_EDGE('',*,*,#4199,.F.);
#5346=ORIENTED_EDGE('',*,*,#4200,.T.);
#5347=ORIENTED_EDGE('',*,*,#4201,.F.);
#5348=ORIENTED_EDGE('',*,*,#4200,.F.);
#5349=ORIENTED_EDGE('',*,*,#4202,.F.);
#5350=ORIENTED_EDGE('',*,*,#4192,.T.);
#5351=ORIENTED_EDGE('',*,*,#4203,.F.);
#5352=ORIENTED_EDGE('',*,*,#4204,.F.);
#5353=ORIENTED_EDGE('',*,*,#4205,.F.);
#5354=ORIENTED_EDGE('',*,*,#4206,.T.);
#5355=ORIENTED_EDGE('',*,*,#4207,.F.);
#5356=ORIENTED_EDGE('',*,*,#4206,.F.);
#5357=ORIENTED_EDGE('',*,*,#4208,.F.);
#5358=ORIENTED_EDGE('',*,*,#4209,.T.);
#5359=ORIENTED_EDGE('',*,*,#4210,.F.);
#5360=ORIENTED_EDGE('',*,*,#4209,.F.);
#5361=ORIENTED_EDGE('',*,*,#4211,.F.);
#5362=ORIENTED_EDGE('',*,*,#4212,.T.);
#5363=ORIENTED_EDGE('',*,*,#4213,.F.);
#5364=ORIENTED_EDGE('',*,*,#4212,.F.);
#5365=ORIENTED_EDGE('',*,*,#4214,.F.);
#5366=ORIENTED_EDGE('',*,*,#4204,.T.);
#5367=ORIENTED_EDGE('',*,*,#4215,.F.);
#5368=ORIENTED_EDGE('',*,*,#4216,.F.);
#5369=ORIENTED_EDGE('',*,*,#4217,.F.);
#5370=ORIENTED_EDGE('',*,*,#4218,.T.);
#5371=ORIENTED_EDGE('',*,*,#4219,.F.);
#5372=ORIENTED_EDGE('',*,*,#4218,.F.);
#5373=ORIENTED_EDGE('',*,*,#4220,.F.);
#5374=ORIENTED_EDGE('',*,*,#4221,.T.);
#5375=ORIENTED_EDGE('',*,*,#4222,.F.);
#5376=ORIENTED_EDGE('',*,*,#4221,.F.);
#5377=ORIENTED_EDGE('',*,*,#4223,.F.);
#5378=ORIENTED_EDGE('',*,*,#4224,.T.);
#5379=ORIENTED_EDGE('',*,*,#4225,.F.);
#5380=ORIENTED_EDGE('',*,*,#4224,.F.);
#5381=ORIENTED_EDGE('',*,*,#4226,.F.);
#5382=ORIENTED_EDGE('',*,*,#4216,.T.);
#5383=ORIENTED_EDGE('',*,*,#4227,.F.);
#5384=ORIENTED_EDGE('',*,*,#4228,.F.);
#5385=ORIENTED_EDGE('',*,*,#4229,.F.);
#5386=ORIENTED_EDGE('',*,*,#4230,.T.);
#5387=ORIENTED_EDGE('',*,*,#4231,.F.);
#5388=ORIENTED_EDGE('',*,*,#4230,.F.);
#5389=ORIENTED_EDGE('',*,*,#4232,.F.);
#5390=ORIENTED_EDGE('',*,*,#4233,.T.);
#5391=ORIENTED_EDGE('',*,*,#4234,.F.);
#5392=ORIENTED_EDGE('',*,*,#4233,.F.);
#5393=ORIENTED_EDGE('',*,*,#4235,.F.);
#5394=ORIENTED_EDGE('',*,*,#4236,.T.);
#5395=ORIENTED_EDGE('',*,*,#4237,.F.);
#5396=ORIENTED_EDGE('',*,*,#4236,.F.);
#5397=ORIENTED_EDGE('',*,*,#4238,.F.);
#5398=ORIENTED_EDGE('',*,*,#4228,.T.);
#5399=ORIENTED_EDGE('',*,*,#4239,.F.);
#5400=ORIENTED_EDGE('',*,*,#4240,.F.);
#5401=ORIENTED_EDGE('',*,*,#4241,.F.);
#5402=ORIENTED_EDGE('',*,*,#4242,.T.);
#5403=ORIENTED_EDGE('',*,*,#4243,.F.);
#5404=ORIENTED_EDGE('',*,*,#4242,.F.);
#5405=ORIENTED_EDGE('',*,*,#4244,.F.);
#5406=ORIENTED_EDGE('',*,*,#4245,.T.);
#5407=ORIENTED_EDGE('',*,*,#4246,.F.);
#5408=ORIENTED_EDGE('',*,*,#4245,.F.);
#5409=ORIENTED_EDGE('',*,*,#4247,.F.);
#5410=ORIENTED_EDGE('',*,*,#4248,.T.);
#5411=ORIENTED_EDGE('',*,*,#4249,.F.);
#5412=ORIENTED_EDGE('',*,*,#4248,.F.);
#5413=ORIENTED_EDGE('',*,*,#4250,.F.);
#5414=ORIENTED_EDGE('',*,*,#4240,.T.);
#5415=ORIENTED_EDGE('',*,*,#4251,.F.);
#5416=ORIENTED_EDGE('',*,*,#4252,.F.);
#5417=ORIENTED_EDGE('',*,*,#4253,.F.);
#5418=ORIENTED_EDGE('',*,*,#4254,.T.);
#5419=ORIENTED_EDGE('',*,*,#4255,.F.);
#5420=ORIENTED_EDGE('',*,*,#4254,.F.);
#5421=ORIENTED_EDGE('',*,*,#4256,.F.);
#5422=ORIENTED_EDGE('',*,*,#4257,.T.);
#5423=ORIENTED_EDGE('',*,*,#4258,.F.);
#5424=ORIENTED_EDGE('',*,*,#4257,.F.);
#5425=ORIENTED_EDGE('',*,*,#4259,.F.);
#5426=ORIENTED_EDGE('',*,*,#4260,.T.);
#5427=ORIENTED_EDGE('',*,*,#4261,.F.);
#5428=ORIENTED_EDGE('',*,*,#4260,.F.);
#5429=ORIENTED_EDGE('',*,*,#4262,.F.);
#5430=ORIENTED_EDGE('',*,*,#4252,.T.);
#5431=ORIENTED_EDGE('',*,*,#4263,.F.);
#5432=ORIENTED_EDGE('',*,*,#4264,.F.);
#5433=ORIENTED_EDGE('',*,*,#4265,.F.);
#5434=ORIENTED_EDGE('',*,*,#4266,.T.);
#5435=ORIENTED_EDGE('',*,*,#4267,.F.);
#5436=ORIENTED_EDGE('',*,*,#4266,.F.);
#5437=ORIENTED_EDGE('',*,*,#4268,.F.);
#5438=ORIENTED_EDGE('',*,*,#4269,.T.);
#5439=ORIENTED_EDGE('',*,*,#4270,.F.);
#5440=ORIENTED_EDGE('',*,*,#4269,.F.);
#5441=ORIENTED_EDGE('',*,*,#4271,.F.);
#5442=ORIENTED_EDGE('',*,*,#4272,.T.);
#5443=ORIENTED_EDGE('',*,*,#4273,.F.);
#5444=ORIENTED_EDGE('',*,*,#4272,.F.);
#5445=ORIENTED_EDGE('',*,*,#4274,.F.);
#5446=ORIENTED_EDGE('',*,*,#4264,.T.);
#5447=ORIENTED_EDGE('',*,*,#4275,.F.);
#5448=ORIENTED_EDGE('',*,*,#4276,.F.);
#5449=ORIENTED_EDGE('',*,*,#4277,.F.);
#5450=ORIENTED_EDGE('',*,*,#4278,.T.);
#5451=ORIENTED_EDGE('',*,*,#4279,.F.);
#5452=ORIENTED_EDGE('',*,*,#4278,.F.);
#5453=ORIENTED_EDGE('',*,*,#4280,.F.);
#5454=ORIENTED_EDGE('',*,*,#4281,.T.);
#5455=ORIENTED_EDGE('',*,*,#4282,.F.);
#5456=ORIENTED_EDGE('',*,*,#4281,.F.);
#5457=ORIENTED_EDGE('',*,*,#4283,.F.);
#5458=ORIENTED_EDGE('',*,*,#4284,.T.);
#5459=ORIENTED_EDGE('',*,*,#4285,.F.);
#5460=ORIENTED_EDGE('',*,*,#4284,.F.);
#5461=ORIENTED_EDGE('',*,*,#4286,.F.);
#5462=ORIENTED_EDGE('',*,*,#4276,.T.);
#5463=ORIENTED_EDGE('',*,*,#4287,.F.);
#5464=ORIENTED_EDGE('',*,*,#4288,.F.);
#5465=ORIENTED_EDGE('',*,*,#4289,.F.);
#5466=ORIENTED_EDGE('',*,*,#4290,.T.);
#5467=ORIENTED_EDGE('',*,*,#4291,.F.);
#5468=ORIENTED_EDGE('',*,*,#4290,.F.);
#5469=ORIENTED_EDGE('',*,*,#4292,.F.);
#5470=ORIENTED_EDGE('',*,*,#4293,.T.);
#5471=ORIENTED_EDGE('',*,*,#4294,.F.);
#5472=ORIENTED_EDGE('',*,*,#4293,.F.);
#5473=ORIENTED_EDGE('',*,*,#4295,.F.);
#5474=ORIENTED_EDGE('',*,*,#4296,.T.);
#5475=ORIENTED_EDGE('',*,*,#4297,.F.);
#5476=ORIENTED_EDGE('',*,*,#4296,.F.);
#5477=ORIENTED_EDGE('',*,*,#4298,.F.);
#5478=ORIENTED_EDGE('',*,*,#4288,.T.);
#5479=ORIENTED_EDGE('',*,*,#4299,.F.);
#5480=ORIENTED_EDGE('',*,*,#4300,.F.);
#5481=ORIENTED_EDGE('',*,*,#4301,.F.);
#5482=ORIENTED_EDGE('',*,*,#4302,.T.);
#5483=ORIENTED_EDGE('',*,*,#4303,.F.);
#5484=ORIENTED_EDGE('',*,*,#4302,.F.);
#5485=ORIENTED_EDGE('',*,*,#4304,.F.);
#5486=ORIENTED_EDGE('',*,*,#4305,.T.);
#5487=ORIENTED_EDGE('',*,*,#4306,.F.);
#5488=ORIENTED_EDGE('',*,*,#4305,.F.);
#5489=ORIENTED_EDGE('',*,*,#4307,.F.);
#5490=ORIENTED_EDGE('',*,*,#4308,.T.);
#5491=ORIENTED_EDGE('',*,*,#4309,.F.);
#5492=ORIENTED_EDGE('',*,*,#4308,.F.);
#5493=ORIENTED_EDGE('',*,*,#4310,.F.);
#5494=ORIENTED_EDGE('',*,*,#4300,.T.);
#5495=ORIENTED_EDGE('',*,*,#4311,.F.);
#5496=ORIENTED_EDGE('',*,*,#4312,.F.);
#5497=ORIENTED_EDGE('',*,*,#4313,.F.);
#5498=ORIENTED_EDGE('',*,*,#4314,.T.);
#5499=ORIENTED_EDGE('',*,*,#4315,.F.);
#5500=ORIENTED_EDGE('',*,*,#4314,.F.);
#5501=ORIENTED_EDGE('',*,*,#4316,.F.);
#5502=ORIENTED_EDGE('',*,*,#4317,.T.);
#5503=ORIENTED_EDGE('',*,*,#4318,.F.);
#5504=ORIENTED_EDGE('',*,*,#4317,.F.);
#5505=ORIENTED_EDGE('',*,*,#4319,.F.);
#5506=ORIENTED_EDGE('',*,*,#4320,.T.);
#5507=ORIENTED_EDGE('',*,*,#4321,.F.);
#5508=ORIENTED_EDGE('',*,*,#4320,.F.);
#5509=ORIENTED_EDGE('',*,*,#4322,.F.);
#5510=ORIENTED_EDGE('',*,*,#4312,.T.);
#5511=ORIENTED_EDGE('',*,*,#4323,.F.);
#5512=ORIENTED_EDGE('',*,*,#4324,.F.);
#5513=ORIENTED_EDGE('',*,*,#4325,.F.);
#5514=ORIENTED_EDGE('',*,*,#4326,.T.);
#5515=ORIENTED_EDGE('',*,*,#4327,.F.);
#5516=ORIENTED_EDGE('',*,*,#4326,.F.);
#5517=ORIENTED_EDGE('',*,*,#4328,.F.);
#5518=ORIENTED_EDGE('',*,*,#4329,.T.);
#5519=ORIENTED_EDGE('',*,*,#4330,.F.);
#5520=ORIENTED_EDGE('',*,*,#4329,.F.);
#5521=ORIENTED_EDGE('',*,*,#4331,.F.);
#5522=ORIENTED_EDGE('',*,*,#4332,.T.);
#5523=ORIENTED_EDGE('',*,*,#4333,.F.);
#5524=ORIENTED_EDGE('',*,*,#4332,.F.);
#5525=ORIENTED_EDGE('',*,*,#4334,.F.);
#5526=ORIENTED_EDGE('',*,*,#4324,.T.);
#5527=ORIENTED_EDGE('',*,*,#4335,.F.);
#5528=ORIENTED_EDGE('',*,*,#4336,.F.);
#5529=ORIENTED_EDGE('',*,*,#4337,.F.);
#5530=ORIENTED_EDGE('',*,*,#4338,.T.);
#5531=ORIENTED_EDGE('',*,*,#4339,.F.);
#5532=ORIENTED_EDGE('',*,*,#4338,.F.);
#5533=ORIENTED_EDGE('',*,*,#4340,.F.);
#5534=ORIENTED_EDGE('',*,*,#4341,.T.);
#5535=ORIENTED_EDGE('',*,*,#4342,.F.);
#5536=ORIENTED_EDGE('',*,*,#4341,.F.);
#5537=ORIENTED_EDGE('',*,*,#4343,.F.);
#5538=ORIENTED_EDGE('',*,*,#4344,.T.);
#5539=ORIENTED_EDGE('',*,*,#4345,.F.);
#5540=ORIENTED_EDGE('',*,*,#4344,.F.);
#5541=ORIENTED_EDGE('',*,*,#4346,.F.);
#5542=ORIENTED_EDGE('',*,*,#4336,.T.);
#5543=ORIENTED_EDGE('',*,*,#4347,.F.);
#5544=ORIENTED_EDGE('',*,*,#4348,.F.);
#5545=ORIENTED_EDGE('',*,*,#4349,.F.);
#5546=ORIENTED_EDGE('',*,*,#4350,.T.);
#5547=ORIENTED_EDGE('',*,*,#4351,.F.);
#5548=ORIENTED_EDGE('',*,*,#4350,.F.);
#5549=ORIENTED_EDGE('',*,*,#4352,.F.);
#5550=ORIENTED_EDGE('',*,*,#4353,.T.);
#5551=ORIENTED_EDGE('',*,*,#4354,.F.);
#5552=ORIENTED_EDGE('',*,*,#4353,.F.);
#5553=ORIENTED_EDGE('',*,*,#4355,.F.);
#5554=ORIENTED_EDGE('',*,*,#4356,.T.);
#5555=ORIENTED_EDGE('',*,*,#4357,.F.);
#5556=ORIENTED_EDGE('',*,*,#4356,.F.);
#5557=ORIENTED_EDGE('',*,*,#4358,.F.);
#5558=ORIENTED_EDGE('',*,*,#4348,.T.);
#5559=ORIENTED_EDGE('',*,*,#4359,.F.);
#5560=ORIENTED_EDGE('',*,*,#4360,.F.);
#5561=ORIENTED_EDGE('',*,*,#4361,.F.);
#5562=ORIENTED_EDGE('',*,*,#4362,.T.);
#5563=ORIENTED_EDGE('',*,*,#4363,.F.);
#5564=ORIENTED_EDGE('',*,*,#4362,.F.);
#5565=ORIENTED_EDGE('',*,*,#4364,.F.);
#5566=ORIENTED_EDGE('',*,*,#4365,.T.);
#5567=ORIENTED_EDGE('',*,*,#4366,.F.);
#5568=ORIENTED_EDGE('',*,*,#4365,.F.);
#5569=ORIENTED_EDGE('',*,*,#4367,.F.);
#5570=ORIENTED_EDGE('',*,*,#4368,.T.);
#5571=ORIENTED_EDGE('',*,*,#4369,.F.);
#5572=ORIENTED_EDGE('',*,*,#4368,.F.);
#5573=ORIENTED_EDGE('',*,*,#4370,.F.);
#5574=ORIENTED_EDGE('',*,*,#4360,.T.);
#5575=ORIENTED_EDGE('',*,*,#4371,.F.);
#5576=ORIENTED_EDGE('',*,*,#4372,.F.);
#5577=ORIENTED_EDGE('',*,*,#4373,.F.);
#5578=ORIENTED_EDGE('',*,*,#4374,.T.);
#5579=ORIENTED_EDGE('',*,*,#4375,.F.);
#5580=ORIENTED_EDGE('',*,*,#4374,.F.);
#5581=ORIENTED_EDGE('',*,*,#4376,.F.);
#5582=ORIENTED_EDGE('',*,*,#4377,.T.);
#5583=ORIENTED_EDGE('',*,*,#4378,.F.);
#5584=ORIENTED_EDGE('',*,*,#4377,.F.);
#5585=ORIENTED_EDGE('',*,*,#4379,.F.);
#5586=ORIENTED_EDGE('',*,*,#4380,.T.);
#5587=ORIENTED_EDGE('',*,*,#4381,.F.);
#5588=ORIENTED_EDGE('',*,*,#4380,.F.);
#5589=ORIENTED_EDGE('',*,*,#4382,.F.);
#5590=ORIENTED_EDGE('',*,*,#4372,.T.);
#5591=ORIENTED_EDGE('',*,*,#4383,.F.);
#5592=ORIENTED_EDGE('',*,*,#4384,.F.);
#5593=ORIENTED_EDGE('',*,*,#4385,.F.);
#5594=ORIENTED_EDGE('',*,*,#4386,.T.);
#5595=ORIENTED_EDGE('',*,*,#4387,.F.);
#5596=ORIENTED_EDGE('',*,*,#4386,.F.);
#5597=ORIENTED_EDGE('',*,*,#4388,.F.);
#5598=ORIENTED_EDGE('',*,*,#4389,.T.);
#5599=ORIENTED_EDGE('',*,*,#4390,.F.);
#5600=ORIENTED_EDGE('',*,*,#4389,.F.);
#5601=ORIENTED_EDGE('',*,*,#4391,.F.);
#5602=ORIENTED_EDGE('',*,*,#4392,.T.);
#5603=ORIENTED_EDGE('',*,*,#4393,.F.);
#5604=ORIENTED_EDGE('',*,*,#4392,.F.);
#5605=ORIENTED_EDGE('',*,*,#4394,.F.);
#5606=ORIENTED_EDGE('',*,*,#4384,.T.);
#5607=ORIENTED_EDGE('',*,*,#4395,.F.);
#5608=ORIENTED_EDGE('',*,*,#4396,.F.);
#5609=ORIENTED_EDGE('',*,*,#4397,.F.);
#5610=ORIENTED_EDGE('',*,*,#4398,.T.);
#5611=ORIENTED_EDGE('',*,*,#4399,.F.);
#5612=ORIENTED_EDGE('',*,*,#4398,.F.);
#5613=ORIENTED_EDGE('',*,*,#4400,.F.);
#5614=ORIENTED_EDGE('',*,*,#4401,.T.);
#5615=ORIENTED_EDGE('',*,*,#4402,.F.);
#5616=ORIENTED_EDGE('',*,*,#4401,.F.);
#5617=ORIENTED_EDGE('',*,*,#4403,.F.);
#5618=ORIENTED_EDGE('',*,*,#4404,.T.);
#5619=ORIENTED_EDGE('',*,*,#4405,.F.);
#5620=ORIENTED_EDGE('',*,*,#4404,.F.);
#5621=ORIENTED_EDGE('',*,*,#4406,.F.);
#5622=ORIENTED_EDGE('',*,*,#4396,.T.);
#5623=ORIENTED_EDGE('',*,*,#4407,.F.);
#5624=ORIENTED_EDGE('',*,*,#4408,.F.);
#5625=ORIENTED_EDGE('',*,*,#4409,.F.);
#5626=ORIENTED_EDGE('',*,*,#4410,.T.);
#5627=ORIENTED_EDGE('',*,*,#4411,.F.);
#5628=ORIENTED_EDGE('',*,*,#4410,.F.);
#5629=ORIENTED_EDGE('',*,*,#4412,.F.);
#5630=ORIENTED_EDGE('',*,*,#4413,.T.);
#5631=ORIENTED_EDGE('',*,*,#4414,.F.);
#5632=ORIENTED_EDGE('',*,*,#4413,.F.);
#5633=ORIENTED_EDGE('',*,*,#4415,.F.);
#5634=ORIENTED_EDGE('',*,*,#4416,.T.);
#5635=ORIENTED_EDGE('',*,*,#4417,.F.);
#5636=ORIENTED_EDGE('',*,*,#4416,.F.);
#5637=ORIENTED_EDGE('',*,*,#4418,.F.);
#5638=ORIENTED_EDGE('',*,*,#4408,.T.);
#5639=ORIENTED_EDGE('',*,*,#4419,.F.);
#5640=ORIENTED_EDGE('',*,*,#4420,.F.);
#5641=ORIENTED_EDGE('',*,*,#4421,.F.);
#5642=ORIENTED_EDGE('',*,*,#4422,.T.);
#5643=ORIENTED_EDGE('',*,*,#4423,.F.);
#5644=ORIENTED_EDGE('',*,*,#4422,.F.);
#5645=ORIENTED_EDGE('',*,*,#4424,.F.);
#5646=ORIENTED_EDGE('',*,*,#4425,.T.);
#5647=ORIENTED_EDGE('',*,*,#4426,.F.);
#5648=ORIENTED_EDGE('',*,*,#4425,.F.);
#5649=ORIENTED_EDGE('',*,*,#4427,.F.);
#5650=ORIENTED_EDGE('',*,*,#4428,.T.);
#5651=ORIENTED_EDGE('',*,*,#4429,.F.);
#5652=ORIENTED_EDGE('',*,*,#4428,.F.);
#5653=ORIENTED_EDGE('',*,*,#4430,.F.);
#5654=ORIENTED_EDGE('',*,*,#4420,.T.);
#5655=ORIENTED_EDGE('',*,*,#4431,.F.);
#5656=ORIENTED_EDGE('',*,*,#4432,.F.);
#5657=ORIENTED_EDGE('',*,*,#4433,.F.);
#5658=ORIENTED_EDGE('',*,*,#4434,.T.);
#5659=ORIENTED_EDGE('',*,*,#4435,.F.);
#5660=ORIENTED_EDGE('',*,*,#4434,.F.);
#5661=ORIENTED_EDGE('',*,*,#4436,.F.);
#5662=ORIENTED_EDGE('',*,*,#4437,.T.);
#5663=ORIENTED_EDGE('',*,*,#4438,.F.);
#5664=ORIENTED_EDGE('',*,*,#4437,.F.);
#5665=ORIENTED_EDGE('',*,*,#4439,.F.);
#5666=ORIENTED_EDGE('',*,*,#4440,.T.);
#5667=ORIENTED_EDGE('',*,*,#4441,.F.);
#5668=ORIENTED_EDGE('',*,*,#4440,.F.);
#5669=ORIENTED_EDGE('',*,*,#4442,.F.);
#5670=ORIENTED_EDGE('',*,*,#4432,.T.);
#5671=ORIENTED_EDGE('',*,*,#4443,.F.);
#5672=ORIENTED_EDGE('',*,*,#4444,.F.);
#5673=ORIENTED_EDGE('',*,*,#4445,.F.);
#5674=ORIENTED_EDGE('',*,*,#4446,.T.);
#5675=ORIENTED_EDGE('',*,*,#4447,.F.);
#5676=ORIENTED_EDGE('',*,*,#4446,.F.);
#5677=ORIENTED_EDGE('',*,*,#4448,.F.);
#5678=ORIENTED_EDGE('',*,*,#4449,.T.);
#5679=ORIENTED_EDGE('',*,*,#4450,.F.);
#5680=ORIENTED_EDGE('',*,*,#4449,.F.);
#5681=ORIENTED_EDGE('',*,*,#4451,.F.);
#5682=ORIENTED_EDGE('',*,*,#4452,.T.);
#5683=ORIENTED_EDGE('',*,*,#4453,.F.);
#5684=ORIENTED_EDGE('',*,*,#4452,.F.);
#5685=ORIENTED_EDGE('',*,*,#4454,.F.);
#5686=ORIENTED_EDGE('',*,*,#4444,.T.);
#5687=ORIENTED_EDGE('',*,*,#4455,.F.);
#5688=ORIENTED_EDGE('',*,*,#4456,.F.);
#5689=ORIENTED_EDGE('',*,*,#4457,.F.);
#5690=ORIENTED_EDGE('',*,*,#4458,.T.);
#5691=ORIENTED_EDGE('',*,*,#4459,.F.);
#5692=ORIENTED_EDGE('',*,*,#4458,.F.);
#5693=ORIENTED_EDGE('',*,*,#4460,.F.);
#5694=ORIENTED_EDGE('',*,*,#4461,.T.);
#5695=ORIENTED_EDGE('',*,*,#4462,.F.);
#5696=ORIENTED_EDGE('',*,*,#4461,.F.);
#5697=ORIENTED_EDGE('',*,*,#4463,.F.);
#5698=ORIENTED_EDGE('',*,*,#4464,.T.);
#5699=ORIENTED_EDGE('',*,*,#4465,.F.);
#5700=ORIENTED_EDGE('',*,*,#4464,.F.);
#5701=ORIENTED_EDGE('',*,*,#4466,.F.);
#5702=ORIENTED_EDGE('',*,*,#4456,.T.);
#5703=ORIENTED_EDGE('',*,*,#4467,.F.);
#5704=ORIENTED_EDGE('',*,*,#4468,.F.);
#5705=ORIENTED_EDGE('',*,*,#4469,.F.);
#5706=ORIENTED_EDGE('',*,*,#4470,.T.);
#5707=ORIENTED_EDGE('',*,*,#4471,.F.);
#5708=ORIENTED_EDGE('',*,*,#4470,.F.);
#5709=ORIENTED_EDGE('',*,*,#4472,.F.);
#5710=ORIENTED_EDGE('',*,*,#4473,.T.);
#5711=ORIENTED_EDGE('',*,*,#4474,.F.);
#5712=ORIENTED_EDGE('',*,*,#4473,.F.);
#5713=ORIENTED_EDGE('',*,*,#4475,.F.);
#5714=ORIENTED_EDGE('',*,*,#4476,.T.);
#5715=ORIENTED_EDGE('',*,*,#4477,.F.);
#5716=ORIENTED_EDGE('',*,*,#4476,.F.);
#5717=ORIENTED_EDGE('',*,*,#4478,.F.);
#5718=ORIENTED_EDGE('',*,*,#4468,.T.);
#5719=ORIENTED_EDGE('',*,*,#4479,.F.);
#5720=ORIENTED_EDGE('',*,*,#4480,.F.);
#5721=ORIENTED_EDGE('',*,*,#4481,.F.);
#5722=ORIENTED_EDGE('',*,*,#4482,.T.);
#5723=ORIENTED_EDGE('',*,*,#4483,.F.);
#5724=ORIENTED_EDGE('',*,*,#4482,.F.);
#5725=ORIENTED_EDGE('',*,*,#4484,.F.);
#5726=ORIENTED_EDGE('',*,*,#4485,.T.);
#5727=ORIENTED_EDGE('',*,*,#4486,.F.);
#5728=ORIENTED_EDGE('',*,*,#4485,.F.);
#5729=ORIENTED_EDGE('',*,*,#4487,.F.);
#5730=ORIENTED_EDGE('',*,*,#4488,.T.);
#5731=ORIENTED_EDGE('',*,*,#4489,.F.);
#5732=ORIENTED_EDGE('',*,*,#4488,.F.);
#5733=ORIENTED_EDGE('',*,*,#4490,.F.);
#5734=ORIENTED_EDGE('',*,*,#4480,.T.);
#5735=ORIENTED_EDGE('',*,*,#4491,.F.);
#5736=ORIENTED_EDGE('',*,*,#4492,.F.);
#5737=ORIENTED_EDGE('',*,*,#4493,.F.);
#5738=ORIENTED_EDGE('',*,*,#4494,.T.);
#5739=ORIENTED_EDGE('',*,*,#4495,.F.);
#5740=ORIENTED_EDGE('',*,*,#4494,.F.);
#5741=ORIENTED_EDGE('',*,*,#4496,.F.);
#5742=ORIENTED_EDGE('',*,*,#4497,.T.);
#5743=ORIENTED_EDGE('',*,*,#4498,.F.);
#5744=ORIENTED_EDGE('',*,*,#4497,.F.);
#5745=ORIENTED_EDGE('',*,*,#4499,.F.);
#5746=ORIENTED_EDGE('',*,*,#4500,.T.);
#5747=ORIENTED_EDGE('',*,*,#4501,.F.);
#5748=ORIENTED_EDGE('',*,*,#4500,.F.);
#5749=ORIENTED_EDGE('',*,*,#4502,.F.);
#5750=ORIENTED_EDGE('',*,*,#4492,.T.);
#5751=ORIENTED_EDGE('',*,*,#4503,.F.);
#5752=ORIENTED_EDGE('',*,*,#4504,.F.);
#5753=ORIENTED_EDGE('',*,*,#4505,.F.);
#5754=ORIENTED_EDGE('',*,*,#4506,.T.);
#5755=ORIENTED_EDGE('',*,*,#4507,.F.);
#5756=ORIENTED_EDGE('',*,*,#4506,.F.);
#5757=ORIENTED_EDGE('',*,*,#4508,.F.);
#5758=ORIENTED_EDGE('',*,*,#4509,.T.);
#5759=ORIENTED_EDGE('',*,*,#4510,.F.);
#5760=ORIENTED_EDGE('',*,*,#4509,.F.);
#5761=ORIENTED_EDGE('',*,*,#4511,.F.);
#5762=ORIENTED_EDGE('',*,*,#4512,.T.);
#5763=ORIENTED_EDGE('',*,*,#4513,.F.);
#5764=ORIENTED_EDGE('',*,*,#4512,.F.);
#5765=ORIENTED_EDGE('',*,*,#4514,.F.);
#5766=ORIENTED_EDGE('',*,*,#4504,.T.);
#5767=ORIENTED_EDGE('',*,*,#4515,.F.);
#5768=ORIENTED_EDGE('',*,*,#4516,.F.);
#5769=ORIENTED_EDGE('',*,*,#4517,.F.);
#5770=ORIENTED_EDGE('',*,*,#4518,.T.);
#5771=ORIENTED_EDGE('',*,*,#4519,.F.);
#5772=ORIENTED_EDGE('',*,*,#4518,.F.);
#5773=ORIENTED_EDGE('',*,*,#4520,.F.);
#5774=ORIENTED_EDGE('',*,*,#4521,.T.);
#5775=ORIENTED_EDGE('',*,*,#4522,.F.);
#5776=ORIENTED_EDGE('',*,*,#4521,.F.);
#5777=ORIENTED_EDGE('',*,*,#4523,.F.);
#5778=ORIENTED_EDGE('',*,*,#4524,.T.);
#5779=ORIENTED_EDGE('',*,*,#4525,.F.);
#5780=ORIENTED_EDGE('',*,*,#4524,.F.);
#5781=ORIENTED_EDGE('',*,*,#4526,.F.);
#5782=ORIENTED_EDGE('',*,*,#4516,.T.);
#5783=ORIENTED_EDGE('',*,*,#4527,.F.);
#5784=ORIENTED_EDGE('',*,*,#4528,.F.);
#5785=ORIENTED_EDGE('',*,*,#4529,.F.);
#5786=ORIENTED_EDGE('',*,*,#4530,.T.);
#5787=ORIENTED_EDGE('',*,*,#4531,.F.);
#5788=ORIENTED_EDGE('',*,*,#4530,.F.);
#5789=ORIENTED_EDGE('',*,*,#4532,.F.);
#5790=ORIENTED_EDGE('',*,*,#4533,.T.);
#5791=ORIENTED_EDGE('',*,*,#4534,.F.);
#5792=ORIENTED_EDGE('',*,*,#4533,.F.);
#5793=ORIENTED_EDGE('',*,*,#4535,.F.);
#5794=ORIENTED_EDGE('',*,*,#4536,.T.);
#5795=ORIENTED_EDGE('',*,*,#4537,.F.);
#5796=ORIENTED_EDGE('',*,*,#4536,.F.);
#5797=ORIENTED_EDGE('',*,*,#4538,.F.);
#5798=ORIENTED_EDGE('',*,*,#4528,.T.);
#5799=ORIENTED_EDGE('',*,*,#4539,.F.);
#5800=ORIENTED_EDGE('',*,*,#4540,.F.);
#5801=ORIENTED_EDGE('',*,*,#4541,.F.);
#5802=ORIENTED_EDGE('',*,*,#4542,.T.);
#5803=ORIENTED_EDGE('',*,*,#4543,.F.);
#5804=ORIENTED_EDGE('',*,*,#4542,.F.);
#5805=ORIENTED_EDGE('',*,*,#4544,.F.);
#5806=ORIENTED_EDGE('',*,*,#4545,.T.);
#5807=ORIENTED_EDGE('',*,*,#4546,.F.);
#5808=ORIENTED_EDGE('',*,*,#4545,.F.);
#5809=ORIENTED_EDGE('',*,*,#4547,.F.);
#5810=ORIENTED_EDGE('',*,*,#4548,.T.);
#5811=ORIENTED_EDGE('',*,*,#4549,.F.);
#5812=ORIENTED_EDGE('',*,*,#4548,.F.);
#5813=ORIENTED_EDGE('',*,*,#4550,.F.);
#5814=ORIENTED_EDGE('',*,*,#4540,.T.);
#5815=ORIENTED_EDGE('',*,*,#4551,.F.);
#5816=ORIENTED_EDGE('',*,*,#4552,.F.);
#5817=ORIENTED_EDGE('',*,*,#4553,.F.);
#5818=ORIENTED_EDGE('',*,*,#4554,.T.);
#5819=ORIENTED_EDGE('',*,*,#4555,.F.);
#5820=ORIENTED_EDGE('',*,*,#4554,.F.);
#5821=ORIENTED_EDGE('',*,*,#4556,.F.);
#5822=ORIENTED_EDGE('',*,*,#4557,.T.);
#5823=ORIENTED_EDGE('',*,*,#4558,.F.);
#5824=ORIENTED_EDGE('',*,*,#4557,.F.);
#5825=ORIENTED_EDGE('',*,*,#4559,.F.);
#5826=ORIENTED_EDGE('',*,*,#4560,.T.);
#5827=ORIENTED_EDGE('',*,*,#4561,.F.);
#5828=ORIENTED_EDGE('',*,*,#4560,.F.);
#5829=ORIENTED_EDGE('',*,*,#4562,.F.);
#5830=ORIENTED_EDGE('',*,*,#4552,.T.);
#5831=ORIENTED_EDGE('',*,*,#4563,.F.);
#5832=ORIENTED_EDGE('',*,*,#4564,.F.);
#5833=ORIENTED_EDGE('',*,*,#4565,.F.);
#5834=ORIENTED_EDGE('',*,*,#4566,.T.);
#5835=ORIENTED_EDGE('',*,*,#4567,.F.);
#5836=ORIENTED_EDGE('',*,*,#4566,.F.);
#5837=ORIENTED_EDGE('',*,*,#4568,.F.);
#5838=ORIENTED_EDGE('',*,*,#4569,.T.);
#5839=ORIENTED_EDGE('',*,*,#4570,.F.);
#5840=ORIENTED_EDGE('',*,*,#4569,.F.);
#5841=ORIENTED_EDGE('',*,*,#4571,.F.);
#5842=ORIENTED_EDGE('',*,*,#4572,.T.);
#5843=ORIENTED_EDGE('',*,*,#4573,.F.);
#5844=ORIENTED_EDGE('',*,*,#4572,.F.);
#5845=ORIENTED_EDGE('',*,*,#4574,.F.);
#5846=ORIENTED_EDGE('',*,*,#4564,.T.);
#5847=ORIENTED_EDGE('',*,*,#4575,.F.);
#5848=ORIENTED_EDGE('',*,*,#4576,.F.);
#5849=ORIENTED_EDGE('',*,*,#4577,.F.);
#5850=ORIENTED_EDGE('',*,*,#4578,.T.);
#5851=ORIENTED_EDGE('',*,*,#4579,.F.);
#5852=ORIENTED_EDGE('',*,*,#4578,.F.);
#5853=ORIENTED_EDGE('',*,*,#4580,.F.);
#5854=ORIENTED_EDGE('',*,*,#4581,.T.);
#5855=ORIENTED_EDGE('',*,*,#4582,.F.);
#5856=ORIENTED_EDGE('',*,*,#4581,.F.);
#5857=ORIENTED_EDGE('',*,*,#4583,.F.);
#5858=ORIENTED_EDGE('',*,*,#4584,.T.);
#5859=ORIENTED_EDGE('',*,*,#4585,.F.);
#5860=ORIENTED_EDGE('',*,*,#4584,.F.);
#5861=ORIENTED_EDGE('',*,*,#4586,.F.);
#5862=ORIENTED_EDGE('',*,*,#4576,.T.);
#5863=ORIENTED_EDGE('',*,*,#4587,.F.);
#5864=ORIENTED_EDGE('',*,*,#4588,.F.);
#5865=ORIENTED_EDGE('',*,*,#4589,.F.);
#5866=ORIENTED_EDGE('',*,*,#4590,.T.);
#5867=ORIENTED_EDGE('',*,*,#4591,.F.);
#5868=ORIENTED_EDGE('',*,*,#4590,.F.);
#5869=ORIENTED_EDGE('',*,*,#4592,.F.);
#5870=ORIENTED_EDGE('',*,*,#4593,.T.);
#5871=ORIENTED_EDGE('',*,*,#4594,.F.);
#5872=ORIENTED_EDGE('',*,*,#4593,.F.);
#5873=ORIENTED_EDGE('',*,*,#4595,.F.);
#5874=ORIENTED_EDGE('',*,*,#4596,.T.);
#5875=ORIENTED_EDGE('',*,*,#4597,.F.);
#5876=ORIENTED_EDGE('',*,*,#4596,.F.);
#5877=ORIENTED_EDGE('',*,*,#4598,.F.);
#5878=ORIENTED_EDGE('',*,*,#4588,.T.);
#5879=ORIENTED_EDGE('',*,*,#4599,.F.);
#5880=ORIENTED_EDGE('',*,*,#4600,.F.);
#5881=ORIENTED_EDGE('',*,*,#4601,.F.);
#5882=ORIENTED_EDGE('',*,*,#4602,.T.);
#5883=ORIENTED_EDGE('',*,*,#4603,.F.);
#5884=ORIENTED_EDGE('',*,*,#4602,.F.);
#5885=ORIENTED_EDGE('',*,*,#4604,.F.);
#5886=ORIENTED_EDGE('',*,*,#4605,.T.);
#5887=ORIENTED_EDGE('',*,*,#4606,.F.);
#5888=ORIENTED_EDGE('',*,*,#4605,.F.);
#5889=ORIENTED_EDGE('',*,*,#4607,.F.);
#5890=ORIENTED_EDGE('',*,*,#4608,.T.);
#5891=ORIENTED_EDGE('',*,*,#4609,.F.);
#5892=ORIENTED_EDGE('',*,*,#4608,.F.);
#5893=ORIENTED_EDGE('',*,*,#4610,.F.);
#5894=ORIENTED_EDGE('',*,*,#4600,.T.);
#5895=ORIENTED_EDGE('',*,*,#4611,.F.);
#5896=ORIENTED_EDGE('',*,*,#4612,.F.);
#5897=ORIENTED_EDGE('',*,*,#4613,.F.);
#5898=ORIENTED_EDGE('',*,*,#4614,.T.);
#5899=ORIENTED_EDGE('',*,*,#4615,.F.);
#5900=ORIENTED_EDGE('',*,*,#4614,.F.);
#5901=ORIENTED_EDGE('',*,*,#4616,.F.);
#5902=ORIENTED_EDGE('',*,*,#4617,.T.);
#5903=ORIENTED_EDGE('',*,*,#4618,.F.);
#5904=ORIENTED_EDGE('',*,*,#4617,.F.);
#5905=ORIENTED_EDGE('',*,*,#4619,.F.);
#5906=ORIENTED_EDGE('',*,*,#4620,.T.);
#5907=ORIENTED_EDGE('',*,*,#4621,.F.);
#5908=ORIENTED_EDGE('',*,*,#4620,.F.);
#5909=ORIENTED_EDGE('',*,*,#4622,.F.);
#5910=ORIENTED_EDGE('',*,*,#4612,.T.);
#5911=ORIENTED_EDGE('',*,*,#4623,.F.);
#5912=ORIENTED_EDGE('',*,*,#4624,.F.);
#5913=ORIENTED_EDGE('',*,*,#4625,.F.);
#5914=ORIENTED_EDGE('',*,*,#4626,.T.);
#5915=ORIENTED_EDGE('',*,*,#4627,.F.);
#5916=ORIENTED_EDGE('',*,*,#4626,.F.);
#5917=ORIENTED_EDGE('',*,*,#4628,.F.);
#5918=ORIENTED_EDGE('',*,*,#4629,.T.);
#5919=ORIENTED_EDGE('',*,*,#4630,.F.);
#5920=ORIENTED_EDGE('',*,*,#4629,.F.);
#5921=ORIENTED_EDGE('',*,*,#4631,.F.);
#5922=ORIENTED_EDGE('',*,*,#4632,.T.);
#5923=ORIENTED_EDGE('',*,*,#4633,.F.);
#5924=ORIENTED_EDGE('',*,*,#4632,.F.);
#5925=ORIENTED_EDGE('',*,*,#4634,.F.);
#5926=ORIENTED_EDGE('',*,*,#4624,.T.);
#5927=ORIENTED_EDGE('',*,*,#4635,.F.);
#5928=ORIENTED_EDGE('',*,*,#4636,.F.);
#5929=ORIENTED_EDGE('',*,*,#4637,.F.);
#5930=ORIENTED_EDGE('',*,*,#4638,.T.);
#5931=ORIENTED_EDGE('',*,*,#4639,.F.);
#5932=ORIENTED_EDGE('',*,*,#4638,.F.);
#5933=ORIENTED_EDGE('',*,*,#4640,.F.);
#5934=ORIENTED_EDGE('',*,*,#4641,.T.);
#5935=ORIENTED_EDGE('',*,*,#4642,.F.);
#5936=ORIENTED_EDGE('',*,*,#4641,.F.);
#5937=ORIENTED_EDGE('',*,*,#4643,.F.);
#5938=ORIENTED_EDGE('',*,*,#4644,.T.);
#5939=ORIENTED_EDGE('',*,*,#4645,.F.);
#5940=ORIENTED_EDGE('',*,*,#4644,.F.);
#5941=ORIENTED_EDGE('',*,*,#4646,.F.);
#5942=ORIENTED_EDGE('',*,*,#4636,.T.);
#5943=ORIENTED_EDGE('',*,*,#4647,.F.);
#5944=ORIENTED_EDGE('',*,*,#4648,.F.);
#5945=ORIENTED_EDGE('',*,*,#4649,.F.);
#5946=ORIENTED_EDGE('',*,*,#4650,.T.);
#5947=ORIENTED_EDGE('',*,*,#4651,.F.);
#5948=ORIENTED_EDGE('',*,*,#4650,.F.);
#5949=ORIENTED_EDGE('',*,*,#4652,.F.);
#5950=ORIENTED_EDGE('',*,*,#4653,.T.);
#5951=ORIENTED_EDGE('',*,*,#4654,.F.);
#5952=ORIENTED_EDGE('',*,*,#4653,.F.);
#5953=ORIENTED_EDGE('',*,*,#4655,.F.);
#5954=ORIENTED_EDGE('',*,*,#4656,.T.);
#5955=ORIENTED_EDGE('',*,*,#4657,.F.);
#5956=ORIENTED_EDGE('',*,*,#4656,.F.);
#5957=ORIENTED_EDGE('',*,*,#4658,.F.);
#5958=ORIENTED_EDGE('',*,*,#4648,.T.);
#5959=ORIENTED_EDGE('',*,*,#4659,.F.);
#5960=ORIENTED_EDGE('',*,*,#4660,.F.);
#5961=ORIENTED_EDGE('',*,*,#4661,.F.);
#5962=ORIENTED_EDGE('',*,*,#4662,.T.);
#5963=ORIENTED_EDGE('',*,*,#4663,.F.);
#5964=ORIENTED_EDGE('',*,*,#4662,.F.);
#5965=ORIENTED_EDGE('',*,*,#4664,.F.);
#5966=ORIENTED_EDGE('',*,*,#4665,.T.);
#5967=ORIENTED_EDGE('',*,*,#4666,.F.);
#5968=ORIENTED_EDGE('',*,*,#4665,.F.);
#5969=ORIENTED_EDGE('',*,*,#4667,.F.);
#5970=ORIENTED_EDGE('',*,*,#4668,.T.);
#5971=ORIENTED_EDGE('',*,*,#4669,.F.);
#5972=ORIENTED_EDGE('',*,*,#4668,.F.);
#5973=ORIENTED_EDGE('',*,*,#4670,.F.);
#5974=ORIENTED_EDGE('',*,*,#4660,.T.);
#5975=ORIENTED_EDGE('',*,*,#4671,.F.);
#5976=ORIENTED_EDGE('',*,*,#4672,.F.);
#5977=ORIENTED_EDGE('',*,*,#4673,.F.);
#5978=ORIENTED_EDGE('',*,*,#4674,.T.);
#5979=ORIENTED_EDGE('',*,*,#4675,.F.);
#5980=ORIENTED_EDGE('',*,*,#4674,.F.);
#5981=ORIENTED_EDGE('',*,*,#4676,.F.);
#5982=ORIENTED_EDGE('',*,*,#4677,.T.);
#5983=ORIENTED_EDGE('',*,*,#4678,.F.);
#5984=ORIENTED_EDGE('',*,*,#4677,.F.);
#5985=ORIENTED_EDGE('',*,*,#4679,.F.);
#5986=ORIENTED_EDGE('',*,*,#4680,.T.);
#5987=ORIENTED_EDGE('',*,*,#4681,.F.);
#5988=ORIENTED_EDGE('',*,*,#4680,.F.);
#5989=ORIENTED_EDGE('',*,*,#4682,.F.);
#5990=ORIENTED_EDGE('',*,*,#4672,.T.);
#5991=ORIENTED_EDGE('',*,*,#4683,.F.);
#5992=ORIENTED_EDGE('',*,*,#4684,.F.);
#5993=ORIENTED_EDGE('',*,*,#4685,.F.);
#5994=ORIENTED_EDGE('',*,*,#4686,.T.);
#5995=ORIENTED_EDGE('',*,*,#4687,.F.);
#5996=ORIENTED_EDGE('',*,*,#4686,.F.);
#5997=ORIENTED_EDGE('',*,*,#4688,.F.);
#5998=ORIENTED_EDGE('',*,*,#4689,.T.);
#5999=ORIENTED_EDGE('',*,*,#4690,.F.);
#6000=ORIENTED_EDGE('',*,*,#4689,.F.);
#6001=ORIENTED_EDGE('',*,*,#4691,.F.);
#6002=ORIENTED_EDGE('',*,*,#4692,.T.);
#6003=ORIENTED_EDGE('',*,*,#4693,.F.);
#6004=ORIENTED_EDGE('',*,*,#4692,.F.);
#6005=ORIENTED_EDGE('',*,*,#4694,.F.);
#6006=ORIENTED_EDGE('',*,*,#4684,.T.);
#6007=ORIENTED_EDGE('',*,*,#4695,.F.);
#6008=ORIENTED_EDGE('',*,*,#4696,.F.);
#6009=ORIENTED_EDGE('',*,*,#4697,.F.);
#6010=ORIENTED_EDGE('',*,*,#4698,.T.);
#6011=ORIENTED_EDGE('',*,*,#4699,.F.);
#6012=ORIENTED_EDGE('',*,*,#4698,.F.);
#6013=ORIENTED_EDGE('',*,*,#4700,.F.);
#6014=ORIENTED_EDGE('',*,*,#4701,.T.);
#6015=ORIENTED_EDGE('',*,*,#4702,.F.);
#6016=ORIENTED_EDGE('',*,*,#4701,.F.);
#6017=ORIENTED_EDGE('',*,*,#4703,.F.);
#6018=ORIENTED_EDGE('',*,*,#4704,.T.);
#6019=ORIENTED_EDGE('',*,*,#4705,.F.);
#6020=ORIENTED_EDGE('',*,*,#4704,.F.);
#6021=ORIENTED_EDGE('',*,*,#4706,.F.);
#6022=ORIENTED_EDGE('',*,*,#4696,.T.);
#6023=ORIENTED_EDGE('',*,*,#4707,.F.);
#6024=ORIENTED_EDGE('',*,*,#4708,.F.);
#6025=ORIENTED_EDGE('',*,*,#4709,.F.);
#6026=ORIENTED_EDGE('',*,*,#4710,.T.);
#6027=ORIENTED_EDGE('',*,*,#4711,.F.);
#6028=ORIENTED_EDGE('',*,*,#4710,.F.);
#6029=ORIENTED_EDGE('',*,*,#4712,.F.);
#6030=ORIENTED_EDGE('',*,*,#4713,.T.);
#6031=ORIENTED_EDGE('',*,*,#4714,.F.);
#6032=ORIENTED_EDGE('',*,*,#4713,.F.);
#6033=ORIENTED_EDGE('',*,*,#4715,.F.);
#6034=ORIENTED_EDGE('',*,*,#4716,.T.);
#6035=ORIENTED_EDGE('',*,*,#4717,.F.);
#6036=ORIENTED_EDGE('',*,*,#4716,.F.);
#6037=ORIENTED_EDGE('',*,*,#4718,.F.);
#6038=ORIENTED_EDGE('',*,*,#4708,.T.);
#6039=ORIENTED_EDGE('',*,*,#4719,.F.);
#6040=ORIENTED_EDGE('',*,*,#4720,.F.);
#6041=ORIENTED_EDGE('',*,*,#4721,.F.);
#6042=ORIENTED_EDGE('',*,*,#4722,.T.);
#6043=ORIENTED_EDGE('',*,*,#4723,.F.);
#6044=ORIENTED_EDGE('',*,*,#4722,.F.);
#6045=ORIENTED_EDGE('',*,*,#4724,.F.);
#6046=ORIENTED_EDGE('',*,*,#4725,.T.);
#6047=ORIENTED_EDGE('',*,*,#4726,.F.);
#6048=ORIENTED_EDGE('',*,*,#4725,.F.);
#6049=ORIENTED_EDGE('',*,*,#4727,.F.);
#6050=ORIENTED_EDGE('',*,*,#4728,.T.);
#6051=ORIENTED_EDGE('',*,*,#4729,.F.);
#6052=ORIENTED_EDGE('',*,*,#4728,.F.);
#6053=ORIENTED_EDGE('',*,*,#4730,.F.);
#6054=ORIENTED_EDGE('',*,*,#4720,.T.);
#6055=ORIENTED_EDGE('',*,*,#4731,.F.);
#6056=ORIENTED_EDGE('',*,*,#4732,.F.);
#6057=ORIENTED_EDGE('',*,*,#4733,.F.);
#6058=ORIENTED_EDGE('',*,*,#4734,.T.);
#6059=ORIENTED_EDGE('',*,*,#4735,.F.);
#6060=ORIENTED_EDGE('',*,*,#4734,.F.);
#6061=ORIENTED_EDGE('',*,*,#4736,.F.);
#6062=ORIENTED_EDGE('',*,*,#4737,.T.);
#6063=ORIENTED_EDGE('',*,*,#4738,.F.);
#6064=ORIENTED_EDGE('',*,*,#4737,.F.);
#6065=ORIENTED_EDGE('',*,*,#4739,.F.);
#6066=ORIENTED_EDGE('',*,*,#4740,.T.);
#6067=ORIENTED_EDGE('',*,*,#4741,.F.);
#6068=ORIENTED_EDGE('',*,*,#4740,.F.);
#6069=ORIENTED_EDGE('',*,*,#4742,.F.);
#6070=ORIENTED_EDGE('',*,*,#4732,.T.);
#6071=ORIENTED_EDGE('',*,*,#4743,.F.);
#6072=ORIENTED_EDGE('',*,*,#4744,.F.);
#6073=ORIENTED_EDGE('',*,*,#4745,.F.);
#6074=ORIENTED_EDGE('',*,*,#4746,.T.);
#6075=ORIENTED_EDGE('',*,*,#4747,.F.);
#6076=ORIENTED_EDGE('',*,*,#4746,.F.);
#6077=ORIENTED_EDGE('',*,*,#4748,.F.);
#6078=ORIENTED_EDGE('',*,*,#4749,.T.);
#6079=ORIENTED_EDGE('',*,*,#4750,.F.);
#6080=ORIENTED_EDGE('',*,*,#4749,.F.);
#6081=ORIENTED_EDGE('',*,*,#4751,.F.);
#6082=ORIENTED_EDGE('',*,*,#4752,.T.);
#6083=ORIENTED_EDGE('',*,*,#4753,.F.);
#6084=ORIENTED_EDGE('',*,*,#4752,.F.);
#6085=ORIENTED_EDGE('',*,*,#4754,.F.);
#6086=ORIENTED_EDGE('',*,*,#4744,.T.);
#6087=ORIENTED_EDGE('',*,*,#4755,.F.);
#6088=ORIENTED_EDGE('',*,*,#4756,.F.);
#6089=ORIENTED_EDGE('',*,*,#4757,.F.);
#6090=ORIENTED_EDGE('',*,*,#4758,.T.);
#6091=ORIENTED_EDGE('',*,*,#4759,.F.);
#6092=ORIENTED_EDGE('',*,*,#4758,.F.);
#6093=ORIENTED_EDGE('',*,*,#4760,.F.);
#6094=ORIENTED_EDGE('',*,*,#4761,.T.);
#6095=ORIENTED_EDGE('',*,*,#4762,.F.);
#6096=ORIENTED_EDGE('',*,*,#4761,.F.);
#6097=ORIENTED_EDGE('',*,*,#4763,.F.);
#6098=ORIENTED_EDGE('',*,*,#4764,.T.);
#6099=ORIENTED_EDGE('',*,*,#4765,.F.);
#6100=ORIENTED_EDGE('',*,*,#4764,.F.);
#6101=ORIENTED_EDGE('',*,*,#4766,.F.);
#6102=ORIENTED_EDGE('',*,*,#4756,.T.);
#6103=ORIENTED_EDGE('',*,*,#4767,.F.);
#6104=ORIENTED_EDGE('',*,*,#4768,.F.);
#6105=ORIENTED_EDGE('',*,*,#4769,.F.);
#6106=ORIENTED_EDGE('',*,*,#4770,.T.);
#6107=ORIENTED_EDGE('',*,*,#4771,.F.);
#6108=ORIENTED_EDGE('',*,*,#4770,.F.);
#6109=ORIENTED_EDGE('',*,*,#4772,.F.);
#6110=ORIENTED_EDGE('',*,*,#4773,.T.);
#6111=ORIENTED_EDGE('',*,*,#4774,.F.);
#6112=ORIENTED_EDGE('',*,*,#4773,.F.);
#6113=ORIENTED_EDGE('',*,*,#4775,.F.);
#6114=ORIENTED_EDGE('',*,*,#4776,.T.);
#6115=ORIENTED_EDGE('',*,*,#4777,.F.);
#6116=ORIENTED_EDGE('',*,*,#4776,.F.);
#6117=ORIENTED_EDGE('',*,*,#4778,.F.);
#6118=ORIENTED_EDGE('',*,*,#4768,.T.);
#6119=ORIENTED_EDGE('',*,*,#4779,.F.);
#6120=ORIENTED_EDGE('',*,*,#4780,.F.);
#6121=ORIENTED_EDGE('',*,*,#4781,.F.);
#6122=ORIENTED_EDGE('',*,*,#4782,.T.);
#6123=ORIENTED_EDGE('',*,*,#4783,.F.);
#6124=ORIENTED_EDGE('',*,*,#4782,.F.);
#6125=ORIENTED_EDGE('',*,*,#4784,.F.);
#6126=ORIENTED_EDGE('',*,*,#4785,.T.);
#6127=ORIENTED_EDGE('',*,*,#4786,.F.);
#6128=ORIENTED_EDGE('',*,*,#4785,.F.);
#6129=ORIENTED_EDGE('',*,*,#4787,.F.);
#6130=ORIENTED_EDGE('',*,*,#4788,.T.);
#6131=ORIENTED_EDGE('',*,*,#4789,.F.);
#6132=ORIENTED_EDGE('',*,*,#4788,.F.);
#6133=ORIENTED_EDGE('',*,*,#4790,.F.);
#6134=ORIENTED_EDGE('',*,*,#4780,.T.);
#6135=ORIENTED_EDGE('',*,*,#4791,.F.);
#6136=ORIENTED_EDGE('',*,*,#4792,.F.);
#6137=ORIENTED_EDGE('',*,*,#4793,.F.);
#6138=ORIENTED_EDGE('',*,*,#4794,.T.);
#6139=ORIENTED_EDGE('',*,*,#4795,.F.);
#6140=ORIENTED_EDGE('',*,*,#4794,.F.);
#6141=ORIENTED_EDGE('',*,*,#4796,.F.);
#6142=ORIENTED_EDGE('',*,*,#4797,.T.);
#6143=ORIENTED_EDGE('',*,*,#4798,.F.);
#6144=ORIENTED_EDGE('',*,*,#4797,.F.);
#6145=ORIENTED_EDGE('',*,*,#4799,.F.);
#6146=ORIENTED_EDGE('',*,*,#4800,.T.);
#6147=ORIENTED_EDGE('',*,*,#4801,.F.);
#6148=ORIENTED_EDGE('',*,*,#4800,.F.);
#6149=ORIENTED_EDGE('',*,*,#4802,.F.);
#6150=ORIENTED_EDGE('',*,*,#4792,.T.);
#6151=ORIENTED_EDGE('',*,*,#4803,.F.);
#6152=ORIENTED_EDGE('',*,*,#4804,.F.);
#6153=ORIENTED_EDGE('',*,*,#4805,.F.);
#6154=ORIENTED_EDGE('',*,*,#4806,.T.);
#6155=ORIENTED_EDGE('',*,*,#4807,.F.);
#6156=ORIENTED_EDGE('',*,*,#4806,.F.);
#6157=ORIENTED_EDGE('',*,*,#4808,.F.);
#6158=ORIENTED_EDGE('',*,*,#4809,.T.);
#6159=ORIENTED_EDGE('',*,*,#4810,.F.);
#6160=ORIENTED_EDGE('',*,*,#4809,.F.);
#6161=ORIENTED_EDGE('',*,*,#4811,.F.);
#6162=ORIENTED_EDGE('',*,*,#4812,.T.);
#6163=ORIENTED_EDGE('',*,*,#4813,.F.);
#6164=ORIENTED_EDGE('',*,*,#4812,.F.);
#6165=ORIENTED_EDGE('',*,*,#4814,.F.);
#6166=ORIENTED_EDGE('',*,*,#4804,.T.);
#6167=ORIENTED_EDGE('',*,*,#4815,.F.);
#6168=ORIENTED_EDGE('',*,*,#4816,.F.);
#6169=ORIENTED_EDGE('',*,*,#4817,.F.);
#6170=ORIENTED_EDGE('',*,*,#4818,.T.);
#6171=ORIENTED_EDGE('',*,*,#4819,.F.);
#6172=ORIENTED_EDGE('',*,*,#4818,.F.);
#6173=ORIENTED_EDGE('',*,*,#4820,.F.);
#6174=ORIENTED_EDGE('',*,*,#4821,.T.);
#6175=ORIENTED_EDGE('',*,*,#4822,.F.);
#6176=ORIENTED_EDGE('',*,*,#4821,.F.);
#6177=ORIENTED_EDGE('',*,*,#4823,.F.);
#6178=ORIENTED_EDGE('',*,*,#4824,.T.);
#6179=ORIENTED_EDGE('',*,*,#4825,.F.);
#6180=ORIENTED_EDGE('',*,*,#4824,.F.);
#6181=ORIENTED_EDGE('',*,*,#4826,.F.);
#6182=ORIENTED_EDGE('',*,*,#4816,.T.);
#6183=ORIENTED_EDGE('',*,*,#4827,.F.);
#6184=ORIENTED_EDGE('',*,*,#4828,.F.);
#6185=ORIENTED_EDGE('',*,*,#4829,.F.);
#6186=ORIENTED_EDGE('',*,*,#4830,.T.);
#6187=ORIENTED_EDGE('',*,*,#4831,.F.);
#6188=ORIENTED_EDGE('',*,*,#4830,.F.);
#6189=ORIENTED_EDGE('',*,*,#4832,.F.);
#6190=ORIENTED_EDGE('',*,*,#4833,.T.);
#6191=ORIENTED_EDGE('',*,*,#4834,.F.);
#6192=ORIENTED_EDGE('',*,*,#4833,.F.);
#6193=ORIENTED_EDGE('',*,*,#4835,.F.);
#6194=ORIENTED_EDGE('',*,*,#4836,.T.);
#6195=ORIENTED_EDGE('',*,*,#4837,.F.);
#6196=ORIENTED_EDGE('',*,*,#4836,.F.);
#6197=ORIENTED_EDGE('',*,*,#4838,.F.);
#6198=ORIENTED_EDGE('',*,*,#4828,.T.);
#6199=ORIENTED_EDGE('',*,*,#4839,.F.);
#6200=ORIENTED_EDGE('',*,*,#4840,.F.);
#6201=ORIENTED_EDGE('',*,*,#4841,.F.);
#6202=ORIENTED_EDGE('',*,*,#4842,.T.);
#6203=ORIENTED_EDGE('',*,*,#4843,.F.);
#6204=ORIENTED_EDGE('',*,*,#4842,.F.);
#6205=ORIENTED_EDGE('',*,*,#4844,.F.);
#6206=ORIENTED_EDGE('',*,*,#4845,.T.);
#6207=ORIENTED_EDGE('',*,*,#4846,.F.);
#6208=ORIENTED_EDGE('',*,*,#4845,.F.);
#6209=ORIENTED_EDGE('',*,*,#4847,.F.);
#6210=ORIENTED_EDGE('',*,*,#4848,.T.);
#6211=ORIENTED_EDGE('',*,*,#4849,.F.);
#6212=ORIENTED_EDGE('',*,*,#4848,.F.);
#6213=ORIENTED_EDGE('',*,*,#4850,.F.);
#6214=ORIENTED_EDGE('',*,*,#4840,.T.);
#6215=ORIENTED_EDGE('',*,*,#4851,.F.);
#6216=ORIENTED_EDGE('',*,*,#4852,.F.);
#6217=ORIENTED_EDGE('',*,*,#4853,.F.);
#6218=ORIENTED_EDGE('',*,*,#4854,.T.);
#6219=ORIENTED_EDGE('',*,*,#4855,.F.);
#6220=ORIENTED_EDGE('',*,*,#4854,.F.);
#6221=ORIENTED_EDGE('',*,*,#4856,.F.);
#6222=ORIENTED_EDGE('',*,*,#4857,.T.);
#6223=ORIENTED_EDGE('',*,*,#4858,.F.);
#6224=ORIENTED_EDGE('',*,*,#4857,.F.);
#6225=ORIENTED_EDGE('',*,*,#4859,.F.);
#6226=ORIENTED_EDGE('',*,*,#4860,.T.);
#6227=ORIENTED_EDGE('',*,*,#4861,.F.);
#6228=ORIENTED_EDGE('',*,*,#4860,.F.);
#6229=ORIENTED_EDGE('',*,*,#4862,.F.);
#6230=ORIENTED_EDGE('',*,*,#4852,.T.);
#6231=ORIENTED_EDGE('',*,*,#4863,.F.);
#6232=ORIENTED_EDGE('',*,*,#4864,.F.);
#6233=ORIENTED_EDGE('',*,*,#4865,.F.);
#6234=ORIENTED_EDGE('',*,*,#4866,.T.);
#6235=ORIENTED_EDGE('',*,*,#4867,.F.);
#6236=ORIENTED_EDGE('',*,*,#4866,.F.);
#6237=ORIENTED_EDGE('',*,*,#4868,.F.);
#6238=ORIENTED_EDGE('',*,*,#4869,.T.);
#6239=ORIENTED_EDGE('',*,*,#4870,.F.);
#6240=ORIENTED_EDGE('',*,*,#4869,.F.);
#6241=ORIENTED_EDGE('',*,*,#4871,.F.);
#6242=ORIENTED_EDGE('',*,*,#4872,.T.);
#6243=ORIENTED_EDGE('',*,*,#4873,.F.);
#6244=ORIENTED_EDGE('',*,*,#4872,.F.);
#6245=ORIENTED_EDGE('',*,*,#4874,.F.);
#6246=ORIENTED_EDGE('',*,*,#4864,.T.);
#6247=ORIENTED_EDGE('',*,*,#4875,.F.);
#6248=ORIENTED_EDGE('',*,*,#4876,.F.);
#6249=ORIENTED_EDGE('',*,*,#4877,.F.);
#6250=ORIENTED_EDGE('',*,*,#4878,.T.);
#6251=ORIENTED_EDGE('',*,*,#4879,.F.);
#6252=ORIENTED_EDGE('',*,*,#4878,.F.);
#6253=ORIENTED_EDGE('',*,*,#4880,.F.);
#6254=ORIENTED_EDGE('',*,*,#4881,.T.);
#6255=ORIENTED_EDGE('',*,*,#4882,.F.);
#6256=ORIENTED_EDGE('',*,*,#4881,.F.);
#6257=ORIENTED_EDGE('',*,*,#4883,.F.);
#6258=ORIENTED_EDGE('',*,*,#4884,.T.);
#6259=ORIENTED_EDGE('',*,*,#4885,.F.);
#6260=ORIENTED_EDGE('',*,*,#4884,.F.);
#6261=ORIENTED_EDGE('',*,*,#4886,.F.);
#6262=ORIENTED_EDGE('',*,*,#4876,.T.);
#6263=ORIENTED_EDGE('',*,*,#4887,.F.);
#6264=ORIENTED_EDGE('',*,*,#4888,.F.);
#6265=ORIENTED_EDGE('',*,*,#4889,.F.);
#6266=ORIENTED_EDGE('',*,*,#4890,.T.);
#6267=ORIENTED_EDGE('',*,*,#4891,.F.);
#6268=ORIENTED_EDGE('',*,*,#4890,.F.);
#6269=ORIENTED_EDGE('',*,*,#4892,.F.);
#6270=ORIENTED_EDGE('',*,*,#4893,.T.);
#6271=ORIENTED_EDGE('',*,*,#4894,.F.);
#6272=ORIENTED_EDGE('',*,*,#4893,.F.);
#6273=ORIENTED_EDGE('',*,*,#4895,.F.);
#6274=ORIENTED_EDGE('',*,*,#4896,.T.);
#6275=ORIENTED_EDGE('',*,*,#4897,.F.);
#6276=ORIENTED_EDGE('',*,*,#4896,.F.);
#6277=ORIENTED_EDGE('',*,*,#4898,.F.);
#6278=ORIENTED_EDGE('',*,*,#4888,.T.);
#6279=ORIENTED_EDGE('',*,*,#4899,.F.);
#6280=ORIENTED_EDGE('',*,*,#4900,.F.);
#6281=ORIENTED_EDGE('',*,*,#4901,.F.);
#6282=ORIENTED_EDGE('',*,*,#4902,.T.);
#6283=ORIENTED_EDGE('',*,*,#4903,.F.);
#6284=ORIENTED_EDGE('',*,*,#4902,.F.);
#6285=ORIENTED_EDGE('',*,*,#4904,.F.);
#6286=ORIENTED_EDGE('',*,*,#4905,.T.);
#6287=ORIENTED_EDGE('',*,*,#4906,.F.);
#6288=ORIENTED_EDGE('',*,*,#4905,.F.);
#6289=ORIENTED_EDGE('',*,*,#4907,.F.);
#6290=ORIENTED_EDGE('',*,*,#4908,.T.);
#6291=ORIENTED_EDGE('',*,*,#4909,.F.);
#6292=ORIENTED_EDGE('',*,*,#4908,.F.);
#6293=ORIENTED_EDGE('',*,*,#4910,.F.);
#6294=ORIENTED_EDGE('',*,*,#4900,.T.);
#6295=ORIENTED_EDGE('',*,*,#4911,.F.);
#6296=ORIENTED_EDGE('',*,*,#4912,.F.);
#6297=ORIENTED_EDGE('',*,*,#4913,.F.);
#6298=ORIENTED_EDGE('',*,*,#4914,.T.);
#6299=ORIENTED_EDGE('',*,*,#4915,.F.);
#6300=ORIENTED_EDGE('',*,*,#4914,.F.);
#6301=ORIENTED_EDGE('',*,*,#4916,.F.);
#6302=ORIENTED_EDGE('',*,*,#4917,.T.);
#6303=ORIENTED_EDGE('',*,*,#4918,.F.);
#6304=ORIENTED_EDGE('',*,*,#4917,.F.);
#6305=ORIENTED_EDGE('',*,*,#4919,.F.);
#6306=ORIENTED_EDGE('',*,*,#4920,.T.);
#6307=ORIENTED_EDGE('',*,*,#4921,.F.);
#6308=ORIENTED_EDGE('',*,*,#4920,.F.);
#6309=ORIENTED_EDGE('',*,*,#4922,.F.);
#6310=ORIENTED_EDGE('',*,*,#4912,.T.);
#6311=ORIENTED_EDGE('',*,*,#4923,.F.);
#6312=ORIENTED_EDGE('',*,*,#4924,.F.);
#6313=ORIENTED_EDGE('',*,*,#4925,.F.);
#6314=ORIENTED_EDGE('',*,*,#4926,.T.);
#6315=ORIENTED_EDGE('',*,*,#4927,.F.);
#6316=ORIENTED_EDGE('',*,*,#4926,.F.);
#6317=ORIENTED_EDGE('',*,*,#4928,.F.);
#6318=ORIENTED_EDGE('',*,*,#4929,.T.);
#6319=ORIENTED_EDGE('',*,*,#4930,.F.);
#6320=ORIENTED_EDGE('',*,*,#4929,.F.);
#6321=ORIENTED_EDGE('',*,*,#4931,.F.);
#6322=ORIENTED_EDGE('',*,*,#4932,.T.);
#6323=ORIENTED_EDGE('',*,*,#4933,.F.);
#6324=ORIENTED_EDGE('',*,*,#4932,.F.);
#6325=ORIENTED_EDGE('',*,*,#4934,.F.);
#6326=ORIENTED_EDGE('',*,*,#4924,.T.);
#6327=ORIENTED_EDGE('',*,*,#4935,.F.);
#6328=ORIENTED_EDGE('',*,*,#4936,.F.);
#6329=ORIENTED_EDGE('',*,*,#4937,.F.);
#6330=ORIENTED_EDGE('',*,*,#4938,.T.);
#6331=ORIENTED_EDGE('',*,*,#4939,.F.);
#6332=ORIENTED_EDGE('',*,*,#4938,.F.);
#6333=ORIENTED_EDGE('',*,*,#4940,.F.);
#6334=ORIENTED_EDGE('',*,*,#4941,.T.);
#6335=ORIENTED_EDGE('',*,*,#4942,.F.);
#6336=ORIENTED_EDGE('',*,*,#4941,.F.);
#6337=ORIENTED_EDGE('',*,*,#4943,.F.);
#6338=ORIENTED_EDGE('',*,*,#4944,.T.);
#6339=ORIENTED_EDGE('',*,*,#4945,.F.);
#6340=ORIENTED_EDGE('',*,*,#4944,.F.);
#6341=ORIENTED_EDGE('',*,*,#4946,.F.);
#6342=ORIENTED_EDGE('',*,*,#4936,.T.);
#6343=ORIENTED_EDGE('',*,*,#4947,.F.);
#6344=ORIENTED_EDGE('',*,*,#4948,.F.);
#6345=ORIENTED_EDGE('',*,*,#4949,.F.);
#6346=ORIENTED_EDGE('',*,*,#4950,.T.);
#6347=ORIENTED_EDGE('',*,*,#4951,.F.);
#6348=ORIENTED_EDGE('',*,*,#4950,.F.);
#6349=ORIENTED_EDGE('',*,*,#4952,.F.);
#6350=ORIENTED_EDGE('',*,*,#4953,.T.);
#6351=ORIENTED_EDGE('',*,*,#4954,.F.);
#6352=ORIENTED_EDGE('',*,*,#4953,.F.);
#6353=ORIENTED_EDGE('',*,*,#4955,.F.);
#6354=ORIENTED_EDGE('',*,*,#4956,.T.);
#6355=ORIENTED_EDGE('',*,*,#4957,.F.);
#6356=ORIENTED_EDGE('',*,*,#4956,.F.);
#6357=ORIENTED_EDGE('',*,*,#4958,.F.);
#6358=ORIENTED_EDGE('',*,*,#4948,.T.);
#6359=ORIENTED_EDGE('',*,*,#4959,.F.);
#6360=ORIENTED_EDGE('',*,*,#4960,.F.);
#6361=ORIENTED_EDGE('',*,*,#4961,.F.);
#6362=ORIENTED_EDGE('',*,*,#4962,.T.);
#6363=ORIENTED_EDGE('',*,*,#4963,.F.);
#6364=ORIENTED_EDGE('',*,*,#4962,.F.);
#6365=ORIENTED_EDGE('',*,*,#4964,.F.);
#6366=ORIENTED_EDGE('',*,*,#4965,.T.);
#6367=ORIENTED_EDGE('',*,*,#4966,.F.);
#6368=ORIENTED_EDGE('',*,*,#4965,.F.);
#6369=ORIENTED_EDGE('',*,*,#4967,.F.);
#6370=ORIENTED_EDGE('',*,*,#4968,.T.);
#6371=ORIENTED_EDGE('',*,*,#4969,.F.);
#6372=ORIENTED_EDGE('',*,*,#4968,.F.);
#6373=ORIENTED_EDGE('',*,*,#4970,.F.);
#6374=ORIENTED_EDGE('',*,*,#4960,.T.);
#6375=ORIENTED_EDGE('',*,*,#4971,.F.);
#6376=ORIENTED_EDGE('',*,*,#4972,.F.);
#6377=ORIENTED_EDGE('',*,*,#4973,.F.);
#6378=ORIENTED_EDGE('',*,*,#4974,.T.);
#6379=ORIENTED_EDGE('',*,*,#4975,.F.);
#6380=ORIENTED_EDGE('',*,*,#4974,.F.);
#6381=ORIENTED_EDGE('',*,*,#4976,.F.);
#6382=ORIENTED_EDGE('',*,*,#4977,.T.);
#6383=ORIENTED_EDGE('',*,*,#4978,.F.);
#6384=ORIENTED_EDGE('',*,*,#4977,.F.);
#6385=ORIENTED_EDGE('',*,*,#4979,.F.);
#6386=ORIENTED_EDGE('',*,*,#4980,.T.);
#6387=ORIENTED_EDGE('',*,*,#4981,.F.);
#6388=ORIENTED_EDGE('',*,*,#4980,.F.);
#6389=ORIENTED_EDGE('',*,*,#4982,.F.);
#6390=ORIENTED_EDGE('',*,*,#4972,.T.);
#6391=ORIENTED_EDGE('',*,*,#4983,.F.);
#6392=ORIENTED_EDGE('',*,*,#4984,.F.);
#6393=ORIENTED_EDGE('',*,*,#4985,.F.);
#6394=ORIENTED_EDGE('',*,*,#4986,.T.);
#6395=ORIENTED_EDGE('',*,*,#4987,.F.);
#6396=ORIENTED_EDGE('',*,*,#4986,.F.);
#6397=ORIENTED_EDGE('',*,*,#4988,.F.);
#6398=ORIENTED_EDGE('',*,*,#4989,.T.);
#6399=ORIENTED_EDGE('',*,*,#4990,.F.);
#6400=ORIENTED_EDGE('',*,*,#4989,.F.);
#6401=ORIENTED_EDGE('',*,*,#4991,.F.);
#6402=ORIENTED_EDGE('',*,*,#4992,.T.);
#6403=ORIENTED_EDGE('',*,*,#4993,.F.);
#6404=ORIENTED_EDGE('',*,*,#4992,.F.);
#6405=ORIENTED_EDGE('',*,*,#4994,.F.);
#6406=ORIENTED_EDGE('',*,*,#4984,.T.);
#6407=ORIENTED_EDGE('',*,*,#4995,.F.);
#6408=ORIENTED_EDGE('',*,*,#4996,.F.);
#6409=ORIENTED_EDGE('',*,*,#4997,.F.);
#6410=ORIENTED_EDGE('',*,*,#4998,.T.);
#6411=ORIENTED_EDGE('',*,*,#4999,.F.);
#6412=ORIENTED_EDGE('',*,*,#4998,.F.);
#6413=ORIENTED_EDGE('',*,*,#5000,.F.);
#6414=ORIENTED_EDGE('',*,*,#5001,.T.);
#6415=ORIENTED_EDGE('',*,*,#5002,.F.);
#6416=ORIENTED_EDGE('',*,*,#5001,.F.);
#6417=ORIENTED_EDGE('',*,*,#5003,.F.);
#6418=ORIENTED_EDGE('',*,*,#5004,.T.);
#6419=ORIENTED_EDGE('',*,*,#5005,.F.);
#6420=ORIENTED_EDGE('',*,*,#5004,.F.);
#6421=ORIENTED_EDGE('',*,*,#5006,.F.);
#6422=ORIENTED_EDGE('',*,*,#4996,.T.);
#6423=ORIENTED_EDGE('',*,*,#5007,.F.);
#6424=ORIENTED_EDGE('',*,*,#5008,.F.);
#6425=ORIENTED_EDGE('',*,*,#5009,.F.);
#6426=ORIENTED_EDGE('',*,*,#5010,.T.);
#6427=ORIENTED_EDGE('',*,*,#5011,.F.);
#6428=ORIENTED_EDGE('',*,*,#5010,.F.);
#6429=ORIENTED_EDGE('',*,*,#5012,.F.);
#6430=ORIENTED_EDGE('',*,*,#5013,.T.);
#6431=ORIENTED_EDGE('',*,*,#5014,.F.);
#6432=ORIENTED_EDGE('',*,*,#5013,.F.);
#6433=ORIENTED_EDGE('',*,*,#5015,.F.);
#6434=ORIENTED_EDGE('',*,*,#5016,.T.);
#6435=ORIENTED_EDGE('',*,*,#5017,.F.);
#6436=ORIENTED_EDGE('',*,*,#5016,.F.);
#6437=ORIENTED_EDGE('',*,*,#5018,.F.);
#6438=ORIENTED_EDGE('',*,*,#5008,.T.);
#6439=ORIENTED_EDGE('',*,*,#5019,.F.);
#6440=ORIENTED_EDGE('',*,*,#5020,.F.);
#6441=ORIENTED_EDGE('',*,*,#5021,.F.);
#6442=ORIENTED_EDGE('',*,*,#5022,.T.);
#6443=ORIENTED_EDGE('',*,*,#5023,.F.);
#6444=ORIENTED_EDGE('',*,*,#5022,.F.);
#6445=ORIENTED_EDGE('',*,*,#5024,.F.);
#6446=ORIENTED_EDGE('',*,*,#5025,.T.);
#6447=ORIENTED_EDGE('',*,*,#5026,.F.);
#6448=ORIENTED_EDGE('',*,*,#5025,.F.);
#6449=ORIENTED_EDGE('',*,*,#5027,.F.);
#6450=ORIENTED_EDGE('',*,*,#5028,.T.);
#6451=ORIENTED_EDGE('',*,*,#5029,.F.);
#6452=ORIENTED_EDGE('',*,*,#5028,.F.);
#6453=ORIENTED_EDGE('',*,*,#5030,.F.);
#6454=ORIENTED_EDGE('',*,*,#5020,.T.);
#6455=ORIENTED_EDGE('',*,*,#5031,.F.);
#6456=ORIENTED_EDGE('',*,*,#5032,.F.);
#6457=ORIENTED_EDGE('',*,*,#5033,.F.);
#6458=ORIENTED_EDGE('',*,*,#5034,.T.);
#6459=ORIENTED_EDGE('',*,*,#5035,.F.);
#6460=ORIENTED_EDGE('',*,*,#5034,.F.);
#6461=ORIENTED_EDGE('',*,*,#5036,.F.);
#6462=ORIENTED_EDGE('',*,*,#5037,.T.);
#6463=ORIENTED_EDGE('',*,*,#5038,.F.);
#6464=ORIENTED_EDGE('',*,*,#5037,.F.);
#6465=ORIENTED_EDGE('',*,*,#5039,.F.);
#6466=ORIENTED_EDGE('',*,*,#5040,.T.);
#6467=ORIENTED_EDGE('',*,*,#5041,.F.);
#6468=ORIENTED_EDGE('',*,*,#5040,.F.);
#6469=ORIENTED_EDGE('',*,*,#5042,.F.);
#6470=ORIENTED_EDGE('',*,*,#5032,.T.);
#6471=ORIENTED_EDGE('',*,*,#5043,.F.);
#6472=ORIENTED_EDGE('',*,*,#5044,.F.);
#6473=ORIENTED_EDGE('',*,*,#5045,.F.);
#6474=ORIENTED_EDGE('',*,*,#5046,.T.);
#6475=ORIENTED_EDGE('',*,*,#5047,.F.);
#6476=ORIENTED_EDGE('',*,*,#5046,.F.);
#6477=ORIENTED_EDGE('',*,*,#5048,.F.);
#6478=ORIENTED_EDGE('',*,*,#5049,.T.);
#6479=ORIENTED_EDGE('',*,*,#5050,.F.);
#6480=ORIENTED_EDGE('',*,*,#5049,.F.);
#6481=ORIENTED_EDGE('',*,*,#5051,.F.);
#6482=ORIENTED_EDGE('',*,*,#5052,.T.);
#6483=ORIENTED_EDGE('',*,*,#5053,.F.);
#6484=ORIENTED_EDGE('',*,*,#5052,.F.);
#6485=ORIENTED_EDGE('',*,*,#5054,.F.);
#6486=ORIENTED_EDGE('',*,*,#5044,.T.);
#6487=ORIENTED_EDGE('',*,*,#5055,.F.);
#6488=ORIENTED_EDGE('',*,*,#5056,.F.);
#6489=ORIENTED_EDGE('',*,*,#5057,.F.);
#6490=ORIENTED_EDGE('',*,*,#5058,.T.);
#6491=ORIENTED_EDGE('',*,*,#5059,.F.);
#6492=ORIENTED_EDGE('',*,*,#5058,.F.);
#6493=ORIENTED_EDGE('',*,*,#5060,.F.);
#6494=ORIENTED_EDGE('',*,*,#5061,.T.);
#6495=ORIENTED_EDGE('',*,*,#5062,.F.);
#6496=ORIENTED_EDGE('',*,*,#5061,.F.);
#6497=ORIENTED_EDGE('',*,*,#5063,.F.);
#6498=ORIENTED_EDGE('',*,*,#5064,.T.);
#6499=ORIENTED_EDGE('',*,*,#5065,.F.);
#6500=ORIENTED_EDGE('',*,*,#5064,.F.);
#6501=ORIENTED_EDGE('',*,*,#5066,.F.);
#6502=ORIENTED_EDGE('',*,*,#5056,.T.);
#6503=ORIENTED_EDGE('',*,*,#5067,.F.);
#6504=ORIENTED_EDGE('',*,*,#5068,.F.);
#6505=ORIENTED_EDGE('',*,*,#5069,.F.);
#6506=ORIENTED_EDGE('',*,*,#5070,.T.);
#6507=ORIENTED_EDGE('',*,*,#5071,.F.);
#6508=ORIENTED_EDGE('',*,*,#5070,.F.);
#6509=ORIENTED_EDGE('',*,*,#5072,.F.);
#6510=ORIENTED_EDGE('',*,*,#5073,.T.);
#6511=ORIENTED_EDGE('',*,*,#5074,.F.);
#6512=ORIENTED_EDGE('',*,*,#5073,.F.);
#6513=ORIENTED_EDGE('',*,*,#5075,.F.);
#6514=ORIENTED_EDGE('',*,*,#5076,.T.);
#6515=ORIENTED_EDGE('',*,*,#5077,.F.);
#6516=ORIENTED_EDGE('',*,*,#5076,.F.);
#6517=ORIENTED_EDGE('',*,*,#5078,.F.);
#6518=ORIENTED_EDGE('',*,*,#5068,.T.);
#6519=ORIENTED_EDGE('',*,*,#5079,.F.);
#6520=ORIENTED_EDGE('',*,*,#5080,.F.);
#6521=ORIENTED_EDGE('',*,*,#5081,.F.);
#6522=ORIENTED_EDGE('',*,*,#5082,.T.);
#6523=ORIENTED_EDGE('',*,*,#5083,.F.);
#6524=ORIENTED_EDGE('',*,*,#5082,.F.);
#6525=ORIENTED_EDGE('',*,*,#5084,.F.);
#6526=ORIENTED_EDGE('',*,*,#5085,.T.);
#6527=ORIENTED_EDGE('',*,*,#5086,.F.);
#6528=ORIENTED_EDGE('',*,*,#5085,.F.);
#6529=ORIENTED_EDGE('',*,*,#5087,.F.);
#6530=ORIENTED_EDGE('',*,*,#5088,.T.);
#6531=ORIENTED_EDGE('',*,*,#5089,.F.);
#6532=ORIENTED_EDGE('',*,*,#5088,.F.);
#6533=ORIENTED_EDGE('',*,*,#5090,.F.);
#6534=ORIENTED_EDGE('',*,*,#5080,.T.);
#6535=ORIENTED_EDGE('',*,*,#5091,.F.);
#6536=ORIENTED_EDGE('',*,*,#5092,.F.);
#6537=ORIENTED_EDGE('',*,*,#5093,.F.);
#6538=ORIENTED_EDGE('',*,*,#5094,.T.);
#6539=ORIENTED_EDGE('',*,*,#5095,.F.);
#6540=ORIENTED_EDGE('',*,*,#5094,.F.);
#6541=ORIENTED_EDGE('',*,*,#5096,.F.);
#6542=ORIENTED_EDGE('',*,*,#5097,.T.);
#6543=ORIENTED_EDGE('',*,*,#5098,.F.);
#6544=ORIENTED_EDGE('',*,*,#5097,.F.);
#6545=ORIENTED_EDGE('',*,*,#5099,.F.);
#6546=ORIENTED_EDGE('',*,*,#5100,.T.);
#6547=ORIENTED_EDGE('',*,*,#5101,.F.);
#6548=ORIENTED_EDGE('',*,*,#5100,.F.);
#6549=ORIENTED_EDGE('',*,*,#5102,.F.);
#6550=ORIENTED_EDGE('',*,*,#5092,.T.);
#6551=ORIENTED_EDGE('',*,*,#5103,.F.);
#6552=ORIENTED_EDGE('',*,*,#5104,.F.);
#6553=ORIENTED_EDGE('',*,*,#5105,.F.);
#6554=ORIENTED_EDGE('',*,*,#5106,.T.);
#6555=ORIENTED_EDGE('',*,*,#5107,.F.);
#6556=ORIENTED_EDGE('',*,*,#5106,.F.);
#6557=ORIENTED_EDGE('',*,*,#5108,.F.);
#6558=ORIENTED_EDGE('',*,*,#5109,.T.);
#6559=ORIENTED_EDGE('',*,*,#5110,.F.);
#6560=ORIENTED_EDGE('',*,*,#5109,.F.);
#6561=ORIENTED_EDGE('',*,*,#5111,.F.);
#6562=ORIENTED_EDGE('',*,*,#5112,.T.);
#6563=ORIENTED_EDGE('',*,*,#5113,.F.);
#6564=ORIENTED_EDGE('',*,*,#5112,.F.);
#6565=ORIENTED_EDGE('',*,*,#5114,.F.);
#6566=ORIENTED_EDGE('',*,*,#5104,.T.);
#6567=ORIENTED_EDGE('',*,*,#5115,.F.);
#6568=ORIENTED_EDGE('',*,*,#5116,.F.);
#6569=ORIENTED_EDGE('',*,*,#5117,.F.);
#6570=ORIENTED_EDGE('',*,*,#5118,.T.);
#6571=ORIENTED_EDGE('',*,*,#5119,.F.);
#6572=ORIENTED_EDGE('',*,*,#5118,.F.);
#6573=ORIENTED_EDGE('',*,*,#5120,.F.);
#6574=ORIENTED_EDGE('',*,*,#5121,.T.);
#6575=ORIENTED_EDGE('',*,*,#5122,.F.);
#6576=ORIENTED_EDGE('',*,*,#5121,.F.);
#6577=ORIENTED_EDGE('',*,*,#5123,.F.);
#6578=ORIENTED_EDGE('',*,*,#5124,.T.);
#6579=ORIENTED_EDGE('',*,*,#5125,.F.);
#6580=ORIENTED_EDGE('',*,*,#5124,.F.);
#6581=ORIENTED_EDGE('',*,*,#5126,.F.);
#6582=ORIENTED_EDGE('',*,*,#5116,.T.);
#6583=ORIENTED_EDGE('',*,*,#5127,.F.);
#6584=ORIENTED_EDGE('',*,*,#5128,.F.);
#6585=ORIENTED_EDGE('',*,*,#5129,.F.);
#6586=ORIENTED_EDGE('',*,*,#5130,.T.);
#6587=ORIENTED_EDGE('',*,*,#5131,.F.);
#6588=ORIENTED_EDGE('',*,*,#5130,.F.);
#6589=ORIENTED_EDGE('',*,*,#5132,.F.);
#6590=ORIENTED_EDGE('',*,*,#5133,.T.);
#6591=ORIENTED_EDGE('',*,*,#5134,.F.);
#6592=ORIENTED_EDGE('',*,*,#5133,.F.);
#6593=ORIENTED_EDGE('',*,*,#5135,.F.);
#6594=ORIENTED_EDGE('',*,*,#5136,.T.);
#6595=ORIENTED_EDGE('',*,*,#5137,.F.);
#6596=ORIENTED_EDGE('',*,*,#5136,.F.);
#6597=ORIENTED_EDGE('',*,*,#5138,.F.);
#6598=ORIENTED_EDGE('',*,*,#5128,.T.);
#6599=ORIENTED_EDGE('',*,*,#5139,.F.);
#6600=ORIENTED_EDGE('',*,*,#5140,.F.);
#6601=ORIENTED_EDGE('',*,*,#5141,.F.);
#6602=ORIENTED_EDGE('',*,*,#5142,.T.);
#6603=ORIENTED_EDGE('',*,*,#5143,.F.);
#6604=ORIENTED_EDGE('',*,*,#5142,.F.);
#6605=ORIENTED_EDGE('',*,*,#5144,.F.);
#6606=ORIENTED_EDGE('',*,*,#5145,.T.);
#6607=ORIENTED_EDGE('',*,*,#5146,.F.);
#6608=ORIENTED_EDGE('',*,*,#5145,.F.);
#6609=ORIENTED_EDGE('',*,*,#5147,.F.);
#6610=ORIENTED_EDGE('',*,*,#5148,.T.);
#6611=ORIENTED_EDGE('',*,*,#5149,.F.);
#6612=ORIENTED_EDGE('',*,*,#5148,.F.);
#6613=ORIENTED_EDGE('',*,*,#5150,.F.);
#6614=ORIENTED_EDGE('',*,*,#5140,.T.);
#6615=ORIENTED_EDGE('',*,*,#5151,.F.);
#6616=ORIENTED_EDGE('',*,*,#5152,.F.);
#6617=ORIENTED_EDGE('',*,*,#5153,.F.);
#6618=ORIENTED_EDGE('',*,*,#5154,.T.);
#6619=ORIENTED_EDGE('',*,*,#5155,.F.);
#6620=ORIENTED_EDGE('',*,*,#5154,.F.);
#6621=ORIENTED_EDGE('',*,*,#5156,.F.);
#6622=ORIENTED_EDGE('',*,*,#5157,.T.);
#6623=ORIENTED_EDGE('',*,*,#5158,.F.);
#6624=ORIENTED_EDGE('',*,*,#5157,.F.);
#6625=ORIENTED_EDGE('',*,*,#5159,.F.);
#6626=ORIENTED_EDGE('',*,*,#5160,.T.);
#6627=ORIENTED_EDGE('',*,*,#5161,.F.);
#6628=ORIENTED_EDGE('',*,*,#5160,.F.);
#6629=ORIENTED_EDGE('',*,*,#5162,.F.);
#6630=ORIENTED_EDGE('',*,*,#5152,.T.);
#6631=ORIENTED_EDGE('',*,*,#5163,.F.);
#6632=ORIENTED_EDGE('',*,*,#5164,.F.);
#6633=ORIENTED_EDGE('',*,*,#5165,.F.);
#6634=ORIENTED_EDGE('',*,*,#5166,.T.);
#6635=ORIENTED_EDGE('',*,*,#5167,.F.);
#6636=ORIENTED_EDGE('',*,*,#5166,.F.);
#6637=ORIENTED_EDGE('',*,*,#5168,.F.);
#6638=ORIENTED_EDGE('',*,*,#5169,.T.);
#6639=ORIENTED_EDGE('',*,*,#5170,.F.);
#6640=ORIENTED_EDGE('',*,*,#5169,.F.);
#6641=ORIENTED_EDGE('',*,*,#5171,.F.);
#6642=ORIENTED_EDGE('',*,*,#5172,.T.);
#6643=ORIENTED_EDGE('',*,*,#5173,.F.);
#6644=ORIENTED_EDGE('',*,*,#5172,.F.);
#6645=ORIENTED_EDGE('',*,*,#5174,.F.);
#6646=ORIENTED_EDGE('',*,*,#5164,.T.);
#6647=ORIENTED_EDGE('',*,*,#5175,.F.);
#6648=ORIENTED_EDGE('',*,*,#5176,.F.);
#6649=ORIENTED_EDGE('',*,*,#5177,.F.);
#6650=ORIENTED_EDGE('',*,*,#5178,.T.);
#6651=ORIENTED_EDGE('',*,*,#5179,.F.);
#6652=ORIENTED_EDGE('',*,*,#5178,.F.);
#6653=ORIENTED_EDGE('',*,*,#5180,.F.);
#6654=ORIENTED_EDGE('',*,*,#5181,.T.);
#6655=ORIENTED_EDGE('',*,*,#5182,.F.);
#6656=ORIENTED_EDGE('',*,*,#5181,.F.);
#6657=ORIENTED_EDGE('',*,*,#5183,.F.);
#6658=ORIENTED_EDGE('',*,*,#5184,.T.);
#6659=ORIENTED_EDGE('',*,*,#5185,.F.);
#6660=ORIENTED_EDGE('',*,*,#5184,.F.);
#6661=ORIENTED_EDGE('',*,*,#5186,.F.);
#6662=ORIENTED_EDGE('',*,*,#5176,.T.);
#6663=ORIENTED_EDGE('',*,*,#5187,.F.);
#6664=ORIENTED_EDGE('',*,*,#5188,.F.);
#6665=ORIENTED_EDGE('',*,*,#5189,.F.);
#6666=ORIENTED_EDGE('',*,*,#5190,.T.);
#6667=ORIENTED_EDGE('',*,*,#5191,.F.);
#6668=ORIENTED_EDGE('',*,*,#5190,.F.);
#6669=ORIENTED_EDGE('',*,*,#5192,.F.);
#6670=ORIENTED_EDGE('',*,*,#5193,.T.);
#6671=ORIENTED_EDGE('',*,*,#5194,.F.);
#6672=ORIENTED_EDGE('',*,*,#5193,.F.);
#6673=ORIENTED_EDGE('',*,*,#5195,.F.);
#6674=ORIENTED_EDGE('',*,*,#5196,.T.);
#6675=ORIENTED_EDGE('',*,*,#5197,.F.);
#6676=ORIENTED_EDGE('',*,*,#5196,.F.);
#6677=ORIENTED_EDGE('',*,*,#5198,.F.);
#6678=ORIENTED_EDGE('',*,*,#5188,.T.);
#6679=ORIENTED_EDGE('',*,*,#5199,.F.);
#6680=ORIENTED_EDGE('',*,*,#5200,.F.);
#6681=ORIENTED_EDGE('',*,*,#5201,.F.);
#6682=ORIENTED_EDGE('',*,*,#5202,.T.);
#6683=ORIENTED_EDGE('',*,*,#5203,.F.);
#6684=ORIENTED_EDGE('',*,*,#5202,.F.);
#6685=ORIENTED_EDGE('',*,*,#5204,.F.);
#6686=ORIENTED_EDGE('',*,*,#5205,.T.);
#6687=ORIENTED_EDGE('',*,*,#5206,.F.);
#6688=ORIENTED_EDGE('',*,*,#5205,.F.);
#6689=ORIENTED_EDGE('',*,*,#5207,.F.);
#6690=ORIENTED_EDGE('',*,*,#5208,.T.);
#6691=ORIENTED_EDGE('',*,*,#5209,.F.);
#6692=ORIENTED_EDGE('',*,*,#5208,.F.);
#6693=ORIENTED_EDGE('',*,*,#5210,.F.);
#6694=ORIENTED_EDGE('',*,*,#5200,.T.);
#6695=ORIENTED_EDGE('',*,*,#5211,.F.);
#6696=ORIENTED_EDGE('',*,*,#5212,.T.);
#6697=ORIENTED_EDGE('',*,*,#5213,.F.);
#6698=ORIENTED_EDGE('',*,*,#5214,.F.);
#6699=ORIENTED_EDGE('',*,*,#5215,.F.);
#6700=ORIENTED_EDGE('',*,*,#5214,.T.);
#6701=ORIENTED_EDGE('',*,*,#5216,.F.);
#6702=ORIENTED_EDGE('',*,*,#5217,.F.);
#6703=ORIENTED_EDGE('',*,*,#5218,.F.);
#6704=ORIENTED_EDGE('',*,*,#5217,.T.);
#6705=ORIENTED_EDGE('',*,*,#5219,.F.);
#6706=ORIENTED_EDGE('',*,*,#5220,.F.);
#6707=ORIENTED_EDGE('',*,*,#5221,.F.);
#6708=ORIENTED_EDGE('',*,*,#5220,.T.);
#6709=ORIENTED_EDGE('',*,*,#5222,.F.);
#6710=ORIENTED_EDGE('',*,*,#5212,.F.);
#6711=ORIENTED_EDGE('',*,*,#5222,.T.);
#6712=ORIENTED_EDGE('',*,*,#5219,.T.);
#6713=ORIENTED_EDGE('',*,*,#5216,.T.);
#6714=ORIENTED_EDGE('',*,*,#5213,.T.);
#6715=ORIENTED_EDGE('',*,*,#5206,.T.);
#6716=ORIENTED_EDGE('',*,*,#5209,.T.);
#6717=ORIENTED_EDGE('',*,*,#5199,.T.);
#6718=ORIENTED_EDGE('',*,*,#5203,.T.);
#6719=ORIENTED_EDGE('',*,*,#5194,.T.);
#6720=ORIENTED_EDGE('',*,*,#5197,.T.);
#6721=ORIENTED_EDGE('',*,*,#5187,.T.);
#6722=ORIENTED_EDGE('',*,*,#5191,.T.);
#6723=ORIENTED_EDGE('',*,*,#5182,.T.);
#6724=ORIENTED_EDGE('',*,*,#5185,.T.);
#6725=ORIENTED_EDGE('',*,*,#5175,.T.);
#6726=ORIENTED_EDGE('',*,*,#5179,.T.);
#6727=ORIENTED_EDGE('',*,*,#5170,.T.);
#6728=ORIENTED_EDGE('',*,*,#5173,.T.);
#6729=ORIENTED_EDGE('',*,*,#5163,.T.);
#6730=ORIENTED_EDGE('',*,*,#5167,.T.);
#6731=ORIENTED_EDGE('',*,*,#5158,.T.);
#6732=ORIENTED_EDGE('',*,*,#5161,.T.);
#6733=ORIENTED_EDGE('',*,*,#5151,.T.);
#6734=ORIENTED_EDGE('',*,*,#5155,.T.);
#6735=ORIENTED_EDGE('',*,*,#5146,.T.);
#6736=ORIENTED_EDGE('',*,*,#5149,.T.);
#6737=ORIENTED_EDGE('',*,*,#5139,.T.);
#6738=ORIENTED_EDGE('',*,*,#5143,.T.);
#6739=ORIENTED_EDGE('',*,*,#5134,.T.);
#6740=ORIENTED_EDGE('',*,*,#5137,.T.);
#6741=ORIENTED_EDGE('',*,*,#5127,.T.);
#6742=ORIENTED_EDGE('',*,*,#5131,.T.);
#6743=ORIENTED_EDGE('',*,*,#5122,.T.);
#6744=ORIENTED_EDGE('',*,*,#5125,.T.);
#6745=ORIENTED_EDGE('',*,*,#5115,.T.);
#6746=ORIENTED_EDGE('',*,*,#5119,.T.);
#6747=ORIENTED_EDGE('',*,*,#5110,.T.);
#6748=ORIENTED_EDGE('',*,*,#5113,.T.);
#6749=ORIENTED_EDGE('',*,*,#5103,.T.);
#6750=ORIENTED_EDGE('',*,*,#5107,.T.);
#6751=ORIENTED_EDGE('',*,*,#5098,.T.);
#6752=ORIENTED_EDGE('',*,*,#5101,.T.);
#6753=ORIENTED_EDGE('',*,*,#5091,.T.);
#6754=ORIENTED_EDGE('',*,*,#5095,.T.);
#6755=ORIENTED_EDGE('',*,*,#5086,.T.);
#6756=ORIENTED_EDGE('',*,*,#5089,.T.);
#6757=ORIENTED_EDGE('',*,*,#5079,.T.);
#6758=ORIENTED_EDGE('',*,*,#5083,.T.);
#6759=ORIENTED_EDGE('',*,*,#5074,.T.);
#6760=ORIENTED_EDGE('',*,*,#5077,.T.);
#6761=ORIENTED_EDGE('',*,*,#5067,.T.);
#6762=ORIENTED_EDGE('',*,*,#5071,.T.);
#6763=ORIENTED_EDGE('',*,*,#5062,.T.);
#6764=ORIENTED_EDGE('',*,*,#5065,.T.);
#6765=ORIENTED_EDGE('',*,*,#5055,.T.);
#6766=ORIENTED_EDGE('',*,*,#5059,.T.);
#6767=ORIENTED_EDGE('',*,*,#5050,.T.);
#6768=ORIENTED_EDGE('',*,*,#5053,.T.);
#6769=ORIENTED_EDGE('',*,*,#5043,.T.);
#6770=ORIENTED_EDGE('',*,*,#5047,.T.);
#6771=ORIENTED_EDGE('',*,*,#5038,.T.);
#6772=ORIENTED_EDGE('',*,*,#5041,.T.);
#6773=ORIENTED_EDGE('',*,*,#5031,.T.);
#6774=ORIENTED_EDGE('',*,*,#5035,.T.);
#6775=ORIENTED_EDGE('',*,*,#5026,.T.);
#6776=ORIENTED_EDGE('',*,*,#5029,.T.);
#6777=ORIENTED_EDGE('',*,*,#5019,.T.);
#6778=ORIENTED_EDGE('',*,*,#5023,.T.);
#6779=ORIENTED_EDGE('',*,*,#5014,.T.);
#6780=ORIENTED_EDGE('',*,*,#5017,.T.);
#6781=ORIENTED_EDGE('',*,*,#5007,.T.);
#6782=ORIENTED_EDGE('',*,*,#5011,.T.);
#6783=ORIENTED_EDGE('',*,*,#5002,.T.);
#6784=ORIENTED_EDGE('',*,*,#5005,.T.);
#6785=ORIENTED_EDGE('',*,*,#4995,.T.);
#6786=ORIENTED_EDGE('',*,*,#4999,.T.);
#6787=ORIENTED_EDGE('',*,*,#4990,.T.);
#6788=ORIENTED_EDGE('',*,*,#4993,.T.);
#6789=ORIENTED_EDGE('',*,*,#4983,.T.);
#6790=ORIENTED_EDGE('',*,*,#4987,.T.);
#6791=ORIENTED_EDGE('',*,*,#4978,.T.);
#6792=ORIENTED_EDGE('',*,*,#4981,.T.);
#6793=ORIENTED_EDGE('',*,*,#4971,.T.);
#6794=ORIENTED_EDGE('',*,*,#4975,.T.);
#6795=ORIENTED_EDGE('',*,*,#4966,.T.);
#6796=ORIENTED_EDGE('',*,*,#4969,.T.);
#6797=ORIENTED_EDGE('',*,*,#4959,.T.);
#6798=ORIENTED_EDGE('',*,*,#4963,.T.);
#6799=ORIENTED_EDGE('',*,*,#4954,.T.);
#6800=ORIENTED_EDGE('',*,*,#4957,.T.);
#6801=ORIENTED_EDGE('',*,*,#4947,.T.);
#6802=ORIENTED_EDGE('',*,*,#4951,.T.);
#6803=ORIENTED_EDGE('',*,*,#4942,.T.);
#6804=ORIENTED_EDGE('',*,*,#4945,.T.);
#6805=ORIENTED_EDGE('',*,*,#4935,.T.);
#6806=ORIENTED_EDGE('',*,*,#4939,.T.);
#6807=ORIENTED_EDGE('',*,*,#4930,.T.);
#6808=ORIENTED_EDGE('',*,*,#4933,.T.);
#6809=ORIENTED_EDGE('',*,*,#4923,.T.);
#6810=ORIENTED_EDGE('',*,*,#4927,.T.);
#6811=ORIENTED_EDGE('',*,*,#4918,.T.);
#6812=ORIENTED_EDGE('',*,*,#4921,.T.);
#6813=ORIENTED_EDGE('',*,*,#4911,.T.);
#6814=ORIENTED_EDGE('',*,*,#4915,.T.);
#6815=ORIENTED_EDGE('',*,*,#4906,.T.);
#6816=ORIENTED_EDGE('',*,*,#4909,.T.);
#6817=ORIENTED_EDGE('',*,*,#4899,.T.);
#6818=ORIENTED_EDGE('',*,*,#4903,.T.);
#6819=ORIENTED_EDGE('',*,*,#4894,.T.);
#6820=ORIENTED_EDGE('',*,*,#4897,.T.);
#6821=ORIENTED_EDGE('',*,*,#4887,.T.);
#6822=ORIENTED_EDGE('',*,*,#4891,.T.);
#6823=ORIENTED_EDGE('',*,*,#4882,.T.);
#6824=ORIENTED_EDGE('',*,*,#4885,.T.);
#6825=ORIENTED_EDGE('',*,*,#4875,.T.);
#6826=ORIENTED_EDGE('',*,*,#4879,.T.);
#6827=ORIENTED_EDGE('',*,*,#4870,.T.);
#6828=ORIENTED_EDGE('',*,*,#4873,.T.);
#6829=ORIENTED_EDGE('',*,*,#4863,.T.);
#6830=ORIENTED_EDGE('',*,*,#4867,.T.);
#6831=ORIENTED_EDGE('',*,*,#4858,.T.);
#6832=ORIENTED_EDGE('',*,*,#4861,.T.);
#6833=ORIENTED_EDGE('',*,*,#4851,.T.);
#6834=ORIENTED_EDGE('',*,*,#4855,.T.);
#6835=ORIENTED_EDGE('',*,*,#4846,.T.);
#6836=ORIENTED_EDGE('',*,*,#4849,.T.);
#6837=ORIENTED_EDGE('',*,*,#4839,.T.);
#6838=ORIENTED_EDGE('',*,*,#4843,.T.);
#6839=ORIENTED_EDGE('',*,*,#4834,.T.);
#6840=ORIENTED_EDGE('',*,*,#4837,.T.);
#6841=ORIENTED_EDGE('',*,*,#4827,.T.);
#6842=ORIENTED_EDGE('',*,*,#4831,.T.);
#6843=ORIENTED_EDGE('',*,*,#4822,.T.);
#6844=ORIENTED_EDGE('',*,*,#4825,.T.);
#6845=ORIENTED_EDGE('',*,*,#4815,.T.);
#6846=ORIENTED_EDGE('',*,*,#4819,.T.);
#6847=ORIENTED_EDGE('',*,*,#4810,.T.);
#6848=ORIENTED_EDGE('',*,*,#4813,.T.);
#6849=ORIENTED_EDGE('',*,*,#4803,.T.);
#6850=ORIENTED_EDGE('',*,*,#4807,.T.);
#6851=ORIENTED_EDGE('',*,*,#4798,.T.);
#6852=ORIENTED_EDGE('',*,*,#4801,.T.);
#6853=ORIENTED_EDGE('',*,*,#4791,.T.);
#6854=ORIENTED_EDGE('',*,*,#4795,.T.);
#6855=ORIENTED_EDGE('',*,*,#4786,.T.);
#6856=ORIENTED_EDGE('',*,*,#4789,.T.);
#6857=ORIENTED_EDGE('',*,*,#4779,.T.);
#6858=ORIENTED_EDGE('',*,*,#4783,.T.);
#6859=ORIENTED_EDGE('',*,*,#4774,.T.);
#6860=ORIENTED_EDGE('',*,*,#4777,.T.);
#6861=ORIENTED_EDGE('',*,*,#4767,.T.);
#6862=ORIENTED_EDGE('',*,*,#4771,.T.);
#6863=ORIENTED_EDGE('',*,*,#4762,.T.);
#6864=ORIENTED_EDGE('',*,*,#4765,.T.);
#6865=ORIENTED_EDGE('',*,*,#4755,.T.);
#6866=ORIENTED_EDGE('',*,*,#4759,.T.);
#6867=ORIENTED_EDGE('',*,*,#4750,.T.);
#6868=ORIENTED_EDGE('',*,*,#4753,.T.);
#6869=ORIENTED_EDGE('',*,*,#4743,.T.);
#6870=ORIENTED_EDGE('',*,*,#4747,.T.);
#6871=ORIENTED_EDGE('',*,*,#4738,.T.);
#6872=ORIENTED_EDGE('',*,*,#4741,.T.);
#6873=ORIENTED_EDGE('',*,*,#4731,.T.);
#6874=ORIENTED_EDGE('',*,*,#4735,.T.);
#6875=ORIENTED_EDGE('',*,*,#4726,.T.);
#6876=ORIENTED_EDGE('',*,*,#4729,.T.);
#6877=ORIENTED_EDGE('',*,*,#4719,.T.);
#6878=ORIENTED_EDGE('',*,*,#4723,.T.);
#6879=ORIENTED_EDGE('',*,*,#4714,.T.);
#6880=ORIENTED_EDGE('',*,*,#4717,.T.);
#6881=ORIENTED_EDGE('',*,*,#4707,.T.);
#6882=ORIENTED_EDGE('',*,*,#4711,.T.);
#6883=ORIENTED_EDGE('',*,*,#4702,.T.);
#6884=ORIENTED_EDGE('',*,*,#4705,.T.);
#6885=ORIENTED_EDGE('',*,*,#4695,.T.);
#6886=ORIENTED_EDGE('',*,*,#4699,.T.);
#6887=ORIENTED_EDGE('',*,*,#4690,.T.);
#6888=ORIENTED_EDGE('',*,*,#4693,.T.);
#6889=ORIENTED_EDGE('',*,*,#4683,.T.);
#6890=ORIENTED_EDGE('',*,*,#4687,.T.);
#6891=ORIENTED_EDGE('',*,*,#4678,.T.);
#6892=ORIENTED_EDGE('',*,*,#4681,.T.);
#6893=ORIENTED_EDGE('',*,*,#4671,.T.);
#6894=ORIENTED_EDGE('',*,*,#4675,.T.);
#6895=ORIENTED_EDGE('',*,*,#4666,.T.);
#6896=ORIENTED_EDGE('',*,*,#4669,.T.);
#6897=ORIENTED_EDGE('',*,*,#4659,.T.);
#6898=ORIENTED_EDGE('',*,*,#4663,.T.);
#6899=ORIENTED_EDGE('',*,*,#4654,.T.);
#6900=ORIENTED_EDGE('',*,*,#4657,.T.);
#6901=ORIENTED_EDGE('',*,*,#4647,.T.);
#6902=ORIENTED_EDGE('',*,*,#4651,.T.);
#6903=ORIENTED_EDGE('',*,*,#4642,.T.);
#6904=ORIENTED_EDGE('',*,*,#4645,.T.);
#6905=ORIENTED_EDGE('',*,*,#4635,.T.);
#6906=ORIENTED_EDGE('',*,*,#4639,.T.);
#6907=ORIENTED_EDGE('',*,*,#4630,.T.);
#6908=ORIENTED_EDGE('',*,*,#4633,.T.);
#6909=ORIENTED_EDGE('',*,*,#4623,.T.);
#6910=ORIENTED_EDGE('',*,*,#4627,.T.);
#6911=ORIENTED_EDGE('',*,*,#4618,.T.);
#6912=ORIENTED_EDGE('',*,*,#4621,.T.);
#6913=ORIENTED_EDGE('',*,*,#4611,.T.);
#6914=ORIENTED_EDGE('',*,*,#4615,.T.);
#6915=ORIENTED_EDGE('',*,*,#4606,.T.);
#6916=ORIENTED_EDGE('',*,*,#4609,.T.);
#6917=ORIENTED_EDGE('',*,*,#4599,.T.);
#6918=ORIENTED_EDGE('',*,*,#4603,.T.);
#6919=ORIENTED_EDGE('',*,*,#4594,.T.);
#6920=ORIENTED_EDGE('',*,*,#4597,.T.);
#6921=ORIENTED_EDGE('',*,*,#4587,.T.);
#6922=ORIENTED_EDGE('',*,*,#4591,.T.);
#6923=ORIENTED_EDGE('',*,*,#4582,.T.);
#6924=ORIENTED_EDGE('',*,*,#4585,.T.);
#6925=ORIENTED_EDGE('',*,*,#4575,.T.);
#6926=ORIENTED_EDGE('',*,*,#4579,.T.);
#6927=ORIENTED_EDGE('',*,*,#4570,.T.);
#6928=ORIENTED_EDGE('',*,*,#4573,.T.);
#6929=ORIENTED_EDGE('',*,*,#4563,.T.);
#6930=ORIENTED_EDGE('',*,*,#4567,.T.);
#6931=ORIENTED_EDGE('',*,*,#4558,.T.);
#6932=ORIENTED_EDGE('',*,*,#4561,.T.);
#6933=ORIENTED_EDGE('',*,*,#4551,.T.);
#6934=ORIENTED_EDGE('',*,*,#4555,.T.);
#6935=ORIENTED_EDGE('',*,*,#4546,.T.);
#6936=ORIENTED_EDGE('',*,*,#4549,.T.);
#6937=ORIENTED_EDGE('',*,*,#4539,.T.);
#6938=ORIENTED_EDGE('',*,*,#4543,.T.);
#6939=ORIENTED_EDGE('',*,*,#4534,.T.);
#6940=ORIENTED_EDGE('',*,*,#4537,.T.);
#6941=ORIENTED_EDGE('',*,*,#4527,.T.);
#6942=ORIENTED_EDGE('',*,*,#4531,.T.);
#6943=ORIENTED_EDGE('',*,*,#4522,.T.);
#6944=ORIENTED_EDGE('',*,*,#4525,.T.);
#6945=ORIENTED_EDGE('',*,*,#4515,.T.);
#6946=ORIENTED_EDGE('',*,*,#4519,.T.);
#6947=ORIENTED_EDGE('',*,*,#4510,.T.);
#6948=ORIENTED_EDGE('',*,*,#4513,.T.);
#6949=ORIENTED_EDGE('',*,*,#4503,.T.);
#6950=ORIENTED_EDGE('',*,*,#4507,.T.);
#6951=ORIENTED_EDGE('',*,*,#4498,.T.);
#6952=ORIENTED_EDGE('',*,*,#4501,.T.);
#6953=ORIENTED_EDGE('',*,*,#4491,.T.);
#6954=ORIENTED_EDGE('',*,*,#4495,.T.);
#6955=ORIENTED_EDGE('',*,*,#4486,.T.);
#6956=ORIENTED_EDGE('',*,*,#4489,.T.);
#6957=ORIENTED_EDGE('',*,*,#4479,.T.);
#6958=ORIENTED_EDGE('',*,*,#4483,.T.);
#6959=ORIENTED_EDGE('',*,*,#4474,.T.);
#6960=ORIENTED_EDGE('',*,*,#4477,.T.);
#6961=ORIENTED_EDGE('',*,*,#4467,.T.);
#6962=ORIENTED_EDGE('',*,*,#4471,.T.);
#6963=ORIENTED_EDGE('',*,*,#4462,.T.);
#6964=ORIENTED_EDGE('',*,*,#4465,.T.);
#6965=ORIENTED_EDGE('',*,*,#4455,.T.);
#6966=ORIENTED_EDGE('',*,*,#4459,.T.);
#6967=ORIENTED_EDGE('',*,*,#4450,.T.);
#6968=ORIENTED_EDGE('',*,*,#4453,.T.);
#6969=ORIENTED_EDGE('',*,*,#4443,.T.);
#6970=ORIENTED_EDGE('',*,*,#4447,.T.);
#6971=ORIENTED_EDGE('',*,*,#4438,.T.);
#6972=ORIENTED_EDGE('',*,*,#4441,.T.);
#6973=ORIENTED_EDGE('',*,*,#4431,.T.);
#6974=ORIENTED_EDGE('',*,*,#4435,.T.);
#6975=ORIENTED_EDGE('',*,*,#4426,.T.);
#6976=ORIENTED_EDGE('',*,*,#4429,.T.);
#6977=ORIENTED_EDGE('',*,*,#4419,.T.);
#6978=ORIENTED_EDGE('',*,*,#4423,.T.);
#6979=ORIENTED_EDGE('',*,*,#4414,.T.);
#6980=ORIENTED_EDGE('',*,*,#4417,.T.);
#6981=ORIENTED_EDGE('',*,*,#4407,.T.);
#6982=ORIENTED_EDGE('',*,*,#4411,.T.);
#6983=ORIENTED_EDGE('',*,*,#4402,.T.);
#6984=ORIENTED_EDGE('',*,*,#4405,.T.);
#6985=ORIENTED_EDGE('',*,*,#4395,.T.);
#6986=ORIENTED_EDGE('',*,*,#4399,.T.);
#6987=ORIENTED_EDGE('',*,*,#4390,.T.);
#6988=ORIENTED_EDGE('',*,*,#4393,.T.);
#6989=ORIENTED_EDGE('',*,*,#4383,.T.);
#6990=ORIENTED_EDGE('',*,*,#4387,.T.);
#6991=ORIENTED_EDGE('',*,*,#4378,.T.);
#6992=ORIENTED_EDGE('',*,*,#4381,.T.);
#6993=ORIENTED_EDGE('',*,*,#4371,.T.);
#6994=ORIENTED_EDGE('',*,*,#4375,.T.);
#6995=ORIENTED_EDGE('',*,*,#4366,.T.);
#6996=ORIENTED_EDGE('',*,*,#4369,.T.);
#6997=ORIENTED_EDGE('',*,*,#4359,.T.);
#6998=ORIENTED_EDGE('',*,*,#4363,.T.);
#6999=ORIENTED_EDGE('',*,*,#4354,.T.);
#7000=ORIENTED_EDGE('',*,*,#4357,.T.);
#7001=ORIENTED_EDGE('',*,*,#4347,.T.);
#7002=ORIENTED_EDGE('',*,*,#4351,.T.);
#7003=ORIENTED_EDGE('',*,*,#4342,.T.);
#7004=ORIENTED_EDGE('',*,*,#4345,.T.);
#7005=ORIENTED_EDGE('',*,*,#4335,.T.);
#7006=ORIENTED_EDGE('',*,*,#4339,.T.);
#7007=ORIENTED_EDGE('',*,*,#4330,.T.);
#7008=ORIENTED_EDGE('',*,*,#4333,.T.);
#7009=ORIENTED_EDGE('',*,*,#4323,.T.);
#7010=ORIENTED_EDGE('',*,*,#4327,.T.);
#7011=ORIENTED_EDGE('',*,*,#4318,.T.);
#7012=ORIENTED_EDGE('',*,*,#4321,.T.);
#7013=ORIENTED_EDGE('',*,*,#4311,.T.);
#7014=ORIENTED_EDGE('',*,*,#4315,.T.);
#7015=ORIENTED_EDGE('',*,*,#4306,.T.);
#7016=ORIENTED_EDGE('',*,*,#4309,.T.);
#7017=ORIENTED_EDGE('',*,*,#4299,.T.);
#7018=ORIENTED_EDGE('',*,*,#4303,.T.);
#7019=ORIENTED_EDGE('',*,*,#4294,.T.);
#7020=ORIENTED_EDGE('',*,*,#4297,.T.);
#7021=ORIENTED_EDGE('',*,*,#4287,.T.);
#7022=ORIENTED_EDGE('',*,*,#4291,.T.);
#7023=ORIENTED_EDGE('',*,*,#4282,.T.);
#7024=ORIENTED_EDGE('',*,*,#4285,.T.);
#7025=ORIENTED_EDGE('',*,*,#4275,.T.);
#7026=ORIENTED_EDGE('',*,*,#4279,.T.);
#7027=ORIENTED_EDGE('',*,*,#4270,.T.);
#7028=ORIENTED_EDGE('',*,*,#4273,.T.);
#7029=ORIENTED_EDGE('',*,*,#4263,.T.);
#7030=ORIENTED_EDGE('',*,*,#4267,.T.);
#7031=ORIENTED_EDGE('',*,*,#4258,.T.);
#7032=ORIENTED_EDGE('',*,*,#4261,.T.);
#7033=ORIENTED_EDGE('',*,*,#4251,.T.);
#7034=ORIENTED_EDGE('',*,*,#4255,.T.);
#7035=ORIENTED_EDGE('',*,*,#4246,.T.);
#7036=ORIENTED_EDGE('',*,*,#4249,.T.);
#7037=ORIENTED_EDGE('',*,*,#4239,.T.);
#7038=ORIENTED_EDGE('',*,*,#4243,.T.);
#7039=ORIENTED_EDGE('',*,*,#4234,.T.);
#7040=ORIENTED_EDGE('',*,*,#4237,.T.);
#7041=ORIENTED_EDGE('',*,*,#4227,.T.);
#7042=ORIENTED_EDGE('',*,*,#4231,.T.);
#7043=ORIENTED_EDGE('',*,*,#4222,.T.);
#7044=ORIENTED_EDGE('',*,*,#4225,.T.);
#7045=ORIENTED_EDGE('',*,*,#4215,.T.);
#7046=ORIENTED_EDGE('',*,*,#4219,.T.);
#7047=ORIENTED_EDGE('',*,*,#4210,.T.);
#7048=ORIENTED_EDGE('',*,*,#4213,.T.);
#7049=ORIENTED_EDGE('',*,*,#4203,.T.);
#7050=ORIENTED_EDGE('',*,*,#4207,.T.);
#7051=ORIENTED_EDGE('',*,*,#4198,.T.);
#7052=ORIENTED_EDGE('',*,*,#4201,.T.);
#7053=ORIENTED_EDGE('',*,*,#4191,.T.);
#7054=ORIENTED_EDGE('',*,*,#4195,.T.);
#7055=ORIENTED_EDGE('',*,*,#4186,.T.);
#7056=ORIENTED_EDGE('',*,*,#4189,.T.);
#7057=ORIENTED_EDGE('',*,*,#4179,.T.);
#7058=ORIENTED_EDGE('',*,*,#4183,.T.);
#7059=ORIENTED_EDGE('',*,*,#4174,.T.);
#7060=ORIENTED_EDGE('',*,*,#4177,.T.);
#7061=ORIENTED_EDGE('',*,*,#4167,.T.);
#7062=ORIENTED_EDGE('',*,*,#4171,.T.);
#7063=ORIENTED_EDGE('',*,*,#4162,.T.);
#7064=ORIENTED_EDGE('',*,*,#4165,.T.);
#7065=ORIENTED_EDGE('',*,*,#4155,.T.);
#7066=ORIENTED_EDGE('',*,*,#4159,.T.);
#7067=ORIENTED_EDGE('',*,*,#4150,.T.);
#7068=ORIENTED_EDGE('',*,*,#4153,.T.);
#7069=ORIENTED_EDGE('',*,*,#4143,.T.);
#7070=ORIENTED_EDGE('',*,*,#4147,.T.);
#7071=ORIENTED_EDGE('',*,*,#4138,.T.);
#7072=ORIENTED_EDGE('',*,*,#4141,.T.);
#7073=ORIENTED_EDGE('',*,*,#4131,.T.);
#7074=ORIENTED_EDGE('',*,*,#4135,.T.);
#7075=ORIENTED_EDGE('',*,*,#4126,.T.);
#7076=ORIENTED_EDGE('',*,*,#4129,.T.);
#7077=ORIENTED_EDGE('',*,*,#4119,.T.);
#7078=ORIENTED_EDGE('',*,*,#4123,.T.);
#7079=ORIENTED_EDGE('',*,*,#4114,.T.);
#7080=ORIENTED_EDGE('',*,*,#4117,.T.);
#7081=ORIENTED_EDGE('',*,*,#4107,.T.);
#7082=ORIENTED_EDGE('',*,*,#4111,.T.);
#7083=ORIENTED_EDGE('',*,*,#5221,.T.);
#7084=ORIENTED_EDGE('',*,*,#5211,.T.);
#7085=ORIENTED_EDGE('',*,*,#5215,.T.);
#7086=ORIENTED_EDGE('',*,*,#5218,.T.);
#7087=ORIENTED_EDGE('',*,*,#5207,.T.);
#7088=ORIENTED_EDGE('',*,*,#5204,.T.);
#7089=ORIENTED_EDGE('',*,*,#5201,.T.);
#7090=ORIENTED_EDGE('',*,*,#5210,.T.);
#7091=ORIENTED_EDGE('',*,*,#5195,.T.);
#7092=ORIENTED_EDGE('',*,*,#5192,.T.);
#7093=ORIENTED_EDGE('',*,*,#5189,.T.);
#7094=ORIENTED_EDGE('',*,*,#5198,.T.);
#7095=ORIENTED_EDGE('',*,*,#5183,.T.);
#7096=ORIENTED_EDGE('',*,*,#5180,.T.);
#7097=ORIENTED_EDGE('',*,*,#5177,.T.);
#7098=ORIENTED_EDGE('',*,*,#5186,.T.);
#7099=ORIENTED_EDGE('',*,*,#5171,.T.);
#7100=ORIENTED_EDGE('',*,*,#5168,.T.);
#7101=ORIENTED_EDGE('',*,*,#5165,.T.);
#7102=ORIENTED_EDGE('',*,*,#5174,.T.);
#7103=ORIENTED_EDGE('',*,*,#5159,.T.);
#7104=ORIENTED_EDGE('',*,*,#5156,.T.);
#7105=ORIENTED_EDGE('',*,*,#5153,.T.);
#7106=ORIENTED_EDGE('',*,*,#5162,.T.);
#7107=ORIENTED_EDGE('',*,*,#5147,.T.);
#7108=ORIENTED_EDGE('',*,*,#5144,.T.);
#7109=ORIENTED_EDGE('',*,*,#5141,.T.);
#7110=ORIENTED_EDGE('',*,*,#5150,.T.);
#7111=ORIENTED_EDGE('',*,*,#5135,.T.);
#7112=ORIENTED_EDGE('',*,*,#5132,.T.);
#7113=ORIENTED_EDGE('',*,*,#5129,.T.);
#7114=ORIENTED_EDGE('',*,*,#5138,.T.);
#7115=ORIENTED_EDGE('',*,*,#5123,.T.);
#7116=ORIENTED_EDGE('',*,*,#5120,.T.);
#7117=ORIENTED_EDGE('',*,*,#5117,.T.);
#7118=ORIENTED_EDGE('',*,*,#5126,.T.);
#7119=ORIENTED_EDGE('',*,*,#5111,.T.);
#7120=ORIENTED_EDGE('',*,*,#5108,.T.);
#7121=ORIENTED_EDGE('',*,*,#5105,.T.);
#7122=ORIENTED_EDGE('',*,*,#5114,.T.);
#7123=ORIENTED_EDGE('',*,*,#5099,.T.);
#7124=ORIENTED_EDGE('',*,*,#5096,.T.);
#7125=ORIENTED_EDGE('',*,*,#5093,.T.);
#7126=ORIENTED_EDGE('',*,*,#5102,.T.);
#7127=ORIENTED_EDGE('',*,*,#5087,.T.);
#7128=ORIENTED_EDGE('',*,*,#5084,.T.);
#7129=ORIENTED_EDGE('',*,*,#5081,.T.);
#7130=ORIENTED_EDGE('',*,*,#5090,.T.);
#7131=ORIENTED_EDGE('',*,*,#5075,.T.);
#7132=ORIENTED_EDGE('',*,*,#5072,.T.);
#7133=ORIENTED_EDGE('',*,*,#5069,.T.);
#7134=ORIENTED_EDGE('',*,*,#5078,.T.);
#7135=ORIENTED_EDGE('',*,*,#5063,.T.);
#7136=ORIENTED_EDGE('',*,*,#5060,.T.);
#7137=ORIENTED_EDGE('',*,*,#5057,.T.);
#7138=ORIENTED_EDGE('',*,*,#5066,.T.);
#7139=ORIENTED_EDGE('',*,*,#5051,.T.);
#7140=ORIENTED_EDGE('',*,*,#5048,.T.);
#7141=ORIENTED_EDGE('',*,*,#5045,.T.);
#7142=ORIENTED_EDGE('',*,*,#5054,.T.);
#7143=ORIENTED_EDGE('',*,*,#5039,.T.);
#7144=ORIENTED_EDGE('',*,*,#5036,.T.);
#7145=ORIENTED_EDGE('',*,*,#5033,.T.);
#7146=ORIENTED_EDGE('',*,*,#5042,.T.);
#7147=ORIENTED_EDGE('',*,*,#5027,.T.);
#7148=ORIENTED_EDGE('',*,*,#5024,.T.);
#7149=ORIENTED_EDGE('',*,*,#5021,.T.);
#7150=ORIENTED_EDGE('',*,*,#5030,.T.);
#7151=ORIENTED_EDGE('',*,*,#5015,.T.);
#7152=ORIENTED_EDGE('',*,*,#5012,.T.);
#7153=ORIENTED_EDGE('',*,*,#5009,.T.);
#7154=ORIENTED_EDGE('',*,*,#5018,.T.);
#7155=ORIENTED_EDGE('',*,*,#5003,.T.);
#7156=ORIENTED_EDGE('',*,*,#5000,.T.);
#7157=ORIENTED_EDGE('',*,*,#4997,.T.);
#7158=ORIENTED_EDGE('',*,*,#5006,.T.);
#7159=ORIENTED_EDGE('',*,*,#4991,.T.);
#7160=ORIENTED_EDGE('',*,*,#4988,.T.);
#7161=ORIENTED_EDGE('',*,*,#4985,.T.);
#7162=ORIENTED_EDGE('',*,*,#4994,.T.);
#7163=ORIENTED_EDGE('',*,*,#4979,.T.);
#7164=ORIENTED_EDGE('',*,*,#4976,.T.);
#7165=ORIENTED_EDGE('',*,*,#4973,.T.);
#7166=ORIENTED_EDGE('',*,*,#4982,.T.);
#7167=ORIENTED_EDGE('',*,*,#4967,.T.);
#7168=ORIENTED_EDGE('',*,*,#4964,.T.);
#7169=ORIENTED_EDGE('',*,*,#4961,.T.);
#7170=ORIENTED_EDGE('',*,*,#4970,.T.);
#7171=ORIENTED_EDGE('',*,*,#4955,.T.);
#7172=ORIENTED_EDGE('',*,*,#4952,.T.);
#7173=ORIENTED_EDGE('',*,*,#4949,.T.);
#7174=ORIENTED_EDGE('',*,*,#4958,.T.);
#7175=ORIENTED_EDGE('',*,*,#4943,.T.);
#7176=ORIENTED_EDGE('',*,*,#4940,.T.);
#7177=ORIENTED_EDGE('',*,*,#4937,.T.);
#7178=ORIENTED_EDGE('',*,*,#4946,.T.);
#7179=ORIENTED_EDGE('',*,*,#4931,.T.);
#7180=ORIENTED_EDGE('',*,*,#4928,.T.);
#7181=ORIENTED_EDGE('',*,*,#4925,.T.);
#7182=ORIENTED_EDGE('',*,*,#4934,.T.);
#7183=ORIENTED_EDGE('',*,*,#4919,.T.);
#7184=ORIENTED_EDGE('',*,*,#4916,.T.);
#7185=ORIENTED_EDGE('',*,*,#4913,.T.);
#7186=ORIENTED_EDGE('',*,*,#4922,.T.);
#7187=ORIENTED_EDGE('',*,*,#4907,.T.);
#7188=ORIENTED_EDGE('',*,*,#4904,.T.);
#7189=ORIENTED_EDGE('',*,*,#4901,.T.);
#7190=ORIENTED_EDGE('',*,*,#4910,.T.);
#7191=ORIENTED_EDGE('',*,*,#4895,.T.);
#7192=ORIENTED_EDGE('',*,*,#4892,.T.);
#7193=ORIENTED_EDGE('',*,*,#4889,.T.);
#7194=ORIENTED_EDGE('',*,*,#4898,.T.);
#7195=ORIENTED_EDGE('',*,*,#4883,.T.);
#7196=ORIENTED_EDGE('',*,*,#4880,.T.);
#7197=ORIENTED_EDGE('',*,*,#4877,.T.);
#7198=ORIENTED_EDGE('',*,*,#4886,.T.);
#7199=ORIENTED_EDGE('',*,*,#4871,.T.);
#7200=ORIENTED_EDGE('',*,*,#4868,.T.);
#7201=ORIENTED_EDGE('',*,*,#4865,.T.);
#7202=ORIENTED_EDGE('',*,*,#4874,.T.);
#7203=ORIENTED_EDGE('',*,*,#4859,.T.);
#7204=ORIENTED_EDGE('',*,*,#4856,.T.);
#7205=ORIENTED_EDGE('',*,*,#4853,.T.);
#7206=ORIENTED_EDGE('',*,*,#4862,.T.);
#7207=ORIENTED_EDGE('',*,*,#4847,.T.);
#7208=ORIENTED_EDGE('',*,*,#4844,.T.);
#7209=ORIENTED_EDGE('',*,*,#4841,.T.);
#7210=ORIENTED_EDGE('',*,*,#4850,.T.);
#7211=ORIENTED_EDGE('',*,*,#4835,.T.);
#7212=ORIENTED_EDGE('',*,*,#4832,.T.);
#7213=ORIENTED_EDGE('',*,*,#4829,.T.);
#7214=ORIENTED_EDGE('',*,*,#4838,.T.);
#7215=ORIENTED_EDGE('',*,*,#4823,.T.);
#7216=ORIENTED_EDGE('',*,*,#4820,.T.);
#7217=ORIENTED_EDGE('',*,*,#4817,.T.);
#7218=ORIENTED_EDGE('',*,*,#4826,.T.);
#7219=ORIENTED_EDGE('',*,*,#4811,.T.);
#7220=ORIENTED_EDGE('',*,*,#4808,.T.);
#7221=ORIENTED_EDGE('',*,*,#4805,.T.);
#7222=ORIENTED_EDGE('',*,*,#4814,.T.);
#7223=ORIENTED_EDGE('',*,*,#4799,.T.);
#7224=ORIENTED_EDGE('',*,*,#4796,.T.);
#7225=ORIENTED_EDGE('',*,*,#4793,.T.);
#7226=ORIENTED_EDGE('',*,*,#4802,.T.);
#7227=ORIENTED_EDGE('',*,*,#4787,.T.);
#7228=ORIENTED_EDGE('',*,*,#4784,.T.);
#7229=ORIENTED_EDGE('',*,*,#4781,.T.);
#7230=ORIENTED_EDGE('',*,*,#4790,.T.);
#7231=ORIENTED_EDGE('',*,*,#4775,.T.);
#7232=ORIENTED_EDGE('',*,*,#4772,.T.);
#7233=ORIENTED_EDGE('',*,*,#4769,.T.);
#7234=ORIENTED_EDGE('',*,*,#4778,.T.);
#7235=ORIENTED_EDGE('',*,*,#4763,.T.);
#7236=ORIENTED_EDGE('',*,*,#4760,.T.);
#7237=ORIENTED_EDGE('',*,*,#4757,.T.);
#7238=ORIENTED_EDGE('',*,*,#4766,.T.);
#7239=ORIENTED_EDGE('',*,*,#4751,.T.);
#7240=ORIENTED_EDGE('',*,*,#4748,.T.);
#7241=ORIENTED_EDGE('',*,*,#4745,.T.);
#7242=ORIENTED_EDGE('',*,*,#4754,.T.);
#7243=ORIENTED_EDGE('',*,*,#4739,.T.);
#7244=ORIENTED_EDGE('',*,*,#4736,.T.);
#7245=ORIENTED_EDGE('',*,*,#4733,.T.);
#7246=ORIENTED_EDGE('',*,*,#4742,.T.);
#7247=ORIENTED_EDGE('',*,*,#4727,.T.);
#7248=ORIENTED_EDGE('',*,*,#4724,.T.);
#7249=ORIENTED_EDGE('',*,*,#4721,.T.);
#7250=ORIENTED_EDGE('',*,*,#4730,.T.);
#7251=ORIENTED_EDGE('',*,*,#4715,.T.);
#7252=ORIENTED_EDGE('',*,*,#4712,.T.);
#7253=ORIENTED_EDGE('',*,*,#4709,.T.);
#7254=ORIENTED_EDGE('',*,*,#4718,.T.);
#7255=ORIENTED_EDGE('',*,*,#4703,.T.);
#7256=ORIENTED_EDGE('',*,*,#4700,.T.);
#7257=ORIENTED_EDGE('',*,*,#4697,.T.);
#7258=ORIENTED_EDGE('',*,*,#4706,.T.);
#7259=ORIENTED_EDGE('',*,*,#4691,.T.);
#7260=ORIENTED_EDGE('',*,*,#4688,.T.);
#7261=ORIENTED_EDGE('',*,*,#4685,.T.);
#7262=ORIENTED_EDGE('',*,*,#4694,.T.);
#7263=ORIENTED_EDGE('',*,*,#4679,.T.);
#7264=ORIENTED_EDGE('',*,*,#4676,.T.);
#7265=ORIENTED_EDGE('',*,*,#4673,.T.);
#7266=ORIENTED_EDGE('',*,*,#4682,.T.);
#7267=ORIENTED_EDGE('',*,*,#4667,.T.);
#7268=ORIENTED_EDGE('',*,*,#4664,.T.);
#7269=ORIENTED_EDGE('',*,*,#4661,.T.);
#7270=ORIENTED_EDGE('',*,*,#4670,.T.);
#7271=ORIENTED_EDGE('',*,*,#4655,.T.);
#7272=ORIENTED_EDGE('',*,*,#4652,.T.);
#7273=ORIENTED_EDGE('',*,*,#4649,.T.);
#7274=ORIENTED_EDGE('',*,*,#4658,.T.);
#7275=ORIENTED_EDGE('',*,*,#4643,.T.);
#7276=ORIENTED_EDGE('',*,*,#4640,.T.);
#7277=ORIENTED_EDGE('',*,*,#4637,.T.);
#7278=ORIENTED_EDGE('',*,*,#4646,.T.);
#7279=ORIENTED_EDGE('',*,*,#4631,.T.);
#7280=ORIENTED_EDGE('',*,*,#4628,.T.);
#7281=ORIENTED_EDGE('',*,*,#4625,.T.);
#7282=ORIENTED_EDGE('',*,*,#4634,.T.);
#7283=ORIENTED_EDGE('',*,*,#4619,.T.);
#7284=ORIENTED_EDGE('',*,*,#4616,.T.);
#7285=ORIENTED_EDGE('',*,*,#4613,.T.);
#7286=ORIENTED_EDGE('',*,*,#4622,.T.);
#7287=ORIENTED_EDGE('',*,*,#4607,.T.);
#7288=ORIENTED_EDGE('',*,*,#4604,.T.);
#7289=ORIENTED_EDGE('',*,*,#4601,.T.);
#7290=ORIENTED_EDGE('',*,*,#4610,.T.);
#7291=ORIENTED_EDGE('',*,*,#4595,.T.);
#7292=ORIENTED_EDGE('',*,*,#4592,.T.);
#7293=ORIENTED_EDGE('',*,*,#4589,.T.);
#7294=ORIENTED_EDGE('',*,*,#4598,.T.);
#7295=ORIENTED_EDGE('',*,*,#4583,.T.);
#7296=ORIENTED_EDGE('',*,*,#4580,.T.);
#7297=ORIENTED_EDGE('',*,*,#4577,.T.);
#7298=ORIENTED_EDGE('',*,*,#4586,.T.);
#7299=ORIENTED_EDGE('',*,*,#4571,.T.);
#7300=ORIENTED_EDGE('',*,*,#4568,.T.);
#7301=ORIENTED_EDGE('',*,*,#4565,.T.);
#7302=ORIENTED_EDGE('',*,*,#4574,.T.);
#7303=ORIENTED_EDGE('',*,*,#4559,.T.);
#7304=ORIENTED_EDGE('',*,*,#4556,.T.);
#7305=ORIENTED_EDGE('',*,*,#4553,.T.);
#7306=ORIENTED_EDGE('',*,*,#4562,.T.);
#7307=ORIENTED_EDGE('',*,*,#4547,.T.);
#7308=ORIENTED_EDGE('',*,*,#4544,.T.);
#7309=ORIENTED_EDGE('',*,*,#4541,.T.);
#7310=ORIENTED_EDGE('',*,*,#4550,.T.);
#7311=ORIENTED_EDGE('',*,*,#4535,.T.);
#7312=ORIENTED_EDGE('',*,*,#4532,.T.);
#7313=ORIENTED_EDGE('',*,*,#4529,.T.);
#7314=ORIENTED_EDGE('',*,*,#4538,.T.);
#7315=ORIENTED_EDGE('',*,*,#4523,.T.);
#7316=ORIENTED_EDGE('',*,*,#4520,.T.);
#7317=ORIENTED_EDGE('',*,*,#4517,.T.);
#7318=ORIENTED_EDGE('',*,*,#4526,.T.);
#7319=ORIENTED_EDGE('',*,*,#4511,.T.);
#7320=ORIENTED_EDGE('',*,*,#4508,.T.);
#7321=ORIENTED_EDGE('',*,*,#4505,.T.);
#7322=ORIENTED_EDGE('',*,*,#4514,.T.);
#7323=ORIENTED_EDGE('',*,*,#4499,.T.);
#7324=ORIENTED_EDGE('',*,*,#4496,.T.);
#7325=ORIENTED_EDGE('',*,*,#4493,.T.);
#7326=ORIENTED_EDGE('',*,*,#4502,.T.);
#7327=ORIENTED_EDGE('',*,*,#4487,.T.);
#7328=ORIENTED_EDGE('',*,*,#4484,.T.);
#7329=ORIENTED_EDGE('',*,*,#4481,.T.);
#7330=ORIENTED_EDGE('',*,*,#4490,.T.);
#7331=ORIENTED_EDGE('',*,*,#4475,.T.);
#7332=ORIENTED_EDGE('',*,*,#4472,.T.);
#7333=ORIENTED_EDGE('',*,*,#4469,.T.);
#7334=ORIENTED_EDGE('',*,*,#4478,.T.);
#7335=ORIENTED_EDGE('',*,*,#4463,.T.);
#7336=ORIENTED_EDGE('',*,*,#4460,.T.);
#7337=ORIENTED_EDGE('',*,*,#4457,.T.);
#7338=ORIENTED_EDGE('',*,*,#4466,.T.);
#7339=ORIENTED_EDGE('',*,*,#4451,.T.);
#7340=ORIENTED_EDGE('',*,*,#4448,.T.);
#7341=ORIENTED_EDGE('',*,*,#4445,.T.);
#7342=ORIENTED_EDGE('',*,*,#4454,.T.);
#7343=ORIENTED_EDGE('',*,*,#4439,.T.);
#7344=ORIENTED_EDGE('',*,*,#4436,.T.);
#7345=ORIENTED_EDGE('',*,*,#4433,.T.);
#7346=ORIENTED_EDGE('',*,*,#4442,.T.);
#7347=ORIENTED_EDGE('',*,*,#4427,.T.);
#7348=ORIENTED_EDGE('',*,*,#4424,.T.);
#7349=ORIENTED_EDGE('',*,*,#4421,.T.);
#7350=ORIENTED_EDGE('',*,*,#4430,.T.);
#7351=ORIENTED_EDGE('',*,*,#4415,.T.);
#7352=ORIENTED_EDGE('',*,*,#4412,.T.);
#7353=ORIENTED_EDGE('',*,*,#4409,.T.);
#7354=ORIENTED_EDGE('',*,*,#4418,.T.);
#7355=ORIENTED_EDGE('',*,*,#4403,.T.);
#7356=ORIENTED_EDGE('',*,*,#4400,.T.);
#7357=ORIENTED_EDGE('',*,*,#4397,.T.);
#7358=ORIENTED_EDGE('',*,*,#4406,.T.);
#7359=ORIENTED_EDGE('',*,*,#4391,.T.);
#7360=ORIENTED_EDGE('',*,*,#4388,.T.);
#7361=ORIENTED_EDGE('',*,*,#4385,.T.);
#7362=ORIENTED_EDGE('',*,*,#4394,.T.);
#7363=ORIENTED_EDGE('',*,*,#4379,.T.);
#7364=ORIENTED_EDGE('',*,*,#4376,.T.);
#7365=ORIENTED_EDGE('',*,*,#4373,.T.);
#7366=ORIENTED_EDGE('',*,*,#4382,.T.);
#7367=ORIENTED_EDGE('',*,*,#4367,.T.);
#7368=ORIENTED_EDGE('',*,*,#4364,.T.);
#7369=ORIENTED_EDGE('',*,*,#4361,.T.);
#7370=ORIENTED_EDGE('',*,*,#4370,.T.);
#7371=ORIENTED_EDGE('',*,*,#4355,.T.);
#7372=ORIENTED_EDGE('',*,*,#4352,.T.);
#7373=ORIENTED_EDGE('',*,*,#4349,.T.);
#7374=ORIENTED_EDGE('',*,*,#4358,.T.);
#7375=ORIENTED_EDGE('',*,*,#4343,.T.);
#7376=ORIENTED_EDGE('',*,*,#4340,.T.);
#7377=ORIENTED_EDGE('',*,*,#4337,.T.);
#7378=ORIENTED_EDGE('',*,*,#4346,.T.);
#7379=ORIENTED_EDGE('',*,*,#4331,.T.);
#7380=ORIENTED_EDGE('',*,*,#4328,.T.);
#7381=ORIENTED_EDGE('',*,*,#4325,.T.);
#7382=ORIENTED_EDGE('',*,*,#4334,.T.);
#7383=ORIENTED_EDGE('',*,*,#4319,.T.);
#7384=ORIENTED_EDGE('',*,*,#4316,.T.);
#7385=ORIENTED_EDGE('',*,*,#4313,.T.);
#7386=ORIENTED_EDGE('',*,*,#4322,.T.);
#7387=ORIENTED_EDGE('',*,*,#4307,.T.);
#7388=ORIENTED_EDGE('',*,*,#4304,.T.);
#7389=ORIENTED_EDGE('',*,*,#4301,.T.);
#7390=ORIENTED_EDGE('',*,*,#4310,.T.);
#7391=ORIENTED_EDGE('',*,*,#4295,.T.);
#7392=ORIENTED_EDGE('',*,*,#4292,.T.);
#7393=ORIENTED_EDGE('',*,*,#4289,.T.);
#7394=ORIENTED_EDGE('',*,*,#4298,.T.);
#7395=ORIENTED_EDGE('',*,*,#4283,.T.);
#7396=ORIENTED_EDGE('',*,*,#4280,.T.);
#7397=ORIENTED_EDGE('',*,*,#4277,.T.);
#7398=ORIENTED_EDGE('',*,*,#4286,.T.);
#7399=ORIENTED_EDGE('',*,*,#4271,.T.);
#7400=ORIENTED_EDGE('',*,*,#4268,.T.);
#7401=ORIENTED_EDGE('',*,*,#4265,.T.);
#7402=ORIENTED_EDGE('',*,*,#4274,.T.);
#7403=ORIENTED_EDGE('',*,*,#4259,.T.);
#7404=ORIENTED_EDGE('',*,*,#4256,.T.);
#7405=ORIENTED_EDGE('',*,*,#4253,.T.);
#7406=ORIENTED_EDGE('',*,*,#4262,.T.);
#7407=ORIENTED_EDGE('',*,*,#4247,.T.);
#7408=ORIENTED_EDGE('',*,*,#4244,.T.);
#7409=ORIENTED_EDGE('',*,*,#4241,.T.);
#7410=ORIENTED_EDGE('',*,*,#4250,.T.);
#7411=ORIENTED_EDGE('',*,*,#4235,.T.);
#7412=ORIENTED_EDGE('',*,*,#4232,.T.);
#7413=ORIENTED_EDGE('',*,*,#4229,.T.);
#7414=ORIENTED_EDGE('',*,*,#4238,.T.);
#7415=ORIENTED_EDGE('',*,*,#4223,.T.);
#7416=ORIENTED_EDGE('',*,*,#4220,.T.);
#7417=ORIENTED_EDGE('',*,*,#4217,.T.);
#7418=ORIENTED_EDGE('',*,*,#4226,.T.);
#7419=ORIENTED_EDGE('',*,*,#4211,.T.);
#7420=ORIENTED_EDGE('',*,*,#4208,.T.);
#7421=ORIENTED_EDGE('',*,*,#4205,.T.);
#7422=ORIENTED_EDGE('',*,*,#4214,.T.);
#7423=ORIENTED_EDGE('',*,*,#4199,.T.);
#7424=ORIENTED_EDGE('',*,*,#4196,.T.);
#7425=ORIENTED_EDGE('',*,*,#4193,.T.);
#7426=ORIENTED_EDGE('',*,*,#4202,.T.);
#7427=ORIENTED_EDGE('',*,*,#4187,.T.);
#7428=ORIENTED_EDGE('',*,*,#4184,.T.);
#7429=ORIENTED_EDGE('',*,*,#4181,.T.);
#7430=ORIENTED_EDGE('',*,*,#4190,.T.);
#7431=ORIENTED_EDGE('',*,*,#4175,.T.);
#7432=ORIENTED_EDGE('',*,*,#4172,.T.);
#7433=ORIENTED_EDGE('',*,*,#4169,.T.);
#7434=ORIENTED_EDGE('',*,*,#4178,.T.);
#7435=ORIENTED_EDGE('',*,*,#4163,.T.);
#7436=ORIENTED_EDGE('',*,*,#4160,.T.);
#7437=ORIENTED_EDGE('',*,*,#4157,.T.);
#7438=ORIENTED_EDGE('',*,*,#4166,.T.);
#7439=ORIENTED_EDGE('',*,*,#4151,.T.);
#7440=ORIENTED_EDGE('',*,*,#4148,.T.);
#7441=ORIENTED_EDGE('',*,*,#4145,.T.);
#7442=ORIENTED_EDGE('',*,*,#4154,.T.);
#7443=ORIENTED_EDGE('',*,*,#4139,.T.);
#7444=ORIENTED_EDGE('',*,*,#4136,.T.);
#7445=ORIENTED_EDGE('',*,*,#4133,.T.);
#7446=ORIENTED_EDGE('',*,*,#4142,.T.);
#7447=ORIENTED_EDGE('',*,*,#4127,.T.);
#7448=ORIENTED_EDGE('',*,*,#4124,.T.);
#7449=ORIENTED_EDGE('',*,*,#4121,.T.);
#7450=ORIENTED_EDGE('',*,*,#4130,.T.);
#7451=ORIENTED_EDGE('',*,*,#4115,.T.);
#7452=ORIENTED_EDGE('',*,*,#4112,.T.);
#7453=ORIENTED_EDGE('',*,*,#4109,.T.);
#7454=ORIENTED_EDGE('',*,*,#4118,.T.);
#7455=PLANE('',#8217);
#7456=PLANE('',#8218);
#7457=PLANE('',#8219);
#7458=PLANE('',#8220);
#7459=PLANE('',#8221);
#7460=PLANE('',#8222);
#7461=PLANE('',#8223);
#7462=PLANE('',#8224);
#7463=PLANE('',#8225);
#7464=PLANE('',#8226);
#7465=PLANE('',#8227);
#7466=PLANE('',#8228);
#7467=PLANE('',#8229);
#7468=PLANE('',#8230);
#7469=PLANE('',#8231);
#7470=PLANE('',#8232);
#7471=PLANE('',#8233);
#7472=PLANE('',#8234);
#7473=PLANE('',#8235);
#7474=PLANE('',#8236);
#7475=PLANE('',#8237);
#7476=PLANE('',#8238);
#7477=PLANE('',#8239);
#7478=PLANE('',#8240);
#7479=PLANE('',#8241);
#7480=PLANE('',#8242);
#7481=PLANE('',#8243);
#7482=PLANE('',#8244);
#7483=PLANE('',#8245);
#7484=PLANE('',#8246);
#7485=PLANE('',#8247);
#7486=PLANE('',#8248);
#7487=PLANE('',#8249);
#7488=PLANE('',#8250);
#7489=PLANE('',#8251);
#7490=PLANE('',#8252);
#7491=PLANE('',#8253);
#7492=PLANE('',#8254);
#7493=PLANE('',#8255);
#7494=PLANE('',#8256);
#7495=PLANE('',#8257);
#7496=PLANE('',#8258);
#7497=PLANE('',#8259);
#7498=PLANE('',#8260);
#7499=PLANE('',#8261);
#7500=PLANE('',#8262);
#7501=PLANE('',#8263);
#7502=PLANE('',#8264);
#7503=PLANE('',#8265);
#7504=PLANE('',#8266);
#7505=PLANE('',#8267);
#7506=PLANE('',#8268);
#7507=PLANE('',#8269);
#7508=PLANE('',#8270);
#7509=PLANE('',#8271);
#7510=PLANE('',#8272);
#7511=PLANE('',#8273);
#7512=PLANE('',#8274);
#7513=PLANE('',#8275);
#7514=PLANE('',#8276);
#7515=PLANE('',#8277);
#7516=PLANE('',#8278);
#7517=PLANE('',#8279);
#7518=PLANE('',#8280);
#7519=PLANE('',#8281);
#7520=PLANE('',#8282);
#7521=PLANE('',#8283);
#7522=PLANE('',#8284);
#7523=PLANE('',#8285);
#7524=PLANE('',#8286);
#7525=PLANE('',#8287);
#7526=PLANE('',#8288);
#7527=PLANE('',#8289);
#7528=PLANE('',#8290);
#7529=PLANE('',#8291);
#7530=PLANE('',#8292);
#7531=PLANE('',#8293);
#7532=PLANE('',#8294);
#7533=PLANE('',#8295);
#7534=PLANE('',#8296);
#7535=PLANE('',#8297);
#7536=PLANE('',#8298);
#7537=PLANE('',#8299);
#7538=PLANE('',#8300);
#7539=PLANE('',#8301);
#7540=PLANE('',#8302);
#7541=PLANE('',#8303);
#7542=PLANE('',#8304);
#7543=PLANE('',#8305);
#7544=PLANE('',#8306);
#7545=PLANE('',#8307);
#7546=PLANE('',#8308);
#7547=PLANE('',#8309);
#7548=PLANE('',#8310);
#7549=PLANE('',#8311);
#7550=PLANE('',#8312);
#7551=PLANE('',#8313);
#7552=PLANE('',#8314);
#7553=PLANE('',#8315);
#7554=PLANE('',#8316);
#7555=PLANE('',#8317);
#7556=PLANE('',#8318);
#7557=PLANE('',#8319);
#7558=PLANE('',#8320);
#7559=PLANE('',#8321);
#7560=PLANE('',#8322);
#7561=PLANE('',#8323);
#7562=PLANE('',#8324);
#7563=PLANE('',#8325);
#7564=PLANE('',#8326);
#7565=PLANE('',#8327);
#7566=PLANE('',#8328);
#7567=PLANE('',#8329);
#7568=PLANE('',#8330);
#7569=PLANE('',#8331);
#7570=PLANE('',#8332);
#7571=PLANE('',#8333);
#7572=PLANE('',#8334);
#7573=PLANE('',#8335);
#7574=PLANE('',#8336);
#7575=PLANE('',#8337);
#7576=PLANE('',#8338);
#7577=PLANE('',#8339);
#7578=PLANE('',#8340);
#7579=PLANE('',#8341);
#7580=PLANE('',#8342);
#7581=PLANE('',#8343);
#7582=PLANE('',#8344);
#7583=PLANE('',#8345);
#7584=PLANE('',#8346);
#7585=PLANE('',#8347);
#7586=PLANE('',#8348);
#7587=PLANE('',#8349);
#7588=PLANE('',#8350);
#7589=PLANE('',#8351);
#7590=PLANE('',#8352);
#7591=PLANE('',#8353);
#7592=PLANE('',#8354);
#7593=PLANE('',#8355);
#7594=PLANE('',#8356);
#7595=PLANE('',#8357);
#7596=PLANE('',#8358);
#7597=PLANE('',#8359);
#7598=PLANE('',#8360);
#7599=PLANE('',#8361);
#7600=PLANE('',#8362);
#7601=PLANE('',#8363);
#7602=PLANE('',#8364);
#7603=PLANE('',#8365);
#7604=PLANE('',#8366);
#7605=PLANE('',#8367);
#7606=PLANE('',#8368);
#7607=PLANE('',#8369);
#7608=PLANE('',#8370);
#7609=PLANE('',#8371);
#7610=PLANE('',#8372);
#7611=PLANE('',#8373);
#7612=PLANE('',#8374);
#7613=PLANE('',#8375);
#7614=PLANE('',#8376);
#7615=PLANE('',#8377);
#7616=PLANE('',#8378);
#7617=PLANE('',#8379);
#7618=PLANE('',#8380);
#7619=PLANE('',#8381);
#7620=PLANE('',#8382);
#7621=PLANE('',#8383);
#7622=PLANE('',#8384);
#7623=PLANE('',#8385);
#7624=PLANE('',#8386);
#7625=PLANE('',#8387);
#7626=PLANE('',#8388);
#7627=PLANE('',#8389);
#7628=PLANE('',#8390);
#7629=PLANE('',#8391);
#7630=PLANE('',#8392);
#7631=PLANE('',#8393);
#7632=PLANE('',#8394);
#7633=PLANE('',#8395);
#7634=PLANE('',#8396);
#7635=PLANE('',#8397);
#7636=PLANE('',#8398);
#7637=PLANE('',#8399);
#7638=PLANE('',#8400);
#7639=PLANE('',#8401);
#7640=PLANE('',#8402);
#7641=PLANE('',#8403);
#7642=PLANE('',#8404);
#7643=PLANE('',#8405);
#7644=PLANE('',#8406);
#7645=PLANE('',#8407);
#7646=PLANE('',#8408);
#7647=PLANE('',#8409);
#7648=PLANE('',#8410);
#7649=PLANE('',#8411);
#7650=PLANE('',#8412);
#7651=PLANE('',#8413);
#7652=PLANE('',#8414);
#7653=PLANE('',#8415);
#7654=PLANE('',#8416);
#7655=PLANE('',#8417);
#7656=PLANE('',#8418);
#7657=PLANE('',#8419);
#7658=PLANE('',#8420);
#7659=PLANE('',#8421);
#7660=PLANE('',#8422);
#7661=PLANE('',#8423);
#7662=PLANE('',#8424);
#7663=PLANE('',#8425);
#7664=PLANE('',#8426);
#7665=PLANE('',#8427);
#7666=PLANE('',#8428);
#7667=PLANE('',#8429);
#7668=PLANE('',#8430);
#7669=PLANE('',#8431);
#7670=PLANE('',#8432);
#7671=PLANE('',#8433);
#7672=PLANE('',#8434);
#7673=PLANE('',#8435);
#7674=PLANE('',#8436);
#7675=PLANE('',#8437);
#7676=PLANE('',#8438);
#7677=PLANE('',#8439);
#7678=PLANE('',#8440);
#7679=PLANE('',#8441);
#7680=PLANE('',#8442);
#7681=PLANE('',#8443);
#7682=PLANE('',#8444);
#7683=PLANE('',#8445);
#7684=PLANE('',#8446);
#7685=PLANE('',#8447);
#7686=PLANE('',#8448);
#7687=PLANE('',#8449);
#7688=PLANE('',#8450);
#7689=PLANE('',#8451);
#7690=PLANE('',#8452);
#7691=PLANE('',#8453);
#7692=PLANE('',#8454);
#7693=PLANE('',#8455);
#7694=PLANE('',#8456);
#7695=PLANE('',#8457);
#7696=PLANE('',#8458);
#7697=PLANE('',#8459);
#7698=PLANE('',#8460);
#7699=PLANE('',#8461);
#7700=PLANE('',#8462);
#7701=PLANE('',#8463);
#7702=PLANE('',#8464);
#7703=PLANE('',#8465);
#7704=PLANE('',#8466);
#7705=PLANE('',#8467);
#7706=PLANE('',#8468);
#7707=PLANE('',#8469);
#7708=PLANE('',#8470);
#7709=PLANE('',#8471);
#7710=PLANE('',#8472);
#7711=PLANE('',#8473);
#7712=PLANE('',#8474);
#7713=PLANE('',#8475);
#7714=PLANE('',#8476);
#7715=PLANE('',#8477);
#7716=PLANE('',#8478);
#7717=PLANE('',#8479);
#7718=PLANE('',#8480);
#7719=PLANE('',#8481);
#7720=PLANE('',#8482);
#7721=PLANE('',#8483);
#7722=PLANE('',#8484);
#7723=PLANE('',#8485);
#7724=PLANE('',#8486);
#7725=PLANE('',#8487);
#7726=PLANE('',#8488);
#7727=PLANE('',#8489);
#7728=PLANE('',#8490);
#7729=PLANE('',#8491);
#7730=PLANE('',#8492);
#7731=PLANE('',#8493);
#7732=PLANE('',#8494);
#7733=PLANE('',#8495);
#7734=PLANE('',#8496);
#7735=PLANE('',#8497);
#7736=PLANE('',#8498);
#7737=PLANE('',#8499);
#7738=PLANE('',#8500);
#7739=PLANE('',#8501);
#7740=PLANE('',#8502);
#7741=PLANE('',#8503);
#7742=PLANE('',#8504);
#7743=PLANE('',#8505);
#7744=PLANE('',#8506);
#7745=PLANE('',#8507);
#7746=PLANE('',#8508);
#7747=PLANE('',#8509);
#7748=PLANE('',#8510);
#7749=PLANE('',#8511);
#7750=PLANE('',#8512);
#7751=PLANE('',#8513);
#7752=PLANE('',#8514);
#7753=PLANE('',#8515);
#7754=PLANE('',#8516);
#7755=PLANE('',#8517);
#7756=PLANE('',#8518);
#7757=PLANE('',#8519);
#7758=PLANE('',#8520);
#7759=PLANE('',#8521);
#7760=PLANE('',#8522);
#7761=PLANE('',#8523);
#7762=PLANE('',#8524);
#7763=PLANE('',#8525);
#7764=PLANE('',#8526);
#7765=PLANE('',#8527);
#7766=PLANE('',#8528);
#7767=PLANE('',#8529);
#7768=PLANE('',#8530);
#7769=PLANE('',#8531);
#7770=PLANE('',#8532);
#7771=PLANE('',#8533);
#7772=PLANE('',#8534);
#7773=PLANE('',#8535);
#7774=PLANE('',#8536);
#7775=PLANE('',#8537);
#7776=PLANE('',#8538);
#7777=PLANE('',#8539);
#7778=PLANE('',#8540);
#7779=PLANE('',#8541);
#7780=PLANE('',#8542);
#7781=PLANE('',#8543);
#7782=PLANE('',#8544);
#7783=PLANE('',#8545);
#7784=PLANE('',#8546);
#7785=PLANE('',#8547);
#7786=PLANE('',#8548);
#7787=PLANE('',#8549);
#7788=PLANE('',#8550);
#7789=PLANE('',#8551);
#7790=PLANE('',#8552);
#7791=PLANE('',#8553);
#7792=PLANE('',#8554);
#7793=PLANE('',#8555);
#7794=PLANE('',#8556);
#7795=PLANE('',#8557);
#7796=PLANE('',#8558);
#7797=PLANE('',#8559);
#7798=PLANE('',#8560);
#7799=PLANE('',#8561);
#7800=PLANE('',#8562);
#7801=PLANE('',#8563);
#7802=PLANE('',#8564);
#7803=PLANE('',#8565);
#7804=PLANE('',#8566);
#7805=PLANE('',#8567);
#7806=PLANE('',#8568);
#7807=PLANE('',#8569);
#7808=PLANE('',#8570);
#7809=PLANE('',#8571);
#7810=PLANE('',#8572);
#7811=PLANE('',#8573);
#7812=PLANE('',#8574);
#7813=PLANE('',#8575);
#7814=PLANE('',#8576);
#7815=PLANE('',#8577);
#7816=PLANE('',#8578);
#7817=PLANE('',#8579);
#7818=PLANE('',#8580);
#7819=PLANE('',#8581);
#7820=PLANE('',#8582);
#7821=PLANE('',#8583);
#7822=PLANE('',#8584);
#7823=PLANE('',#8585);
#7824=PLANE('',#8586);
#7825=PLANE('',#8587);
#7826=PLANE('',#8588);
#7827=PLANE('',#8589);
#7828=PLANE('',#8590);
#7829=ADVANCED_FACE('',(#199),#7455,.F.);
#7830=ADVANCED_FACE('',(#200),#7456,.F.);
#7831=ADVANCED_FACE('',(#201),#7457,.F.);
#7832=ADVANCED_FACE('',(#202),#7458,.F.);
#7833=ADVANCED_FACE('',(#203),#7459,.F.);
#7834=ADVANCED_FACE('',(#204),#7460,.F.);
#7835=ADVANCED_FACE('',(#205),#7461,.F.);
#7836=ADVANCED_FACE('',(#206),#7462,.F.);
#7837=ADVANCED_FACE('',(#207),#7463,.F.);
#7838=ADVANCED_FACE('',(#208),#7464,.F.);
#7839=ADVANCED_FACE('',(#209),#7465,.F.);
#7840=ADVANCED_FACE('',(#210),#7466,.F.);
#7841=ADVANCED_FACE('',(#211),#7467,.F.);
#7842=ADVANCED_FACE('',(#212),#7468,.F.);
#7843=ADVANCED_FACE('',(#213),#7469,.F.);
#7844=ADVANCED_FACE('',(#214),#7470,.F.);
#7845=ADVANCED_FACE('',(#215),#7471,.F.);
#7846=ADVANCED_FACE('',(#216),#7472,.F.);
#7847=ADVANCED_FACE('',(#217),#7473,.F.);
#7848=ADVANCED_FACE('',(#218),#7474,.F.);
#7849=ADVANCED_FACE('',(#219),#7475,.F.);
#7850=ADVANCED_FACE('',(#220),#7476,.F.);
#7851=ADVANCED_FACE('',(#221),#7477,.F.);
#7852=ADVANCED_FACE('',(#222),#7478,.F.);
#7853=ADVANCED_FACE('',(#223),#7479,.F.);
#7854=ADVANCED_FACE('',(#224),#7480,.F.);
#7855=ADVANCED_FACE('',(#225),#7481,.F.);
#7856=ADVANCED_FACE('',(#226),#7482,.F.);
#7857=ADVANCED_FACE('',(#227),#7483,.F.);
#7858=ADVANCED_FACE('',(#228),#7484,.F.);
#7859=ADVANCED_FACE('',(#229),#7485,.F.);
#7860=ADVANCED_FACE('',(#230),#7486,.F.);
#7861=ADVANCED_FACE('',(#231),#7487,.F.);
#7862=ADVANCED_FACE('',(#232),#7488,.F.);
#7863=ADVANCED_FACE('',(#233),#7489,.F.);
#7864=ADVANCED_FACE('',(#234),#7490,.F.);
#7865=ADVANCED_FACE('',(#235),#7491,.F.);
#7866=ADVANCED_FACE('',(#236),#7492,.F.);
#7867=ADVANCED_FACE('',(#237),#7493,.F.);
#7868=ADVANCED_FACE('',(#238),#7494,.F.);
#7869=ADVANCED_FACE('',(#239),#7495,.F.);
#7870=ADVANCED_FACE('',(#240),#7496,.F.);
#7871=ADVANCED_FACE('',(#241),#7497,.F.);
#7872=ADVANCED_FACE('',(#242),#7498,.F.);
#7873=ADVANCED_FACE('',(#243),#7499,.F.);
#7874=ADVANCED_FACE('',(#244),#7500,.F.);
#7875=ADVANCED_FACE('',(#245),#7501,.F.);
#7876=ADVANCED_FACE('',(#246),#7502,.F.);
#7877=ADVANCED_FACE('',(#247),#7503,.F.);
#7878=ADVANCED_FACE('',(#248),#7504,.F.);
#7879=ADVANCED_FACE('',(#249),#7505,.F.);
#7880=ADVANCED_FACE('',(#250),#7506,.F.);
#7881=ADVANCED_FACE('',(#251),#7507,.F.);
#7882=ADVANCED_FACE('',(#252),#7508,.F.);
#7883=ADVANCED_FACE('',(#253),#7509,.F.);
#7884=ADVANCED_FACE('',(#254),#7510,.F.);
#7885=ADVANCED_FACE('',(#255),#7511,.F.);
#7886=ADVANCED_FACE('',(#256),#7512,.F.);
#7887=ADVANCED_FACE('',(#257),#7513,.F.);
#7888=ADVANCED_FACE('',(#258),#7514,.F.);
#7889=ADVANCED_FACE('',(#259),#7515,.F.);
#7890=ADVANCED_FACE('',(#260),#7516,.F.);
#7891=ADVANCED_FACE('',(#261),#7517,.F.);
#7892=ADVANCED_FACE('',(#262),#7518,.F.);
#7893=ADVANCED_FACE('',(#263),#7519,.F.);
#7894=ADVANCED_FACE('',(#264),#7520,.F.);
#7895=ADVANCED_FACE('',(#265),#7521,.F.);
#7896=ADVANCED_FACE('',(#266),#7522,.F.);
#7897=ADVANCED_FACE('',(#267),#7523,.F.);
#7898=ADVANCED_FACE('',(#268),#7524,.F.);
#7899=ADVANCED_FACE('',(#269),#7525,.F.);
#7900=ADVANCED_FACE('',(#270),#7526,.F.);
#7901=ADVANCED_FACE('',(#271),#7527,.F.);
#7902=ADVANCED_FACE('',(#272),#7528,.F.);
#7903=ADVANCED_FACE('',(#273),#7529,.F.);
#7904=ADVANCED_FACE('',(#274),#7530,.F.);
#7905=ADVANCED_FACE('',(#275),#7531,.F.);
#7906=ADVANCED_FACE('',(#276),#7532,.F.);
#7907=ADVANCED_FACE('',(#277),#7533,.F.);
#7908=ADVANCED_FACE('',(#278),#7534,.F.);
#7909=ADVANCED_FACE('',(#279),#7535,.F.);
#7910=ADVANCED_FACE('',(#280),#7536,.F.);
#7911=ADVANCED_FACE('',(#281),#7537,.F.);
#7912=ADVANCED_FACE('',(#282),#7538,.F.);
#7913=ADVANCED_FACE('',(#283),#7539,.F.);
#7914=ADVANCED_FACE('',(#284),#7540,.F.);
#7915=ADVANCED_FACE('',(#285),#7541,.F.);
#7916=ADVANCED_FACE('',(#286),#7542,.F.);
#7917=ADVANCED_FACE('',(#287),#7543,.F.);
#7918=ADVANCED_FACE('',(#288),#7544,.F.);
#7919=ADVANCED_FACE('',(#289),#7545,.F.);
#7920=ADVANCED_FACE('',(#290),#7546,.F.);
#7921=ADVANCED_FACE('',(#291),#7547,.F.);
#7922=ADVANCED_FACE('',(#292),#7548,.F.);
#7923=ADVANCED_FACE('',(#293),#7549,.F.);
#7924=ADVANCED_FACE('',(#294),#7550,.F.);
#7925=ADVANCED_FACE('',(#295),#7551,.F.);
#7926=ADVANCED_FACE('',(#296),#7552,.F.);
#7927=ADVANCED_FACE('',(#297),#7553,.F.);
#7928=ADVANCED_FACE('',(#298),#7554,.F.);
#7929=ADVANCED_FACE('',(#299),#7555,.F.);
#7930=ADVANCED_FACE('',(#300),#7556,.F.);
#7931=ADVANCED_FACE('',(#301),#7557,.F.);
#7932=ADVANCED_FACE('',(#302),#7558,.F.);
#7933=ADVANCED_FACE('',(#303),#7559,.F.);
#7934=ADVANCED_FACE('',(#304),#7560,.F.);
#7935=ADVANCED_FACE('',(#305),#7561,.F.);
#7936=ADVANCED_FACE('',(#306),#7562,.F.);
#7937=ADVANCED_FACE('',(#307),#7563,.F.);
#7938=ADVANCED_FACE('',(#308),#7564,.F.);
#7939=ADVANCED_FACE('',(#309),#7565,.F.);
#7940=ADVANCED_FACE('',(#310),#7566,.F.);
#7941=ADVANCED_FACE('',(#311),#7567,.F.);
#7942=ADVANCED_FACE('',(#312),#7568,.F.);
#7943=ADVANCED_FACE('',(#313),#7569,.F.);
#7944=ADVANCED_FACE('',(#314),#7570,.F.);
#7945=ADVANCED_FACE('',(#315),#7571,.F.);
#7946=ADVANCED_FACE('',(#316),#7572,.F.);
#7947=ADVANCED_FACE('',(#317),#7573,.F.);
#7948=ADVANCED_FACE('',(#318),#7574,.F.);
#7949=ADVANCED_FACE('',(#319),#7575,.F.);
#7950=ADVANCED_FACE('',(#320),#7576,.F.);
#7951=ADVANCED_FACE('',(#321),#7577,.F.);
#7952=ADVANCED_FACE('',(#322),#7578,.F.);
#7953=ADVANCED_FACE('',(#323),#7579,.F.);
#7954=ADVANCED_FACE('',(#324),#7580,.F.);
#7955=ADVANCED_FACE('',(#325),#7581,.F.);
#7956=ADVANCED_FACE('',(#326),#7582,.F.);
#7957=ADVANCED_FACE('',(#327),#7583,.F.);
#7958=ADVANCED_FACE('',(#328),#7584,.F.);
#7959=ADVANCED_FACE('',(#329),#7585,.F.);
#7960=ADVANCED_FACE('',(#330),#7586,.F.);
#7961=ADVANCED_FACE('',(#331),#7587,.F.);
#7962=ADVANCED_FACE('',(#332),#7588,.F.);
#7963=ADVANCED_FACE('',(#333),#7589,.F.);
#7964=ADVANCED_FACE('',(#334),#7590,.F.);
#7965=ADVANCED_FACE('',(#335),#7591,.F.);
#7966=ADVANCED_FACE('',(#336),#7592,.F.);
#7967=ADVANCED_FACE('',(#337),#7593,.F.);
#7968=ADVANCED_FACE('',(#338),#7594,.F.);
#7969=ADVANCED_FACE('',(#339),#7595,.F.);
#7970=ADVANCED_FACE('',(#340),#7596,.F.);
#7971=ADVANCED_FACE('',(#341),#7597,.F.);
#7972=ADVANCED_FACE('',(#342),#7598,.F.);
#7973=ADVANCED_FACE('',(#343),#7599,.F.);
#7974=ADVANCED_FACE('',(#344),#7600,.F.);
#7975=ADVANCED_FACE('',(#345),#7601,.F.);
#7976=ADVANCED_FACE('',(#346),#7602,.F.);
#7977=ADVANCED_FACE('',(#347),#7603,.F.);
#7978=ADVANCED_FACE('',(#348),#7604,.F.);
#7979=ADVANCED_FACE('',(#349),#7605,.F.);
#7980=ADVANCED_FACE('',(#350),#7606,.F.);
#7981=ADVANCED_FACE('',(#351),#7607,.F.);
#7982=ADVANCED_FACE('',(#352),#7608,.F.);
#7983=ADVANCED_FACE('',(#353),#7609,.F.);
#7984=ADVANCED_FACE('',(#354),#7610,.F.);
#7985=ADVANCED_FACE('',(#355),#7611,.F.);
#7986=ADVANCED_FACE('',(#356),#7612,.F.);
#7987=ADVANCED_FACE('',(#357),#7613,.F.);
#7988=ADVANCED_FACE('',(#358),#7614,.F.);
#7989=ADVANCED_FACE('',(#359),#7615,.F.);
#7990=ADVANCED_FACE('',(#360),#7616,.F.);
#7991=ADVANCED_FACE('',(#361),#7617,.F.);
#7992=ADVANCED_FACE('',(#362),#7618,.F.);
#7993=ADVANCED_FACE('',(#363),#7619,.F.);
#7994=ADVANCED_FACE('',(#364),#7620,.F.);
#7995=ADVANCED_FACE('',(#365),#7621,.F.);
#7996=ADVANCED_FACE('',(#366),#7622,.F.);
#7997=ADVANCED_FACE('',(#367),#7623,.F.);
#7998=ADVANCED_FACE('',(#368),#7624,.F.);
#7999=ADVANCED_FACE('',(#369),#7625,.F.);
#8000=ADVANCED_FACE('',(#370),#7626,.F.);
#8001=ADVANCED_FACE('',(#371),#7627,.F.);
#8002=ADVANCED_FACE('',(#372),#7628,.F.);
#8003=ADVANCED_FACE('',(#373),#7629,.F.);
#8004=ADVANCED_FACE('',(#374),#7630,.F.);
#8005=ADVANCED_FACE('',(#375),#7631,.F.);
#8006=ADVANCED_FACE('',(#376),#7632,.F.);
#8007=ADVANCED_FACE('',(#377),#7633,.F.);
#8008=ADVANCED_FACE('',(#378),#7634,.F.);
#8009=ADVANCED_FACE('',(#379),#7635,.F.);
#8010=ADVANCED_FACE('',(#380),#7636,.F.);
#8011=ADVANCED_FACE('',(#381),#7637,.F.);
#8012=ADVANCED_FACE('',(#382),#7638,.F.);
#8013=ADVANCED_FACE('',(#383),#7639,.F.);
#8014=ADVANCED_FACE('',(#384),#7640,.F.);
#8015=ADVANCED_FACE('',(#385),#7641,.F.);
#8016=ADVANCED_FACE('',(#386),#7642,.F.);
#8017=ADVANCED_FACE('',(#387),#7643,.F.);
#8018=ADVANCED_FACE('',(#388),#7644,.F.);
#8019=ADVANCED_FACE('',(#389),#7645,.F.);
#8020=ADVANCED_FACE('',(#390),#7646,.F.);
#8021=ADVANCED_FACE('',(#391),#7647,.F.);
#8022=ADVANCED_FACE('',(#392),#7648,.F.);
#8023=ADVANCED_FACE('',(#393),#7649,.F.);
#8024=ADVANCED_FACE('',(#394),#7650,.F.);
#8025=ADVANCED_FACE('',(#395),#7651,.F.);
#8026=ADVANCED_FACE('',(#396),#7652,.F.);
#8027=ADVANCED_FACE('',(#397),#7653,.F.);
#8028=ADVANCED_FACE('',(#398),#7654,.F.);
#8029=ADVANCED_FACE('',(#399),#7655,.F.);
#8030=ADVANCED_FACE('',(#400),#7656,.F.);
#8031=ADVANCED_FACE('',(#401),#7657,.F.);
#8032=ADVANCED_FACE('',(#402),#7658,.F.);
#8033=ADVANCED_FACE('',(#403),#7659,.F.);
#8034=ADVANCED_FACE('',(#404),#7660,.F.);
#8035=ADVANCED_FACE('',(#405),#7661,.F.);
#8036=ADVANCED_FACE('',(#406),#7662,.F.);
#8037=ADVANCED_FACE('',(#407),#7663,.F.);
#8038=ADVANCED_FACE('',(#408),#7664,.F.);
#8039=ADVANCED_FACE('',(#409),#7665,.F.);
#8040=ADVANCED_FACE('',(#410),#7666,.F.);
#8041=ADVANCED_FACE('',(#411),#7667,.F.);
#8042=ADVANCED_FACE('',(#412),#7668,.F.);
#8043=ADVANCED_FACE('',(#413),#7669,.F.);
#8044=ADVANCED_FACE('',(#414),#7670,.F.);
#8045=ADVANCED_FACE('',(#415),#7671,.F.);
#8046=ADVANCED_FACE('',(#416),#7672,.F.);
#8047=ADVANCED_FACE('',(#417),#7673,.F.);
#8048=ADVANCED_FACE('',(#418),#7674,.F.);
#8049=ADVANCED_FACE('',(#419),#7675,.F.);
#8050=ADVANCED_FACE('',(#420),#7676,.F.);
#8051=ADVANCED_FACE('',(#421),#7677,.F.);
#8052=ADVANCED_FACE('',(#422),#7678,.F.);
#8053=ADVANCED_FACE('',(#423),#7679,.F.);
#8054=ADVANCED_FACE('',(#424),#7680,.F.);
#8055=ADVANCED_FACE('',(#425),#7681,.F.);
#8056=ADVANCED_FACE('',(#426),#7682,.F.);
#8057=ADVANCED_FACE('',(#427),#7683,.F.);
#8058=ADVANCED_FACE('',(#428),#7684,.F.);
#8059=ADVANCED_FACE('',(#429),#7685,.F.);
#8060=ADVANCED_FACE('',(#430),#7686,.F.);
#8061=ADVANCED_FACE('',(#431),#7687,.F.);
#8062=ADVANCED_FACE('',(#432),#7688,.F.);
#8063=ADVANCED_FACE('',(#433),#7689,.F.);
#8064=ADVANCED_FACE('',(#434),#7690,.F.);
#8065=ADVANCED_FACE('',(#435),#7691,.F.);
#8066=ADVANCED_FACE('',(#436),#7692,.F.);
#8067=ADVANCED_FACE('',(#437),#7693,.F.);
#8068=ADVANCED_FACE('',(#438),#7694,.F.);
#8069=ADVANCED_FACE('',(#439),#7695,.F.);
#8070=ADVANCED_FACE('',(#440),#7696,.F.);
#8071=ADVANCED_FACE('',(#441),#7697,.F.);
#8072=ADVANCED_FACE('',(#442),#7698,.F.);
#8073=ADVANCED_FACE('',(#443),#7699,.F.);
#8074=ADVANCED_FACE('',(#444),#7700,.F.);
#8075=ADVANCED_FACE('',(#445),#7701,.F.);
#8076=ADVANCED_FACE('',(#446),#7702,.F.);
#8077=ADVANCED_FACE('',(#447),#7703,.F.);
#8078=ADVANCED_FACE('',(#448),#7704,.F.);
#8079=ADVANCED_FACE('',(#449),#7705,.F.);
#8080=ADVANCED_FACE('',(#450),#7706,.F.);
#8081=ADVANCED_FACE('',(#451),#7707,.F.);
#8082=ADVANCED_FACE('',(#452),#7708,.F.);
#8083=ADVANCED_FACE('',(#453),#7709,.F.);
#8084=ADVANCED_FACE('',(#454),#7710,.F.);
#8085=ADVANCED_FACE('',(#455),#7711,.F.);
#8086=ADVANCED_FACE('',(#456),#7712,.F.);
#8087=ADVANCED_FACE('',(#457),#7713,.F.);
#8088=ADVANCED_FACE('',(#458),#7714,.F.);
#8089=ADVANCED_FACE('',(#459),#7715,.F.);
#8090=ADVANCED_FACE('',(#460),#7716,.F.);
#8091=ADVANCED_FACE('',(#461),#7717,.F.);
#8092=ADVANCED_FACE('',(#462),#7718,.F.);
#8093=ADVANCED_FACE('',(#463),#7719,.F.);
#8094=ADVANCED_FACE('',(#464),#7720,.F.);
#8095=ADVANCED_FACE('',(#465),#7721,.F.);
#8096=ADVANCED_FACE('',(#466),#7722,.F.);
#8097=ADVANCED_FACE('',(#467),#7723,.F.);
#8098=ADVANCED_FACE('',(#468),#7724,.F.);
#8099=ADVANCED_FACE('',(#469),#7725,.F.);
#8100=ADVANCED_FACE('',(#470),#7726,.F.);
#8101=ADVANCED_FACE('',(#471),#7727,.F.);
#8102=ADVANCED_FACE('',(#472),#7728,.F.);
#8103=ADVANCED_FACE('',(#473),#7729,.F.);
#8104=ADVANCED_FACE('',(#474),#7730,.F.);
#8105=ADVANCED_FACE('',(#475),#7731,.F.);
#8106=ADVANCED_FACE('',(#476),#7732,.F.);
#8107=ADVANCED_FACE('',(#477),#7733,.F.);
#8108=ADVANCED_FACE('',(#478),#7734,.F.);
#8109=ADVANCED_FACE('',(#479),#7735,.F.);
#8110=ADVANCED_FACE('',(#480),#7736,.F.);
#8111=ADVANCED_FACE('',(#481),#7737,.F.);
#8112=ADVANCED_FACE('',(#482),#7738,.F.);
#8113=ADVANCED_FACE('',(#483),#7739,.F.);
#8114=ADVANCED_FACE('',(#484),#7740,.F.);
#8115=ADVANCED_FACE('',(#485),#7741,.F.);
#8116=ADVANCED_FACE('',(#486),#7742,.F.);
#8117=ADVANCED_FACE('',(#487),#7743,.F.);
#8118=ADVANCED_FACE('',(#488),#7744,.F.);
#8119=ADVANCED_FACE('',(#489),#7745,.F.);
#8120=ADVANCED_FACE('',(#490),#7746,.F.);
#8121=ADVANCED_FACE('',(#491),#7747,.F.);
#8122=ADVANCED_FACE('',(#492),#7748,.F.);
#8123=ADVANCED_FACE('',(#493),#7749,.F.);
#8124=ADVANCED_FACE('',(#494),#7750,.F.);
#8125=ADVANCED_FACE('',(#495),#7751,.F.);
#8126=ADVANCED_FACE('',(#496),#7752,.F.);
#8127=ADVANCED_FACE('',(#497),#7753,.F.);
#8128=ADVANCED_FACE('',(#498),#7754,.F.);
#8129=ADVANCED_FACE('',(#499),#7755,.F.);
#8130=ADVANCED_FACE('',(#500),#7756,.F.);
#8131=ADVANCED_FACE('',(#501),#7757,.F.);
#8132=ADVANCED_FACE('',(#502),#7758,.F.);
#8133=ADVANCED_FACE('',(#503),#7759,.F.);
#8134=ADVANCED_FACE('',(#504),#7760,.F.);
#8135=ADVANCED_FACE('',(#505),#7761,.F.);
#8136=ADVANCED_FACE('',(#506),#7762,.F.);
#8137=ADVANCED_FACE('',(#507),#7763,.F.);
#8138=ADVANCED_FACE('',(#508),#7764,.F.);
#8139=ADVANCED_FACE('',(#509),#7765,.F.);
#8140=ADVANCED_FACE('',(#510),#7766,.F.);
#8141=ADVANCED_FACE('',(#511),#7767,.F.);
#8142=ADVANCED_FACE('',(#512),#7768,.F.);
#8143=ADVANCED_FACE('',(#513),#7769,.F.);
#8144=ADVANCED_FACE('',(#514),#7770,.F.);
#8145=ADVANCED_FACE('',(#515),#7771,.F.);
#8146=ADVANCED_FACE('',(#516),#7772,.F.);
#8147=ADVANCED_FACE('',(#517),#7773,.F.);
#8148=ADVANCED_FACE('',(#518),#7774,.F.);
#8149=ADVANCED_FACE('',(#519),#7775,.F.);
#8150=ADVANCED_FACE('',(#520),#7776,.F.);
#8151=ADVANCED_FACE('',(#521),#7777,.F.);
#8152=ADVANCED_FACE('',(#522),#7778,.F.);
#8153=ADVANCED_FACE('',(#523),#7779,.F.);
#8154=ADVANCED_FACE('',(#524),#7780,.F.);
#8155=ADVANCED_FACE('',(#525),#7781,.F.);
#8156=ADVANCED_FACE('',(#526),#7782,.F.);
#8157=ADVANCED_FACE('',(#527),#7783,.F.);
#8158=ADVANCED_FACE('',(#528),#7784,.F.);
#8159=ADVANCED_FACE('',(#529),#7785,.F.);
#8160=ADVANCED_FACE('',(#530),#7786,.F.);
#8161=ADVANCED_FACE('',(#531),#7787,.F.);
#8162=ADVANCED_FACE('',(#532),#7788,.F.);
#8163=ADVANCED_FACE('',(#533),#7789,.F.);
#8164=ADVANCED_FACE('',(#534),#7790,.F.);
#8165=ADVANCED_FACE('',(#535),#7791,.F.);
#8166=ADVANCED_FACE('',(#536),#7792,.F.);
#8167=ADVANCED_FACE('',(#537),#7793,.F.);
#8168=ADVANCED_FACE('',(#538),#7794,.F.);
#8169=ADVANCED_FACE('',(#539),#7795,.F.);
#8170=ADVANCED_FACE('',(#540),#7796,.F.);
#8171=ADVANCED_FACE('',(#541),#7797,.F.);
#8172=ADVANCED_FACE('',(#542),#7798,.F.);
#8173=ADVANCED_FACE('',(#543),#7799,.F.);
#8174=ADVANCED_FACE('',(#544),#7800,.F.);
#8175=ADVANCED_FACE('',(#545),#7801,.F.);
#8176=ADVANCED_FACE('',(#546),#7802,.F.);
#8177=ADVANCED_FACE('',(#547),#7803,.F.);
#8178=ADVANCED_FACE('',(#548),#7804,.F.);
#8179=ADVANCED_FACE('',(#549),#7805,.F.);
#8180=ADVANCED_FACE('',(#550),#7806,.F.);
#8181=ADVANCED_FACE('',(#551),#7807,.F.);
#8182=ADVANCED_FACE('',(#552),#7808,.F.);
#8183=ADVANCED_FACE('',(#553),#7809,.F.);
#8184=ADVANCED_FACE('',(#554),#7810,.F.);
#8185=ADVANCED_FACE('',(#555),#7811,.F.);
#8186=ADVANCED_FACE('',(#556),#7812,.F.);
#8187=ADVANCED_FACE('',(#557),#7813,.F.);
#8188=ADVANCED_FACE('',(#558),#7814,.F.);
#8189=ADVANCED_FACE('',(#559),#7815,.F.);
#8190=ADVANCED_FACE('',(#560),#7816,.F.);
#8191=ADVANCED_FACE('',(#561),#7817,.F.);
#8192=ADVANCED_FACE('',(#562),#7818,.F.);
#8193=ADVANCED_FACE('',(#563),#7819,.F.);
#8194=ADVANCED_FACE('',(#564),#7820,.F.);
#8195=ADVANCED_FACE('',(#565),#7821,.F.);
#8196=ADVANCED_FACE('',(#566),#7822,.F.);
#8197=ADVANCED_FACE('',(#567),#7823,.T.);
#8198=ADVANCED_FACE('',(#568),#7824,.T.);
#8199=ADVANCED_FACE('',(#569),#7825,.T.);
#8200=ADVANCED_FACE('',(#570),#7826,.T.);
#8201=ADVANCED_FACE('',(#571,#15,#16,#17,#18,#19,#20,#21,#22,#23,#24,#25,
#26,#27,#28,#29,#30,#31,#32,#33,#34,#35,#36,#37,#38,#39,#40,#41,#42,#43,
#44,#45,#46,#47,#48,#49,#50,#51,#52,#53,#54,#55,#56,#57,#58,#59,#60,#61,
#62,#63,#64,#65,#66,#67,#68,#69,#70,#71,#72,#73,#74,#75,#76,#77,#78,#79,
#80,#81,#82,#83,#84,#85,#86,#87,#88,#89,#90,#91,#92,#93,#94,#95,#96,#97,
#98,#99,#100,#101,#102,#103,#104,#105,#106),#7827,.T.);
#8202=ADVANCED_FACE('',(#572,#107,#108,#109,#110,#111,#112,#113,#114,#115,
#116,#117,#118,#119,#120,#121,#122,#123,#124,#125,#126,#127,#128,#129,#130,
#131,#132,#133,#134,#135,#136,#137,#138,#139,#140,#141,#142,#143,#144,#145,
#146,#147,#148,#149,#150,#151,#152,#153,#154,#155,#156,#157,#158,#159,#160,
#161,#162,#163,#164,#165,#166,#167,#168,#169,#170,#171,#172,#173,#174,#175,
#176,#177,#178,#179,#180,#181,#182,#183,#184,#185,#186,#187,#188,#189,#190,
#191,#192,#193,#194,#195,#196,#197,#198),#7828,.F.);
#8203=CLOSED_SHELL('',(#7829,#7830,#7831,#7832,#7833,#7834,#7835,#7836,
#7837,#7838,#7839,#7840,#7841,#7842,#7843,#7844,#7845,#7846,#7847,#7848,
#7849,#7850,#7851,#7852,#7853,#7854,#7855,#7856,#7857,#7858,#7859,#7860,
#7861,#7862,#7863,#7864,#7865,#7866,#7867,#7868,#7869,#7870,#7871,#7872,
#7873,#7874,#7875,#7876,#7877,#7878,#7879,#7880,#7881,#7882,#7883,#7884,
#7885,#7886,#7887,#7888,#7889,#7890,#7891,#7892,#7893,#7894,#7895,#7896,
#7897,#7898,#7899,#7900,#7901,#7902,#7903,#7904,#7905,#7906,#7907,#7908,
#7909,#7910,#7911,#7912,#7913,#7914,#7915,#7916,#7917,#7918,#7919,#7920,
#7921,#7922,#7923,#7924,#7925,#7926,#7927,#7928,#7929,#7930,#7931,#7932,
#7933,#7934,#7935,#7936,#7937,#7938,#7939,#7940,#7941,#7942,#7943,#7944,
#7945,#7946,#7947,#7948,#7949,#7950,#7951,#7952,#7953,#7954,#7955,#7956,
#7957,#7958,#7959,#7960,#7961,#7962,#7963,#7964,#7965,#7966,#7967,#7968,
#7969,#7970,#7971,#7972,#7973,#7974,#7975,#7976,#7977,#7978,#7979,#7980,
#7981,#7982,#7983,#7984,#7985,#7986,#7987,#7988,#7989,#7990,#7991,#7992,
#7993,#7994,#7995,#7996,#7997,#7998,#7999,#8000,#8001,#8002,#8003,#8004,
#8005,#8006,#8007,#8008,#8009,#8010,#8011,#8012,#8013,#8014,#8015,#8016,
#8017,#8018,#8019,#8020,#8021,#8022,#8023,#8024,#8025,#8026,#8027,#8028,
#8029,#8030,#8031,#8032,#8033,#8034,#8035,#8036,#8037,#8038,#8039,#8040,
#8041,#8042,#8043,#8044,#8045,#8046,#8047,#8048,#8049,#8050,#8051,#8052,
#8053,#8054,#8055,#8056,#8057,#8058,#8059,#8060,#8061,#8062,#8063,#8064,
#8065,#8066,#8067,#8068,#8069,#8070,#8071,#8072,#8073,#8074,#8075,#8076,
#8077,#8078,#8079,#8080,#8081,#8082,#8083,#8084,#8085,#8086,#8087,#8088,
#8089,#8090,#8091,#8092,#8093,#8094,#8095,#8096,#8097,#8098,#8099,#8100,
#8101,#8102,#8103,#8104,#8105,#8106,#8107,#8108,#8109,#8110,#8111,#8112,
#8113,#8114,#8115,#8116,#8117,#8118,#8119,#8120,#8121,#8122,#8123,#8124,
#8125,#8126,#8127,#8128,#8129,#8130,#8131,#8132,#8133,#8134,#8135,#8136,
#8137,#8138,#8139,#8140,#8141,#8142,#8143,#8144,#8145,#8146,#8147,#8148,
#8149,#8150,#8151,#8152,#8153,#8154,#8155,#8156,#8157,#8158,#8159,#8160,
#8161,#8162,#8163,#8164,#8165,#8166,#8167,#8168,#8169,#8170,#8171,#8172,
#8173,#8174,#8175,#8176,#8177,#8178,#8179,#8180,#8181,#8182,#8183,#8184,
#8185,#8186,#8187,#8188,#8189,#8190,#8191,#8192,#8193,#8194,#8195,#8196,
#8197,#8198,#8199,#8200,#8201,#8202));
#8204=DERIVED_UNIT_ELEMENT(#8206,1.);
#8205=DERIVED_UNIT_ELEMENT(#12697,-3.);
#8206=(
MASS_UNIT()
NAMED_UNIT(*)
SI_UNIT(.KILO.,.GRAM.)
);
#8207=DERIVED_UNIT((#8204,#8205));
#8208=MEASURE_REPRESENTATION_ITEM('density measure',
POSITIVE_RATIO_MEASURE(7850.),#8207);
#8209=PROPERTY_DEFINITION_REPRESENTATION(#8214,#8211);
#8210=PROPERTY_DEFINITION_REPRESENTATION(#8215,#8212);
#8211=REPRESENTATION('material name',(#8213),#12694);
#8212=REPRESENTATION('density',(#8208),#12694);
#8213=DESCRIPTIVE_REPRESENTATION_ITEM('Steel','Steel');
#8214=PROPERTY_DEFINITION('material property','material name',#12704);
#8215=PROPERTY_DEFINITION('material property','density of part',#12704);
#8216=AXIS2_PLACEMENT_3D('',#10457,#8591,#8592);
#8217=AXIS2_PLACEMENT_3D('',#10458,#8593,#8594);
#8218=AXIS2_PLACEMENT_3D('',#10467,#8599,#8600);
#8219=AXIS2_PLACEMENT_3D('',#10473,#8604,#8605);
#8220=AXIS2_PLACEMENT_3D('',#10479,#8609,#8610);
#8221=AXIS2_PLACEMENT_3D('',#10482,#8613,#8614);
#8222=AXIS2_PLACEMENT_3D('',#10491,#8619,#8620);
#8223=AXIS2_PLACEMENT_3D('',#10497,#8624,#8625);
#8224=AXIS2_PLACEMENT_3D('',#10503,#8629,#8630);
#8225=AXIS2_PLACEMENT_3D('',#10506,#8633,#8634);
#8226=AXIS2_PLACEMENT_3D('',#10515,#8639,#8640);
#8227=AXIS2_PLACEMENT_3D('',#10521,#8644,#8645);
#8228=AXIS2_PLACEMENT_3D('',#10527,#8649,#8650);
#8229=AXIS2_PLACEMENT_3D('',#10530,#8653,#8654);
#8230=AXIS2_PLACEMENT_3D('',#10539,#8659,#8660);
#8231=AXIS2_PLACEMENT_3D('',#10545,#8664,#8665);
#8232=AXIS2_PLACEMENT_3D('',#10551,#8669,#8670);
#8233=AXIS2_PLACEMENT_3D('',#10554,#8673,#8674);
#8234=AXIS2_PLACEMENT_3D('',#10563,#8679,#8680);
#8235=AXIS2_PLACEMENT_3D('',#10569,#8684,#8685);
#8236=AXIS2_PLACEMENT_3D('',#10575,#8689,#8690);
#8237=AXIS2_PLACEMENT_3D('',#10578,#8693,#8694);
#8238=AXIS2_PLACEMENT_3D('',#10587,#8699,#8700);
#8239=AXIS2_PLACEMENT_3D('',#10593,#8704,#8705);
#8240=AXIS2_PLACEMENT_3D('',#10599,#8709,#8710);
#8241=AXIS2_PLACEMENT_3D('',#10602,#8713,#8714);
#8242=AXIS2_PLACEMENT_3D('',#10611,#8719,#8720);
#8243=AXIS2_PLACEMENT_3D('',#10617,#8724,#8725);
#8244=AXIS2_PLACEMENT_3D('',#10623,#8729,#8730);
#8245=AXIS2_PLACEMENT_3D('',#10626,#8733,#8734);
#8246=AXIS2_PLACEMENT_3D('',#10635,#8739,#8740);
#8247=AXIS2_PLACEMENT_3D('',#10641,#8744,#8745);
#8248=AXIS2_PLACEMENT_3D('',#10647,#8749,#8750);
#8249=AXIS2_PLACEMENT_3D('',#10650,#8753,#8754);
#8250=AXIS2_PLACEMENT_3D('',#10659,#8759,#8760);
#8251=AXIS2_PLACEMENT_3D('',#10665,#8764,#8765);
#8252=AXIS2_PLACEMENT_3D('',#10671,#8769,#8770);
#8253=AXIS2_PLACEMENT_3D('',#10674,#8773,#8774);
#8254=AXIS2_PLACEMENT_3D('',#10683,#8779,#8780);
#8255=AXIS2_PLACEMENT_3D('',#10689,#8784,#8785);
#8256=AXIS2_PLACEMENT_3D('',#10695,#8789,#8790);
#8257=AXIS2_PLACEMENT_3D('',#10698,#8793,#8794);
#8258=AXIS2_PLACEMENT_3D('',#10707,#8799,#8800);
#8259=AXIS2_PLACEMENT_3D('',#10713,#8804,#8805);
#8260=AXIS2_PLACEMENT_3D('',#10719,#8809,#8810);
#8261=AXIS2_PLACEMENT_3D('',#10722,#8813,#8814);
#8262=AXIS2_PLACEMENT_3D('',#10731,#8819,#8820);
#8263=AXIS2_PLACEMENT_3D('',#10737,#8824,#8825);
#8264=AXIS2_PLACEMENT_3D('',#10743,#8829,#8830);
#8265=AXIS2_PLACEMENT_3D('',#10746,#8833,#8834);
#8266=AXIS2_PLACEMENT_3D('',#10755,#8839,#8840);
#8267=AXIS2_PLACEMENT_3D('',#10761,#8844,#8845);
#8268=AXIS2_PLACEMENT_3D('',#10767,#8849,#8850);
#8269=AXIS2_PLACEMENT_3D('',#10770,#8853,#8854);
#8270=AXIS2_PLACEMENT_3D('',#10779,#8859,#8860);
#8271=AXIS2_PLACEMENT_3D('',#10785,#8864,#8865);
#8272=AXIS2_PLACEMENT_3D('',#10791,#8869,#8870);
#8273=AXIS2_PLACEMENT_3D('',#10794,#8873,#8874);
#8274=AXIS2_PLACEMENT_3D('',#10803,#8879,#8880);
#8275=AXIS2_PLACEMENT_3D('',#10809,#8884,#8885);
#8276=AXIS2_PLACEMENT_3D('',#10815,#8889,#8890);
#8277=AXIS2_PLACEMENT_3D('',#10818,#8893,#8894);
#8278=AXIS2_PLACEMENT_3D('',#10827,#8899,#8900);
#8279=AXIS2_PLACEMENT_3D('',#10833,#8904,#8905);
#8280=AXIS2_PLACEMENT_3D('',#10839,#8909,#8910);
#8281=AXIS2_PLACEMENT_3D('',#10842,#8913,#8914);
#8282=AXIS2_PLACEMENT_3D('',#10851,#8919,#8920);
#8283=AXIS2_PLACEMENT_3D('',#10857,#8924,#8925);
#8284=AXIS2_PLACEMENT_3D('',#10863,#8929,#8930);
#8285=AXIS2_PLACEMENT_3D('',#10866,#8933,#8934);
#8286=AXIS2_PLACEMENT_3D('',#10875,#8939,#8940);
#8287=AXIS2_PLACEMENT_3D('',#10881,#8944,#8945);
#8288=AXIS2_PLACEMENT_3D('',#10887,#8949,#8950);
#8289=AXIS2_PLACEMENT_3D('',#10890,#8953,#8954);
#8290=AXIS2_PLACEMENT_3D('',#10899,#8959,#8960);
#8291=AXIS2_PLACEMENT_3D('',#10905,#8964,#8965);
#8292=AXIS2_PLACEMENT_3D('',#10911,#8969,#8970);
#8293=AXIS2_PLACEMENT_3D('',#10914,#8973,#8974);
#8294=AXIS2_PLACEMENT_3D('',#10923,#8979,#8980);
#8295=AXIS2_PLACEMENT_3D('',#10929,#8984,#8985);
#8296=AXIS2_PLACEMENT_3D('',#10935,#8989,#8990);
#8297=AXIS2_PLACEMENT_3D('',#10938,#8993,#8994);
#8298=AXIS2_PLACEMENT_3D('',#10947,#8999,#9000);
#8299=AXIS2_PLACEMENT_3D('',#10953,#9004,#9005);
#8300=AXIS2_PLACEMENT_3D('',#10959,#9009,#9010);
#8301=AXIS2_PLACEMENT_3D('',#10962,#9013,#9014);
#8302=AXIS2_PLACEMENT_3D('',#10971,#9019,#9020);
#8303=AXIS2_PLACEMENT_3D('',#10977,#9024,#9025);
#8304=AXIS2_PLACEMENT_3D('',#10983,#9029,#9030);
#8305=AXIS2_PLACEMENT_3D('',#10986,#9033,#9034);
#8306=AXIS2_PLACEMENT_3D('',#10995,#9039,#9040);
#8307=AXIS2_PLACEMENT_3D('',#11001,#9044,#9045);
#8308=AXIS2_PLACEMENT_3D('',#11007,#9049,#9050);
#8309=AXIS2_PLACEMENT_3D('',#11010,#9053,#9054);
#8310=AXIS2_PLACEMENT_3D('',#11019,#9059,#9060);
#8311=AXIS2_PLACEMENT_3D('',#11025,#9064,#9065);
#8312=AXIS2_PLACEMENT_3D('',#11031,#9069,#9070);
#8313=AXIS2_PLACEMENT_3D('',#11034,#9073,#9074);
#8314=AXIS2_PLACEMENT_3D('',#11043,#9079,#9080);
#8315=AXIS2_PLACEMENT_3D('',#11049,#9084,#9085);
#8316=AXIS2_PLACEMENT_3D('',#11055,#9089,#9090);
#8317=AXIS2_PLACEMENT_3D('',#11058,#9093,#9094);
#8318=AXIS2_PLACEMENT_3D('',#11067,#9099,#9100);
#8319=AXIS2_PLACEMENT_3D('',#11073,#9104,#9105);
#8320=AXIS2_PLACEMENT_3D('',#11079,#9109,#9110);
#8321=AXIS2_PLACEMENT_3D('',#11082,#9113,#9114);
#8322=AXIS2_PLACEMENT_3D('',#11091,#9119,#9120);
#8323=AXIS2_PLACEMENT_3D('',#11097,#9124,#9125);
#8324=AXIS2_PLACEMENT_3D('',#11103,#9129,#9130);
#8325=AXIS2_PLACEMENT_3D('',#11106,#9133,#9134);
#8326=AXIS2_PLACEMENT_3D('',#11115,#9139,#9140);
#8327=AXIS2_PLACEMENT_3D('',#11121,#9144,#9145);
#8328=AXIS2_PLACEMENT_3D('',#11127,#9149,#9150);
#8329=AXIS2_PLACEMENT_3D('',#11130,#9153,#9154);
#8330=AXIS2_PLACEMENT_3D('',#11139,#9159,#9160);
#8331=AXIS2_PLACEMENT_3D('',#11145,#9164,#9165);
#8332=AXIS2_PLACEMENT_3D('',#11151,#9169,#9170);
#8333=AXIS2_PLACEMENT_3D('',#11154,#9173,#9174);
#8334=AXIS2_PLACEMENT_3D('',#11163,#9179,#9180);
#8335=AXIS2_PLACEMENT_3D('',#11169,#9184,#9185);
#8336=AXIS2_PLACEMENT_3D('',#11175,#9189,#9190);
#8337=AXIS2_PLACEMENT_3D('',#11178,#9193,#9194);
#8338=AXIS2_PLACEMENT_3D('',#11187,#9199,#9200);
#8339=AXIS2_PLACEMENT_3D('',#11193,#9204,#9205);
#8340=AXIS2_PLACEMENT_3D('',#11199,#9209,#9210);
#8341=AXIS2_PLACEMENT_3D('',#11202,#9213,#9214);
#8342=AXIS2_PLACEMENT_3D('',#11211,#9219,#9220);
#8343=AXIS2_PLACEMENT_3D('',#11217,#9224,#9225);
#8344=AXIS2_PLACEMENT_3D('',#11223,#9229,#9230);
#8345=AXIS2_PLACEMENT_3D('',#11226,#9233,#9234);
#8346=AXIS2_PLACEMENT_3D('',#11235,#9239,#9240);
#8347=AXIS2_PLACEMENT_3D('',#11241,#9244,#9245);
#8348=AXIS2_PLACEMENT_3D('',#11247,#9249,#9250);
#8349=AXIS2_PLACEMENT_3D('',#11250,#9253,#9254);
#8350=AXIS2_PLACEMENT_3D('',#11259,#9259,#9260);
#8351=AXIS2_PLACEMENT_3D('',#11265,#9264,#9265);
#8352=AXIS2_PLACEMENT_3D('',#11271,#9269,#9270);
#8353=AXIS2_PLACEMENT_3D('',#11274,#9273,#9274);
#8354=AXIS2_PLACEMENT_3D('',#11283,#9279,#9280);
#8355=AXIS2_PLACEMENT_3D('',#11289,#9284,#9285);
#8356=AXIS2_PLACEMENT_3D('',#11295,#9289,#9290);
#8357=AXIS2_PLACEMENT_3D('',#11298,#9293,#9294);
#8358=AXIS2_PLACEMENT_3D('',#11307,#9299,#9300);
#8359=AXIS2_PLACEMENT_3D('',#11313,#9304,#9305);
#8360=AXIS2_PLACEMENT_3D('',#11319,#9309,#9310);
#8361=AXIS2_PLACEMENT_3D('',#11322,#9313,#9314);
#8362=AXIS2_PLACEMENT_3D('',#11331,#9319,#9320);
#8363=AXIS2_PLACEMENT_3D('',#11337,#9324,#9325);
#8364=AXIS2_PLACEMENT_3D('',#11343,#9329,#9330);
#8365=AXIS2_PLACEMENT_3D('',#11346,#9333,#9334);
#8366=AXIS2_PLACEMENT_3D('',#11355,#9339,#9340);
#8367=AXIS2_PLACEMENT_3D('',#11361,#9344,#9345);
#8368=AXIS2_PLACEMENT_3D('',#11367,#9349,#9350);
#8369=AXIS2_PLACEMENT_3D('',#11370,#9353,#9354);
#8370=AXIS2_PLACEMENT_3D('',#11379,#9359,#9360);
#8371=AXIS2_PLACEMENT_3D('',#11385,#9364,#9365);
#8372=AXIS2_PLACEMENT_3D('',#11391,#9369,#9370);
#8373=AXIS2_PLACEMENT_3D('',#11394,#9373,#9374);
#8374=AXIS2_PLACEMENT_3D('',#11403,#9379,#9380);
#8375=AXIS2_PLACEMENT_3D('',#11409,#9384,#9385);
#8376=AXIS2_PLACEMENT_3D('',#11415,#9389,#9390);
#8377=AXIS2_PLACEMENT_3D('',#11418,#9393,#9394);
#8378=AXIS2_PLACEMENT_3D('',#11427,#9399,#9400);
#8379=AXIS2_PLACEMENT_3D('',#11433,#9404,#9405);
#8380=AXIS2_PLACEMENT_3D('',#11439,#9409,#9410);
#8381=AXIS2_PLACEMENT_3D('',#11442,#9413,#9414);
#8382=AXIS2_PLACEMENT_3D('',#11451,#9419,#9420);
#8383=AXIS2_PLACEMENT_3D('',#11457,#9424,#9425);
#8384=AXIS2_PLACEMENT_3D('',#11463,#9429,#9430);
#8385=AXIS2_PLACEMENT_3D('',#11466,#9433,#9434);
#8386=AXIS2_PLACEMENT_3D('',#11475,#9439,#9440);
#8387=AXIS2_PLACEMENT_3D('',#11481,#9444,#9445);
#8388=AXIS2_PLACEMENT_3D('',#11487,#9449,#9450);
#8389=AXIS2_PLACEMENT_3D('',#11490,#9453,#9454);
#8390=AXIS2_PLACEMENT_3D('',#11499,#9459,#9460);
#8391=AXIS2_PLACEMENT_3D('',#11505,#9464,#9465);
#8392=AXIS2_PLACEMENT_3D('',#11511,#9469,#9470);
#8393=AXIS2_PLACEMENT_3D('',#11514,#9473,#9474);
#8394=AXIS2_PLACEMENT_3D('',#11523,#9479,#9480);
#8395=AXIS2_PLACEMENT_3D('',#11529,#9484,#9485);
#8396=AXIS2_PLACEMENT_3D('',#11535,#9489,#9490);
#8397=AXIS2_PLACEMENT_3D('',#11538,#9493,#9494);
#8398=AXIS2_PLACEMENT_3D('',#11547,#9499,#9500);
#8399=AXIS2_PLACEMENT_3D('',#11553,#9504,#9505);
#8400=AXIS2_PLACEMENT_3D('',#11559,#9509,#9510);
#8401=AXIS2_PLACEMENT_3D('',#11562,#9513,#9514);
#8402=AXIS2_PLACEMENT_3D('',#11571,#9519,#9520);
#8403=AXIS2_PLACEMENT_3D('',#11577,#9524,#9525);
#8404=AXIS2_PLACEMENT_3D('',#11583,#9529,#9530);
#8405=AXIS2_PLACEMENT_3D('',#11586,#9533,#9534);
#8406=AXIS2_PLACEMENT_3D('',#11595,#9539,#9540);
#8407=AXIS2_PLACEMENT_3D('',#11601,#9544,#9545);
#8408=AXIS2_PLACEMENT_3D('',#11607,#9549,#9550);
#8409=AXIS2_PLACEMENT_3D('',#11610,#9553,#9554);
#8410=AXIS2_PLACEMENT_3D('',#11619,#9559,#9560);
#8411=AXIS2_PLACEMENT_3D('',#11625,#9564,#9565);
#8412=AXIS2_PLACEMENT_3D('',#11631,#9569,#9570);
#8413=AXIS2_PLACEMENT_3D('',#11634,#9573,#9574);
#8414=AXIS2_PLACEMENT_3D('',#11643,#9579,#9580);
#8415=AXIS2_PLACEMENT_3D('',#11649,#9584,#9585);
#8416=AXIS2_PLACEMENT_3D('',#11655,#9589,#9590);
#8417=AXIS2_PLACEMENT_3D('',#11658,#9593,#9594);
#8418=AXIS2_PLACEMENT_3D('',#11667,#9599,#9600);
#8419=AXIS2_PLACEMENT_3D('',#11673,#9604,#9605);
#8420=AXIS2_PLACEMENT_3D('',#11679,#9609,#9610);
#8421=AXIS2_PLACEMENT_3D('',#11682,#9613,#9614);
#8422=AXIS2_PLACEMENT_3D('',#11691,#9619,#9620);
#8423=AXIS2_PLACEMENT_3D('',#11697,#9624,#9625);
#8424=AXIS2_PLACEMENT_3D('',#11703,#9629,#9630);
#8425=AXIS2_PLACEMENT_3D('',#11706,#9633,#9634);
#8426=AXIS2_PLACEMENT_3D('',#11715,#9639,#9640);
#8427=AXIS2_PLACEMENT_3D('',#11721,#9644,#9645);
#8428=AXIS2_PLACEMENT_3D('',#11727,#9649,#9650);
#8429=AXIS2_PLACEMENT_3D('',#11730,#9653,#9654);
#8430=AXIS2_PLACEMENT_3D('',#11739,#9659,#9660);
#8431=AXIS2_PLACEMENT_3D('',#11745,#9664,#9665);
#8432=AXIS2_PLACEMENT_3D('',#11751,#9669,#9670);
#8433=AXIS2_PLACEMENT_3D('',#11754,#9673,#9674);
#8434=AXIS2_PLACEMENT_3D('',#11763,#9679,#9680);
#8435=AXIS2_PLACEMENT_3D('',#11769,#9684,#9685);
#8436=AXIS2_PLACEMENT_3D('',#11775,#9689,#9690);
#8437=AXIS2_PLACEMENT_3D('',#11778,#9693,#9694);
#8438=AXIS2_PLACEMENT_3D('',#11787,#9699,#9700);
#8439=AXIS2_PLACEMENT_3D('',#11793,#9704,#9705);
#8440=AXIS2_PLACEMENT_3D('',#11799,#9709,#9710);
#8441=AXIS2_PLACEMENT_3D('',#11802,#9713,#9714);
#8442=AXIS2_PLACEMENT_3D('',#11811,#9719,#9720);
#8443=AXIS2_PLACEMENT_3D('',#11817,#9724,#9725);
#8444=AXIS2_PLACEMENT_3D('',#11823,#9729,#9730);
#8445=AXIS2_PLACEMENT_3D('',#11826,#9733,#9734);
#8446=AXIS2_PLACEMENT_3D('',#11835,#9739,#9740);
#8447=AXIS2_PLACEMENT_3D('',#11841,#9744,#9745);
#8448=AXIS2_PLACEMENT_3D('',#11847,#9749,#9750);
#8449=AXIS2_PLACEMENT_3D('',#11850,#9753,#9754);
#8450=AXIS2_PLACEMENT_3D('',#11859,#9759,#9760);
#8451=AXIS2_PLACEMENT_3D('',#11865,#9764,#9765);
#8452=AXIS2_PLACEMENT_3D('',#11871,#9769,#9770);
#8453=AXIS2_PLACEMENT_3D('',#11874,#9773,#9774);
#8454=AXIS2_PLACEMENT_3D('',#11883,#9779,#9780);
#8455=AXIS2_PLACEMENT_3D('',#11889,#9784,#9785);
#8456=AXIS2_PLACEMENT_3D('',#11895,#9789,#9790);
#8457=AXIS2_PLACEMENT_3D('',#11898,#9793,#9794);
#8458=AXIS2_PLACEMENT_3D('',#11907,#9799,#9800);
#8459=AXIS2_PLACEMENT_3D('',#11913,#9804,#9805);
#8460=AXIS2_PLACEMENT_3D('',#11919,#9809,#9810);
#8461=AXIS2_PLACEMENT_3D('',#11922,#9813,#9814);
#8462=AXIS2_PLACEMENT_3D('',#11931,#9819,#9820);
#8463=AXIS2_PLACEMENT_3D('',#11937,#9824,#9825);
#8464=AXIS2_PLACEMENT_3D('',#11943,#9829,#9830);
#8465=AXIS2_PLACEMENT_3D('',#11946,#9833,#9834);
#8466=AXIS2_PLACEMENT_3D('',#11955,#9839,#9840);
#8467=AXIS2_PLACEMENT_3D('',#11961,#9844,#9845);
#8468=AXIS2_PLACEMENT_3D('',#11967,#9849,#9850);
#8469=AXIS2_PLACEMENT_3D('',#11970,#9853,#9854);
#8470=AXIS2_PLACEMENT_3D('',#11979,#9859,#9860);
#8471=AXIS2_PLACEMENT_3D('',#11985,#9864,#9865);
#8472=AXIS2_PLACEMENT_3D('',#11991,#9869,#9870);
#8473=AXIS2_PLACEMENT_3D('',#11994,#9873,#9874);
#8474=AXIS2_PLACEMENT_3D('',#12003,#9879,#9880);
#8475=AXIS2_PLACEMENT_3D('',#12009,#9884,#9885);
#8476=AXIS2_PLACEMENT_3D('',#12015,#9889,#9890);
#8477=AXIS2_PLACEMENT_3D('',#12018,#9893,#9894);
#8478=AXIS2_PLACEMENT_3D('',#12027,#9899,#9900);
#8479=AXIS2_PLACEMENT_3D('',#12033,#9904,#9905);
#8480=AXIS2_PLACEMENT_3D('',#12039,#9909,#9910);
#8481=AXIS2_PLACEMENT_3D('',#12042,#9913,#9914);
#8482=AXIS2_PLACEMENT_3D('',#12051,#9919,#9920);
#8483=AXIS2_PLACEMENT_3D('',#12057,#9924,#9925);
#8484=AXIS2_PLACEMENT_3D('',#12063,#9929,#9930);
#8485=AXIS2_PLACEMENT_3D('',#12066,#9933,#9934);
#8486=AXIS2_PLACEMENT_3D('',#12075,#9939,#9940);
#8487=AXIS2_PLACEMENT_3D('',#12081,#9944,#9945);
#8488=AXIS2_PLACEMENT_3D('',#12087,#9949,#9950);
#8489=AXIS2_PLACEMENT_3D('',#12090,#9953,#9954);
#8490=AXIS2_PLACEMENT_3D('',#12099,#9959,#9960);
#8491=AXIS2_PLACEMENT_3D('',#12105,#9964,#9965);
#8492=AXIS2_PLACEMENT_3D('',#12111,#9969,#9970);
#8493=AXIS2_PLACEMENT_3D('',#12114,#9973,#9974);
#8494=AXIS2_PLACEMENT_3D('',#12123,#9979,#9980);
#8495=AXIS2_PLACEMENT_3D('',#12129,#9984,#9985);
#8496=AXIS2_PLACEMENT_3D('',#12135,#9989,#9990);
#8497=AXIS2_PLACEMENT_3D('',#12138,#9993,#9994);
#8498=AXIS2_PLACEMENT_3D('',#12147,#9999,#10000);
#8499=AXIS2_PLACEMENT_3D('',#12153,#10004,#10005);
#8500=AXIS2_PLACEMENT_3D('',#12159,#10009,#10010);
#8501=AXIS2_PLACEMENT_3D('',#12162,#10013,#10014);
#8502=AXIS2_PLACEMENT_3D('',#12171,#10019,#10020);
#8503=AXIS2_PLACEMENT_3D('',#12177,#10024,#10025);
#8504=AXIS2_PLACEMENT_3D('',#12183,#10029,#10030);
#8505=AXIS2_PLACEMENT_3D('',#12186,#10033,#10034);
#8506=AXIS2_PLACEMENT_3D('',#12195,#10039,#10040);
#8507=AXIS2_PLACEMENT_3D('',#12201,#10044,#10045);
#8508=AXIS2_PLACEMENT_3D('',#12207,#10049,#10050);
#8509=AXIS2_PLACEMENT_3D('',#12210,#10053,#10054);
#8510=AXIS2_PLACEMENT_3D('',#12219,#10059,#10060);
#8511=AXIS2_PLACEMENT_3D('',#12225,#10064,#10065);
#8512=AXIS2_PLACEMENT_3D('',#12231,#10069,#10070);
#8513=AXIS2_PLACEMENT_3D('',#12234,#10073,#10074);
#8514=AXIS2_PLACEMENT_3D('',#12243,#10079,#10080);
#8515=AXIS2_PLACEMENT_3D('',#12249,#10084,#10085);
#8516=AXIS2_PLACEMENT_3D('',#12255,#10089,#10090);
#8517=AXIS2_PLACEMENT_3D('',#12258,#10093,#10094);
#8518=AXIS2_PLACEMENT_3D('',#12267,#10099,#10100);
#8519=AXIS2_PLACEMENT_3D('',#12273,#10104,#10105);
#8520=AXIS2_PLACEMENT_3D('',#12279,#10109,#10110);
#8521=AXIS2_PLACEMENT_3D('',#12282,#10113,#10114);
#8522=AXIS2_PLACEMENT_3D('',#12291,#10119,#10120);
#8523=AXIS2_PLACEMENT_3D('',#12297,#10124,#10125);
#8524=AXIS2_PLACEMENT_3D('',#12303,#10129,#10130);
#8525=AXIS2_PLACEMENT_3D('',#12306,#10133,#10134);
#8526=AXIS2_PLACEMENT_3D('',#12315,#10139,#10140);
#8527=AXIS2_PLACEMENT_3D('',#12321,#10144,#10145);
#8528=AXIS2_PLACEMENT_3D('',#12327,#10149,#10150);
#8529=AXIS2_PLACEMENT_3D('',#12330,#10153,#10154);
#8530=AXIS2_PLACEMENT_3D('',#12339,#10159,#10160);
#8531=AXIS2_PLACEMENT_3D('',#12345,#10164,#10165);
#8532=AXIS2_PLACEMENT_3D('',#12351,#10169,#10170);
#8533=AXIS2_PLACEMENT_3D('',#12354,#10173,#10174);
#8534=AXIS2_PLACEMENT_3D('',#12363,#10179,#10180);
#8535=AXIS2_PLACEMENT_3D('',#12369,#10184,#10185);
#8536=AXIS2_PLACEMENT_3D('',#12375,#10189,#10190);
#8537=AXIS2_PLACEMENT_3D('',#12378,#10193,#10194);
#8538=AXIS2_PLACEMENT_3D('',#12387,#10199,#10200);
#8539=AXIS2_PLACEMENT_3D('',#12393,#10204,#10205);
#8540=AXIS2_PLACEMENT_3D('',#12399,#10209,#10210);
#8541=AXIS2_PLACEMENT_3D('',#12402,#10213,#10214);
#8542=AXIS2_PLACEMENT_3D('',#12411,#10219,#10220);
#8543=AXIS2_PLACEMENT_3D('',#12417,#10224,#10225);
#8544=AXIS2_PLACEMENT_3D('',#12423,#10229,#10230);
#8545=AXIS2_PLACEMENT_3D('',#12426,#10233,#10234);
#8546=AXIS2_PLACEMENT_3D('',#12435,#10239,#10240);
#8547=AXIS2_PLACEMENT_3D('',#12441,#10244,#10245);
#8548=AXIS2_PLACEMENT_3D('',#12447,#10249,#10250);
#8549=AXIS2_PLACEMENT_3D('',#12450,#10253,#10254);
#8550=AXIS2_PLACEMENT_3D('',#12459,#10259,#10260);
#8551=AXIS2_PLACEMENT_3D('',#12465,#10264,#10265);
#8552=AXIS2_PLACEMENT_3D('',#12471,#10269,#10270);
#8553=AXIS2_PLACEMENT_3D('',#12474,#10273,#10274);
#8554=AXIS2_PLACEMENT_3D('',#12483,#10279,#10280);
#8555=AXIS2_PLACEMENT_3D('',#12489,#10284,#10285);
#8556=AXIS2_PLACEMENT_3D('',#12495,#10289,#10290);
#8557=AXIS2_PLACEMENT_3D('',#12498,#10293,#10294);
#8558=AXIS2_PLACEMENT_3D('',#12507,#10299,#10300);
#8559=AXIS2_PLACEMENT_3D('',#12513,#10304,#10305);
#8560=AXIS2_PLACEMENT_3D('',#12519,#10309,#10310);
#8561=AXIS2_PLACEMENT_3D('',#12522,#10313,#10314);
#8562=AXIS2_PLACEMENT_3D('',#12531,#10319,#10320);
#8563=AXIS2_PLACEMENT_3D('',#12537,#10324,#10325);
#8564=AXIS2_PLACEMENT_3D('',#12543,#10329,#10330);
#8565=AXIS2_PLACEMENT_3D('',#12546,#10333,#10334);
#8566=AXIS2_PLACEMENT_3D('',#12555,#10339,#10340);
#8567=AXIS2_PLACEMENT_3D('',#12561,#10344,#10345);
#8568=AXIS2_PLACEMENT_3D('',#12567,#10349,#10350);
#8569=AXIS2_PLACEMENT_3D('',#12570,#10353,#10354);
#8570=AXIS2_PLACEMENT_3D('',#12579,#10359,#10360);
#8571=AXIS2_PLACEMENT_3D('',#12585,#10364,#10365);
#8572=AXIS2_PLACEMENT_3D('',#12591,#10369,#10370);
#8573=AXIS2_PLACEMENT_3D('',#12594,#10373,#10374);
#8574=AXIS2_PLACEMENT_3D('',#12603,#10379,#10380);
#8575=AXIS2_PLACEMENT_3D('',#12609,#10384,#10385);
#8576=AXIS2_PLACEMENT_3D('',#12615,#10389,#10390);
#8577=AXIS2_PLACEMENT_3D('',#12618,#10393,#10394);
#8578=AXIS2_PLACEMENT_3D('',#12627,#10399,#10400);
#8579=AXIS2_PLACEMENT_3D('',#12633,#10404,#10405);
#8580=AXIS2_PLACEMENT_3D('',#12639,#10409,#10410);
#8581=AXIS2_PLACEMENT_3D('',#12642,#10413,#10414);
#8582=AXIS2_PLACEMENT_3D('',#12651,#10419,#10420);
#8583=AXIS2_PLACEMENT_3D('',#12657,#10424,#10425);
#8584=AXIS2_PLACEMENT_3D('',#12663,#10429,#10430);
#8585=AXIS2_PLACEMENT_3D('',#12666,#10433,#10434);
#8586=AXIS2_PLACEMENT_3D('',#12675,#10439,#10440);
#8587=AXIS2_PLACEMENT_3D('',#12681,#10444,#10445);
#8588=AXIS2_PLACEMENT_3D('',#12687,#10449,#10450);
#8589=AXIS2_PLACEMENT_3D('',#12690,#10453,#10454);
#8590=AXIS2_PLACEMENT_3D('',#12691,#10455,#10456);
#8591=DIRECTION('axis',(0.,0.,1.));
#8592=DIRECTION('refdir',(1.,0.,0.));
#8593=DIRECTION('center_axis',(0.,-1.,0.));
#8594=DIRECTION('ref_axis',(1.,0.,0.));
#8595=DIRECTION('',(-1.,0.,0.));
#8596=DIRECTION('',(0.,0.,1.));
#8597=DIRECTION('',(1.,0.,0.));
#8598=DIRECTION('',(0.,0.,1.));
#8599=DIRECTION('center_axis',(-1.,0.,0.));
#8600=DIRECTION('ref_axis',(0.,-1.,0.));
#8601=DIRECTION('',(0.,1.,0.));
#8602=DIRECTION('',(0.,-1.,0.));
#8603=DIRECTION('',(0.,0.,1.));
#8604=DIRECTION('center_axis',(0.,1.,0.));
#8605=DIRECTION('ref_axis',(-1.,0.,0.));
#8606=DIRECTION('',(1.,0.,0.));
#8607=DIRECTION('',(-1.,0.,0.));
#8608=DIRECTION('',(0.,0.,1.));
#8609=DIRECTION('center_axis',(1.,0.,0.));
#8610=DIRECTION('ref_axis',(0.,1.,0.));
#8611=DIRECTION('',(0.,-1.,0.));
#8612=DIRECTION('',(0.,1.,0.));
#8613=DIRECTION('center_axis',(0.,-1.,0.));
#8614=DIRECTION('ref_axis',(1.,0.,0.));
#8615=DIRECTION('',(-1.,0.,0.));
#8616=DIRECTION('',(0.,0.,1.));
#8617=DIRECTION('',(1.,0.,0.));
#8618=DIRECTION('',(0.,0.,1.));
#8619=DIRECTION('center_axis',(-1.,0.,0.));
#8620=DIRECTION('ref_axis',(0.,-1.,0.));
#8621=DIRECTION('',(0.,1.,0.));
#8622=DIRECTION('',(0.,-1.,0.));
#8623=DIRECTION('',(0.,0.,1.));
#8624=DIRECTION('center_axis',(0.,1.,0.));
#8625=DIRECTION('ref_axis',(-1.,0.,0.));
#8626=DIRECTION('',(1.,0.,0.));
#8627=DIRECTION('',(-1.,0.,0.));
#8628=DIRECTION('',(0.,0.,1.));
#8629=DIRECTION('center_axis',(1.,0.,0.));
#8630=DIRECTION('ref_axis',(0.,1.,0.));
#8631=DIRECTION('',(0.,-1.,0.));
#8632=DIRECTION('',(0.,1.,0.));
#8633=DIRECTION('center_axis',(0.,-1.,0.));
#8634=DIRECTION('ref_axis',(1.,0.,0.));
#8635=DIRECTION('',(-1.,0.,0.));
#8636=DIRECTION('',(0.,0.,1.));
#8637=DIRECTION('',(1.,0.,0.));
#8638=DIRECTION('',(0.,0.,1.));
#8639=DIRECTION('center_axis',(-1.,0.,0.));
#8640=DIRECTION('ref_axis',(0.,-1.,0.));
#8641=DIRECTION('',(0.,1.,0.));
#8642=DIRECTION('',(0.,-1.,0.));
#8643=DIRECTION('',(0.,0.,1.));
#8644=DIRECTION('center_axis',(0.,1.,0.));
#8645=DIRECTION('ref_axis',(-1.,0.,0.));
#8646=DIRECTION('',(1.,0.,0.));
#8647=DIRECTION('',(-1.,0.,0.));
#8648=DIRECTION('',(0.,0.,1.));
#8649=DIRECTION('center_axis',(1.,0.,0.));
#8650=DIRECTION('ref_axis',(0.,1.,0.));
#8651=DIRECTION('',(0.,-1.,0.));
#8652=DIRECTION('',(0.,1.,0.));
#8653=DIRECTION('center_axis',(0.,-1.,0.));
#8654=DIRECTION('ref_axis',(1.,0.,0.));
#8655=DIRECTION('',(-1.,0.,0.));
#8656=DIRECTION('',(0.,0.,1.));
#8657=DIRECTION('',(1.,0.,0.));
#8658=DIRECTION('',(0.,0.,1.));
#8659=DIRECTION('center_axis',(-1.,0.,0.));
#8660=DIRECTION('ref_axis',(0.,-1.,0.));
#8661=DIRECTION('',(0.,1.,0.));
#8662=DIRECTION('',(0.,-1.,0.));
#8663=DIRECTION('',(0.,0.,1.));
#8664=DIRECTION('center_axis',(0.,1.,0.));
#8665=DIRECTION('ref_axis',(-1.,0.,0.));
#8666=DIRECTION('',(1.,0.,0.));
#8667=DIRECTION('',(-1.,0.,0.));
#8668=DIRECTION('',(0.,0.,1.));
#8669=DIRECTION('center_axis',(1.,0.,0.));
#8670=DIRECTION('ref_axis',(0.,1.,0.));
#8671=DIRECTION('',(0.,-1.,0.));
#8672=DIRECTION('',(0.,1.,0.));
#8673=DIRECTION('center_axis',(0.,-1.,0.));
#8674=DIRECTION('ref_axis',(1.,0.,0.));
#8675=DIRECTION('',(-1.,0.,0.));
#8676=DIRECTION('',(0.,0.,1.));
#8677=DIRECTION('',(1.,0.,0.));
#8678=DIRECTION('',(0.,0.,1.));
#8679=DIRECTION('center_axis',(-1.,0.,0.));
#8680=DIRECTION('ref_axis',(0.,-1.,0.));
#8681=DIRECTION('',(0.,1.,0.));
#8682=DIRECTION('',(0.,-1.,0.));
#8683=DIRECTION('',(0.,0.,1.));
#8684=DIRECTION('center_axis',(0.,1.,0.));
#8685=DIRECTION('ref_axis',(-1.,0.,0.));
#8686=DIRECTION('',(1.,0.,0.));
#8687=DIRECTION('',(-1.,0.,0.));
#8688=DIRECTION('',(0.,0.,1.));
#8689=DIRECTION('center_axis',(1.,0.,0.));
#8690=DIRECTION('ref_axis',(0.,1.,0.));
#8691=DIRECTION('',(0.,-1.,0.));
#8692=DIRECTION('',(0.,1.,0.));
#8693=DIRECTION('center_axis',(0.,-1.,0.));
#8694=DIRECTION('ref_axis',(1.,0.,0.));
#8695=DIRECTION('',(-1.,0.,0.));
#8696=DIRECTION('',(0.,0.,1.));
#8697=DIRECTION('',(1.,0.,0.));
#8698=DIRECTION('',(0.,0.,1.));
#8699=DIRECTION('center_axis',(-1.,3.96508223080413E-17,0.));
#8700=DIRECTION('ref_axis',(-3.96508223080413E-17,-1.,0.));
#8701=DIRECTION('',(3.96508223080413E-17,1.,0.));
#8702=DIRECTION('',(-3.96508223080413E-17,-1.,0.));
#8703=DIRECTION('',(0.,0.,1.));
#8704=DIRECTION('center_axis',(0.,1.,0.));
#8705=DIRECTION('ref_axis',(-1.,0.,0.));
#8706=DIRECTION('',(1.,0.,0.));
#8707=DIRECTION('',(-1.,0.,0.));
#8708=DIRECTION('',(0.,0.,1.));
#8709=DIRECTION('center_axis',(1.,0.,0.));
#8710=DIRECTION('ref_axis',(0.,1.,0.));
#8711=DIRECTION('',(0.,-1.,0.));
#8712=DIRECTION('',(0.,1.,0.));
#8713=DIRECTION('center_axis',(0.,-1.,0.));
#8714=DIRECTION('ref_axis',(1.,0.,0.));
#8715=DIRECTION('',(-1.,0.,0.));
#8716=DIRECTION('',(0.,0.,1.));
#8717=DIRECTION('',(1.,0.,0.));
#8718=DIRECTION('',(0.,0.,1.));
#8719=DIRECTION('center_axis',(-1.,0.,0.));
#8720=DIRECTION('ref_axis',(0.,-1.,0.));
#8721=DIRECTION('',(0.,1.,0.));
#8722=DIRECTION('',(0.,-1.,0.));
#8723=DIRECTION('',(0.,0.,1.));
#8724=DIRECTION('center_axis',(0.,1.,0.));
#8725=DIRECTION('ref_axis',(-1.,0.,0.));
#8726=DIRECTION('',(1.,0.,0.));
#8727=DIRECTION('',(-1.,0.,0.));
#8728=DIRECTION('',(0.,0.,1.));
#8729=DIRECTION('center_axis',(1.,0.,0.));
#8730=DIRECTION('ref_axis',(0.,1.,0.));
#8731=DIRECTION('',(0.,-1.,0.));
#8732=DIRECTION('',(0.,1.,0.));
#8733=DIRECTION('center_axis',(0.,-1.,0.));
#8734=DIRECTION('ref_axis',(1.,0.,0.));
#8735=DIRECTION('',(-1.,0.,0.));
#8736=DIRECTION('',(0.,0.,1.));
#8737=DIRECTION('',(1.,0.,0.));
#8738=DIRECTION('',(0.,0.,1.));
#8739=DIRECTION('center_axis',(-1.,0.,0.));
#8740=DIRECTION('ref_axis',(0.,-1.,0.));
#8741=DIRECTION('',(0.,1.,0.));
#8742=DIRECTION('',(0.,-1.,0.));
#8743=DIRECTION('',(0.,0.,1.));
#8744=DIRECTION('center_axis',(0.,1.,0.));
#8745=DIRECTION('ref_axis',(-1.,0.,0.));
#8746=DIRECTION('',(1.,0.,0.));
#8747=DIRECTION('',(-1.,0.,0.));
#8748=DIRECTION('',(0.,0.,1.));
#8749=DIRECTION('center_axis',(1.,0.,0.));
#8750=DIRECTION('ref_axis',(0.,1.,0.));
#8751=DIRECTION('',(0.,-1.,0.));
#8752=DIRECTION('',(0.,1.,0.));
#8753=DIRECTION('center_axis',(0.,-1.,0.));
#8754=DIRECTION('ref_axis',(1.,0.,0.));
#8755=DIRECTION('',(-1.,0.,0.));
#8756=DIRECTION('',(0.,0.,1.));
#8757=DIRECTION('',(1.,0.,0.));
#8758=DIRECTION('',(0.,0.,1.));
#8759=DIRECTION('center_axis',(-1.,0.,0.));
#8760=DIRECTION('ref_axis',(0.,-1.,0.));
#8761=DIRECTION('',(0.,1.,0.));
#8762=DIRECTION('',(0.,-1.,0.));
#8763=DIRECTION('',(0.,0.,1.));
#8764=DIRECTION('center_axis',(0.,1.,0.));
#8765=DIRECTION('ref_axis',(-1.,0.,0.));
#8766=DIRECTION('',(1.,0.,0.));
#8767=DIRECTION('',(-1.,0.,0.));
#8768=DIRECTION('',(0.,0.,1.));
#8769=DIRECTION('center_axis',(1.,0.,0.));
#8770=DIRECTION('ref_axis',(0.,1.,0.));
#8771=DIRECTION('',(0.,-1.,0.));
#8772=DIRECTION('',(0.,1.,0.));
#8773=DIRECTION('center_axis',(0.,-1.,0.));
#8774=DIRECTION('ref_axis',(1.,0.,0.));
#8775=DIRECTION('',(-1.,0.,0.));
#8776=DIRECTION('',(0.,0.,1.));
#8777=DIRECTION('',(1.,0.,0.));
#8778=DIRECTION('',(0.,0.,1.));
#8779=DIRECTION('center_axis',(-1.,0.,0.));
#8780=DIRECTION('ref_axis',(0.,-1.,0.));
#8781=DIRECTION('',(0.,1.,0.));
#8782=DIRECTION('',(0.,-1.,0.));
#8783=DIRECTION('',(0.,0.,1.));
#8784=DIRECTION('center_axis',(0.,1.,0.));
#8785=DIRECTION('ref_axis',(-1.,0.,0.));
#8786=DIRECTION('',(1.,0.,0.));
#8787=DIRECTION('',(-1.,0.,0.));
#8788=DIRECTION('',(0.,0.,1.));
#8789=DIRECTION('center_axis',(1.,0.,0.));
#8790=DIRECTION('ref_axis',(0.,1.,0.));
#8791=DIRECTION('',(0.,-1.,0.));
#8792=DIRECTION('',(0.,1.,0.));
#8793=DIRECTION('center_axis',(0.,-1.,0.));
#8794=DIRECTION('ref_axis',(1.,0.,0.));
#8795=DIRECTION('',(-1.,0.,0.));
#8796=DIRECTION('',(0.,0.,1.));
#8797=DIRECTION('',(1.,0.,0.));
#8798=DIRECTION('',(0.,0.,1.));
#8799=DIRECTION('center_axis',(-1.,0.,0.));
#8800=DIRECTION('ref_axis',(0.,-1.,0.));
#8801=DIRECTION('',(0.,1.,0.));
#8802=DIRECTION('',(0.,-1.,0.));
#8803=DIRECTION('',(0.,0.,1.));
#8804=DIRECTION('center_axis',(0.,1.,0.));
#8805=DIRECTION('ref_axis',(-1.,0.,0.));
#8806=DIRECTION('',(1.,0.,0.));
#8807=DIRECTION('',(-1.,0.,0.));
#8808=DIRECTION('',(0.,0.,1.));
#8809=DIRECTION('center_axis',(1.,0.,0.));
#8810=DIRECTION('ref_axis',(0.,1.,0.));
#8811=DIRECTION('',(0.,-1.,0.));
#8812=DIRECTION('',(0.,1.,0.));
#8813=DIRECTION('center_axis',(0.,-1.,0.));
#8814=DIRECTION('ref_axis',(1.,0.,0.));
#8815=DIRECTION('',(-1.,0.,0.));
#8816=DIRECTION('',(0.,0.,1.));
#8817=DIRECTION('',(1.,0.,0.));
#8818=DIRECTION('',(0.,0.,1.));
#8819=DIRECTION('center_axis',(-1.,0.,0.));
#8820=DIRECTION('ref_axis',(0.,-1.,0.));
#8821=DIRECTION('',(0.,1.,0.));
#8822=DIRECTION('',(0.,-1.,0.));
#8823=DIRECTION('',(0.,0.,1.));
#8824=DIRECTION('center_axis',(0.,1.,0.));
#8825=DIRECTION('ref_axis',(-1.,0.,0.));
#8826=DIRECTION('',(1.,0.,0.));
#8827=DIRECTION('',(-1.,0.,0.));
#8828=DIRECTION('',(0.,0.,1.));
#8829=DIRECTION('center_axis',(1.,0.,0.));
#8830=DIRECTION('ref_axis',(0.,1.,0.));
#8831=DIRECTION('',(0.,-1.,0.));
#8832=DIRECTION('',(0.,1.,0.));
#8833=DIRECTION('center_axis',(0.,-1.,0.));
#8834=DIRECTION('ref_axis',(1.,0.,0.));
#8835=DIRECTION('',(-1.,0.,0.));
#8836=DIRECTION('',(0.,0.,1.));
#8837=DIRECTION('',(1.,0.,0.));
#8838=DIRECTION('',(0.,0.,1.));
#8839=DIRECTION('center_axis',(-1.,0.,0.));
#8840=DIRECTION('ref_axis',(0.,-1.,0.));
#8841=DIRECTION('',(0.,1.,0.));
#8842=DIRECTION('',(0.,-1.,0.));
#8843=DIRECTION('',(0.,0.,1.));
#8844=DIRECTION('center_axis',(0.,1.,0.));
#8845=DIRECTION('ref_axis',(-1.,0.,0.));
#8846=DIRECTION('',(1.,0.,0.));
#8847=DIRECTION('',(-1.,0.,0.));
#8848=DIRECTION('',(0.,0.,1.));
#8849=DIRECTION('center_axis',(1.,0.,0.));
#8850=DIRECTION('ref_axis',(0.,1.,0.));
#8851=DIRECTION('',(0.,-1.,0.));
#8852=DIRECTION('',(0.,1.,0.));
#8853=DIRECTION('center_axis',(0.,-1.,0.));
#8854=DIRECTION('ref_axis',(1.,0.,0.));
#8855=DIRECTION('',(-1.,0.,0.));
#8856=DIRECTION('',(0.,0.,1.));
#8857=DIRECTION('',(1.,0.,0.));
#8858=DIRECTION('',(0.,0.,1.));
#8859=DIRECTION('center_axis',(-1.,0.,0.));
#8860=DIRECTION('ref_axis',(0.,-1.,0.));
#8861=DIRECTION('',(0.,1.,0.));
#8862=DIRECTION('',(0.,-1.,0.));
#8863=DIRECTION('',(0.,0.,1.));
#8864=DIRECTION('center_axis',(0.,1.,0.));
#8865=DIRECTION('ref_axis',(-1.,0.,0.));
#8866=DIRECTION('',(1.,0.,0.));
#8867=DIRECTION('',(-1.,0.,0.));
#8868=DIRECTION('',(0.,0.,1.));
#8869=DIRECTION('center_axis',(1.,0.,0.));
#8870=DIRECTION('ref_axis',(0.,1.,0.));
#8871=DIRECTION('',(0.,-1.,0.));
#8872=DIRECTION('',(0.,1.,0.));
#8873=DIRECTION('center_axis',(0.,-1.,0.));
#8874=DIRECTION('ref_axis',(1.,0.,0.));
#8875=DIRECTION('',(-1.,0.,0.));
#8876=DIRECTION('',(0.,0.,1.));
#8877=DIRECTION('',(1.,0.,0.));
#8878=DIRECTION('',(0.,0.,1.));
#8879=DIRECTION('center_axis',(-1.,0.,0.));
#8880=DIRECTION('ref_axis',(0.,-1.,0.));
#8881=DIRECTION('',(0.,1.,0.));
#8882=DIRECTION('',(0.,-1.,0.));
#8883=DIRECTION('',(0.,0.,1.));
#8884=DIRECTION('center_axis',(0.,1.,0.));
#8885=DIRECTION('ref_axis',(-1.,0.,0.));
#8886=DIRECTION('',(1.,0.,0.));
#8887=DIRECTION('',(-1.,0.,0.));
#8888=DIRECTION('',(0.,0.,1.));
#8889=DIRECTION('center_axis',(1.,0.,0.));
#8890=DIRECTION('ref_axis',(0.,1.,0.));
#8891=DIRECTION('',(0.,-1.,0.));
#8892=DIRECTION('',(0.,1.,0.));
#8893=DIRECTION('center_axis',(0.,-1.,0.));
#8894=DIRECTION('ref_axis',(1.,0.,0.));
#8895=DIRECTION('',(-1.,0.,0.));
#8896=DIRECTION('',(0.,0.,1.));
#8897=DIRECTION('',(1.,0.,0.));
#8898=DIRECTION('',(0.,0.,1.));
#8899=DIRECTION('center_axis',(-1.,0.,0.));
#8900=DIRECTION('ref_axis',(0.,-1.,0.));
#8901=DIRECTION('',(0.,1.,0.));
#8902=DIRECTION('',(0.,-1.,0.));
#8903=DIRECTION('',(0.,0.,1.));
#8904=DIRECTION('center_axis',(0.,1.,0.));
#8905=DIRECTION('ref_axis',(-1.,0.,0.));
#8906=DIRECTION('',(1.,0.,0.));
#8907=DIRECTION('',(-1.,0.,0.));
#8908=DIRECTION('',(0.,0.,1.));
#8909=DIRECTION('center_axis',(1.,0.,0.));
#8910=DIRECTION('ref_axis',(0.,1.,0.));
#8911=DIRECTION('',(0.,-1.,0.));
#8912=DIRECTION('',(0.,1.,0.));
#8913=DIRECTION('center_axis',(0.,-1.,0.));
#8914=DIRECTION('ref_axis',(1.,0.,0.));
#8915=DIRECTION('',(-1.,0.,0.));
#8916=DIRECTION('',(0.,0.,1.));
#8917=DIRECTION('',(1.,0.,0.));
#8918=DIRECTION('',(0.,0.,1.));
#8919=DIRECTION('center_axis',(-1.,0.,0.));
#8920=DIRECTION('ref_axis',(0.,-1.,0.));
#8921=DIRECTION('',(0.,1.,0.));
#8922=DIRECTION('',(0.,-1.,0.));
#8923=DIRECTION('',(0.,0.,1.));
#8924=DIRECTION('center_axis',(0.,1.,0.));
#8925=DIRECTION('ref_axis',(-1.,0.,0.));
#8926=DIRECTION('',(1.,0.,0.));
#8927=DIRECTION('',(-1.,0.,0.));
#8928=DIRECTION('',(0.,0.,1.));
#8929=DIRECTION('center_axis',(1.,0.,0.));
#8930=DIRECTION('ref_axis',(0.,1.,0.));
#8931=DIRECTION('',(0.,-1.,0.));
#8932=DIRECTION('',(0.,1.,0.));
#8933=DIRECTION('center_axis',(0.,-1.,0.));
#8934=DIRECTION('ref_axis',(1.,0.,0.));
#8935=DIRECTION('',(-1.,0.,0.));
#8936=DIRECTION('',(0.,0.,1.));
#8937=DIRECTION('',(1.,0.,0.));
#8938=DIRECTION('',(0.,0.,1.));
#8939=DIRECTION('center_axis',(-1.,0.,0.));
#8940=DIRECTION('ref_axis',(0.,-1.,0.));
#8941=DIRECTION('',(0.,1.,0.));
#8942=DIRECTION('',(0.,-1.,0.));
#8943=DIRECTION('',(0.,0.,1.));
#8944=DIRECTION('center_axis',(0.,1.,0.));
#8945=DIRECTION('ref_axis',(-1.,0.,0.));
#8946=DIRECTION('',(1.,0.,0.));
#8947=DIRECTION('',(-1.,0.,0.));
#8948=DIRECTION('',(0.,0.,1.));
#8949=DIRECTION('center_axis',(1.,0.,0.));
#8950=DIRECTION('ref_axis',(0.,1.,0.));
#8951=DIRECTION('',(0.,-1.,0.));
#8952=DIRECTION('',(0.,1.,0.));
#8953=DIRECTION('center_axis',(0.,-1.,0.));
#8954=DIRECTION('ref_axis',(1.,0.,0.));
#8955=DIRECTION('',(-1.,0.,0.));
#8956=DIRECTION('',(0.,0.,1.));
#8957=DIRECTION('',(1.,0.,0.));
#8958=DIRECTION('',(0.,0.,1.));
#8959=DIRECTION('center_axis',(-1.,0.,0.));
#8960=DIRECTION('ref_axis',(0.,-1.,0.));
#8961=DIRECTION('',(0.,1.,0.));
#8962=DIRECTION('',(0.,-1.,0.));
#8963=DIRECTION('',(0.,0.,1.));
#8964=DIRECTION('center_axis',(0.,1.,0.));
#8965=DIRECTION('ref_axis',(-1.,0.,0.));
#8966=DIRECTION('',(1.,0.,0.));
#8967=DIRECTION('',(-1.,0.,0.));
#8968=DIRECTION('',(0.,0.,1.));
#8969=DIRECTION('center_axis',(1.,0.,0.));
#8970=DIRECTION('ref_axis',(0.,1.,0.));
#8971=DIRECTION('',(0.,-1.,0.));
#8972=DIRECTION('',(0.,1.,0.));
#8973=DIRECTION('center_axis',(0.,-1.,0.));
#8974=DIRECTION('ref_axis',(1.,0.,0.));
#8975=DIRECTION('',(-1.,0.,0.));
#8976=DIRECTION('',(0.,0.,1.));
#8977=DIRECTION('',(1.,0.,0.));
#8978=DIRECTION('',(0.,0.,1.));
#8979=DIRECTION('center_axis',(-1.,0.,0.));
#8980=DIRECTION('ref_axis',(0.,-1.,0.));
#8981=DIRECTION('',(0.,1.,0.));
#8982=DIRECTION('',(0.,-1.,0.));
#8983=DIRECTION('',(0.,0.,1.));
#8984=DIRECTION('center_axis',(0.,1.,0.));
#8985=DIRECTION('ref_axis',(-1.,0.,0.));
#8986=DIRECTION('',(1.,0.,0.));
#8987=DIRECTION('',(-1.,0.,0.));
#8988=DIRECTION('',(0.,0.,1.));
#8989=DIRECTION('center_axis',(1.,0.,0.));
#8990=DIRECTION('ref_axis',(0.,1.,0.));
#8991=DIRECTION('',(0.,-1.,0.));
#8992=DIRECTION('',(0.,1.,0.));
#8993=DIRECTION('center_axis',(0.,-1.,0.));
#8994=DIRECTION('ref_axis',(1.,0.,0.));
#8995=DIRECTION('',(-1.,0.,0.));
#8996=DIRECTION('',(0.,0.,1.));
#8997=DIRECTION('',(1.,0.,0.));
#8998=DIRECTION('',(0.,0.,1.));
#8999=DIRECTION('center_axis',(-1.,0.,0.));
#9000=DIRECTION('ref_axis',(0.,-1.,0.));
#9001=DIRECTION('',(0.,1.,0.));
#9002=DIRECTION('',(0.,-1.,0.));
#9003=DIRECTION('',(0.,0.,1.));
#9004=DIRECTION('center_axis',(0.,1.,0.));
#9005=DIRECTION('ref_axis',(-1.,0.,0.));
#9006=DIRECTION('',(1.,0.,0.));
#9007=DIRECTION('',(-1.,0.,0.));
#9008=DIRECTION('',(0.,0.,1.));
#9009=DIRECTION('center_axis',(1.,0.,0.));
#9010=DIRECTION('ref_axis',(0.,1.,0.));
#9011=DIRECTION('',(0.,-1.,0.));
#9012=DIRECTION('',(0.,1.,0.));
#9013=DIRECTION('center_axis',(0.,-1.,0.));
#9014=DIRECTION('ref_axis',(1.,0.,0.));
#9015=DIRECTION('',(-1.,0.,0.));
#9016=DIRECTION('',(0.,0.,1.));
#9017=DIRECTION('',(1.,0.,0.));
#9018=DIRECTION('',(0.,0.,1.));
#9019=DIRECTION('center_axis',(-1.,0.,0.));
#9020=DIRECTION('ref_axis',(0.,-1.,0.));
#9021=DIRECTION('',(0.,1.,0.));
#9022=DIRECTION('',(0.,-1.,0.));
#9023=DIRECTION('',(0.,0.,1.));
#9024=DIRECTION('center_axis',(0.,1.,0.));
#9025=DIRECTION('ref_axis',(-1.,0.,0.));
#9026=DIRECTION('',(1.,0.,0.));
#9027=DIRECTION('',(-1.,0.,0.));
#9028=DIRECTION('',(0.,0.,1.));
#9029=DIRECTION('center_axis',(1.,0.,0.));
#9030=DIRECTION('ref_axis',(0.,1.,0.));
#9031=DIRECTION('',(0.,-1.,0.));
#9032=DIRECTION('',(0.,1.,0.));
#9033=DIRECTION('center_axis',(0.,-1.,0.));
#9034=DIRECTION('ref_axis',(1.,0.,0.));
#9035=DIRECTION('',(-1.,0.,0.));
#9036=DIRECTION('',(0.,0.,1.));
#9037=DIRECTION('',(1.,0.,0.));
#9038=DIRECTION('',(0.,0.,1.));
#9039=DIRECTION('center_axis',(-1.,0.,0.));
#9040=DIRECTION('ref_axis',(0.,-1.,0.));
#9041=DIRECTION('',(0.,1.,0.));
#9042=DIRECTION('',(0.,-1.,0.));
#9043=DIRECTION('',(0.,0.,1.));
#9044=DIRECTION('center_axis',(0.,1.,0.));
#9045=DIRECTION('ref_axis',(-1.,0.,0.));
#9046=DIRECTION('',(1.,0.,0.));
#9047=DIRECTION('',(-1.,0.,0.));
#9048=DIRECTION('',(0.,0.,1.));
#9049=DIRECTION('center_axis',(1.,0.,0.));
#9050=DIRECTION('ref_axis',(0.,1.,0.));
#9051=DIRECTION('',(0.,-1.,0.));
#9052=DIRECTION('',(0.,1.,0.));
#9053=DIRECTION('center_axis',(0.,-1.,0.));
#9054=DIRECTION('ref_axis',(1.,0.,0.));
#9055=DIRECTION('',(-1.,0.,0.));
#9056=DIRECTION('',(0.,0.,1.));
#9057=DIRECTION('',(1.,0.,0.));
#9058=DIRECTION('',(0.,0.,1.));
#9059=DIRECTION('center_axis',(-1.,0.,0.));
#9060=DIRECTION('ref_axis',(0.,-1.,0.));
#9061=DIRECTION('',(0.,1.,0.));
#9062=DIRECTION('',(0.,-1.,0.));
#9063=DIRECTION('',(0.,0.,1.));
#9064=DIRECTION('center_axis',(0.,1.,0.));
#9065=DIRECTION('ref_axis',(-1.,0.,0.));
#9066=DIRECTION('',(1.,0.,0.));
#9067=DIRECTION('',(-1.,0.,0.));
#9068=DIRECTION('',(0.,0.,1.));
#9069=DIRECTION('center_axis',(1.,0.,0.));
#9070=DIRECTION('ref_axis',(0.,1.,0.));
#9071=DIRECTION('',(0.,-1.,0.));
#9072=DIRECTION('',(0.,1.,0.));
#9073=DIRECTION('center_axis',(0.,-1.,0.));
#9074=DIRECTION('ref_axis',(1.,0.,0.));
#9075=DIRECTION('',(-1.,0.,0.));
#9076=DIRECTION('',(0.,0.,1.));
#9077=DIRECTION('',(1.,0.,0.));
#9078=DIRECTION('',(0.,0.,1.));
#9079=DIRECTION('center_axis',(-1.,0.,0.));
#9080=DIRECTION('ref_axis',(0.,-1.,0.));
#9081=DIRECTION('',(0.,1.,0.));
#9082=DIRECTION('',(0.,-1.,0.));
#9083=DIRECTION('',(0.,0.,1.));
#9084=DIRECTION('center_axis',(0.,1.,0.));
#9085=DIRECTION('ref_axis',(-1.,0.,0.));
#9086=DIRECTION('',(1.,0.,0.));
#9087=DIRECTION('',(-1.,0.,0.));
#9088=DIRECTION('',(0.,0.,1.));
#9089=DIRECTION('center_axis',(1.,0.,0.));
#9090=DIRECTION('ref_axis',(0.,1.,0.));
#9091=DIRECTION('',(0.,-1.,0.));
#9092=DIRECTION('',(0.,1.,0.));
#9093=DIRECTION('center_axis',(0.,-1.,0.));
#9094=DIRECTION('ref_axis',(1.,0.,0.));
#9095=DIRECTION('',(-1.,0.,0.));
#9096=DIRECTION('',(0.,0.,1.));
#9097=DIRECTION('',(1.,0.,0.));
#9098=DIRECTION('',(0.,0.,1.));
#9099=DIRECTION('center_axis',(-1.,0.,0.));
#9100=DIRECTION('ref_axis',(0.,-1.,0.));
#9101=DIRECTION('',(0.,1.,0.));
#9102=DIRECTION('',(0.,-1.,0.));
#9103=DIRECTION('',(0.,0.,1.));
#9104=DIRECTION('center_axis',(0.,1.,0.));
#9105=DIRECTION('ref_axis',(-1.,0.,0.));
#9106=DIRECTION('',(1.,0.,0.));
#9107=DIRECTION('',(-1.,0.,0.));
#9108=DIRECTION('',(0.,0.,1.));
#9109=DIRECTION('center_axis',(1.,0.,0.));
#9110=DIRECTION('ref_axis',(0.,1.,0.));
#9111=DIRECTION('',(0.,-1.,0.));
#9112=DIRECTION('',(0.,1.,0.));
#9113=DIRECTION('center_axis',(0.,-1.,0.));
#9114=DIRECTION('ref_axis',(1.,0.,0.));
#9115=DIRECTION('',(-1.,0.,0.));
#9116=DIRECTION('',(0.,0.,1.));
#9117=DIRECTION('',(1.,0.,0.));
#9118=DIRECTION('',(0.,0.,1.));
#9119=DIRECTION('center_axis',(-1.,0.,0.));
#9120=DIRECTION('ref_axis',(0.,-1.,0.));
#9121=DIRECTION('',(0.,1.,0.));
#9122=DIRECTION('',(0.,-1.,0.));
#9123=DIRECTION('',(0.,0.,1.));
#9124=DIRECTION('center_axis',(0.,1.,0.));
#9125=DIRECTION('ref_axis',(-1.,0.,0.));
#9126=DIRECTION('',(1.,0.,0.));
#9127=DIRECTION('',(-1.,0.,0.));
#9128=DIRECTION('',(0.,0.,1.));
#9129=DIRECTION('center_axis',(1.,0.,0.));
#9130=DIRECTION('ref_axis',(0.,1.,0.));
#9131=DIRECTION('',(0.,-1.,0.));
#9132=DIRECTION('',(0.,1.,0.));
#9133=DIRECTION('center_axis',(0.,-1.,0.));
#9134=DIRECTION('ref_axis',(1.,0.,0.));
#9135=DIRECTION('',(-1.,0.,0.));
#9136=DIRECTION('',(0.,0.,1.));
#9137=DIRECTION('',(1.,0.,0.));
#9138=DIRECTION('',(0.,0.,1.));
#9139=DIRECTION('center_axis',(-1.,0.,0.));
#9140=DIRECTION('ref_axis',(0.,-1.,0.));
#9141=DIRECTION('',(0.,1.,0.));
#9142=DIRECTION('',(0.,-1.,0.));
#9143=DIRECTION('',(0.,0.,1.));
#9144=DIRECTION('center_axis',(0.,1.,0.));
#9145=DIRECTION('ref_axis',(-1.,0.,0.));
#9146=DIRECTION('',(1.,0.,0.));
#9147=DIRECTION('',(-1.,0.,0.));
#9148=DIRECTION('',(0.,0.,1.));
#9149=DIRECTION('center_axis',(1.,0.,0.));
#9150=DIRECTION('ref_axis',(0.,1.,0.));
#9151=DIRECTION('',(0.,-1.,0.));
#9152=DIRECTION('',(0.,1.,0.));
#9153=DIRECTION('center_axis',(0.,-1.,0.));
#9154=DIRECTION('ref_axis',(1.,0.,0.));
#9155=DIRECTION('',(-1.,0.,0.));
#9156=DIRECTION('',(0.,0.,1.));
#9157=DIRECTION('',(1.,0.,0.));
#9158=DIRECTION('',(0.,0.,1.));
#9159=DIRECTION('center_axis',(-1.,0.,0.));
#9160=DIRECTION('ref_axis',(0.,-1.,0.));
#9161=DIRECTION('',(0.,1.,0.));
#9162=DIRECTION('',(0.,-1.,0.));
#9163=DIRECTION('',(0.,0.,1.));
#9164=DIRECTION('center_axis',(0.,1.,0.));
#9165=DIRECTION('ref_axis',(-1.,0.,0.));
#9166=DIRECTION('',(1.,0.,0.));
#9167=DIRECTION('',(-1.,0.,0.));
#9168=DIRECTION('',(0.,0.,1.));
#9169=DIRECTION('center_axis',(1.,0.,0.));
#9170=DIRECTION('ref_axis',(0.,1.,0.));
#9171=DIRECTION('',(0.,-1.,0.));
#9172=DIRECTION('',(0.,1.,0.));
#9173=DIRECTION('center_axis',(0.,-1.,0.));
#9174=DIRECTION('ref_axis',(1.,0.,0.));
#9175=DIRECTION('',(-1.,0.,0.));
#9176=DIRECTION('',(0.,0.,1.));
#9177=DIRECTION('',(1.,0.,0.));
#9178=DIRECTION('',(0.,0.,1.));
#9179=DIRECTION('center_axis',(-1.,0.,0.));
#9180=DIRECTION('ref_axis',(0.,-1.,0.));
#9181=DIRECTION('',(0.,1.,0.));
#9182=DIRECTION('',(0.,-1.,0.));
#9183=DIRECTION('',(0.,0.,1.));
#9184=DIRECTION('center_axis',(0.,1.,0.));
#9185=DIRECTION('ref_axis',(-1.,0.,0.));
#9186=DIRECTION('',(1.,0.,0.));
#9187=DIRECTION('',(-1.,0.,0.));
#9188=DIRECTION('',(0.,0.,1.));
#9189=DIRECTION('center_axis',(1.,0.,0.));
#9190=DIRECTION('ref_axis',(0.,1.,0.));
#9191=DIRECTION('',(0.,-1.,0.));
#9192=DIRECTION('',(0.,1.,0.));
#9193=DIRECTION('center_axis',(0.,-1.,0.));
#9194=DIRECTION('ref_axis',(1.,0.,0.));
#9195=DIRECTION('',(-1.,0.,0.));
#9196=DIRECTION('',(0.,0.,1.));
#9197=DIRECTION('',(1.,0.,0.));
#9198=DIRECTION('',(0.,0.,1.));
#9199=DIRECTION('center_axis',(-1.,0.,0.));
#9200=DIRECTION('ref_axis',(0.,-1.,0.));
#9201=DIRECTION('',(0.,1.,0.));
#9202=DIRECTION('',(0.,-1.,0.));
#9203=DIRECTION('',(0.,0.,1.));
#9204=DIRECTION('center_axis',(0.,1.,0.));
#9205=DIRECTION('ref_axis',(-1.,0.,0.));
#9206=DIRECTION('',(1.,0.,0.));
#9207=DIRECTION('',(-1.,0.,0.));
#9208=DIRECTION('',(0.,0.,1.));
#9209=DIRECTION('center_axis',(1.,0.,0.));
#9210=DIRECTION('ref_axis',(0.,1.,0.));
#9211=DIRECTION('',(0.,-1.,0.));
#9212=DIRECTION('',(0.,1.,0.));
#9213=DIRECTION('center_axis',(0.,-1.,0.));
#9214=DIRECTION('ref_axis',(1.,0.,0.));
#9215=DIRECTION('',(-1.,0.,0.));
#9216=DIRECTION('',(0.,0.,1.));
#9217=DIRECTION('',(1.,0.,0.));
#9218=DIRECTION('',(0.,0.,1.));
#9219=DIRECTION('center_axis',(-1.,0.,0.));
#9220=DIRECTION('ref_axis',(0.,-1.,0.));
#9221=DIRECTION('',(0.,1.,0.));
#9222=DIRECTION('',(0.,-1.,0.));
#9223=DIRECTION('',(0.,0.,1.));
#9224=DIRECTION('center_axis',(0.,1.,0.));
#9225=DIRECTION('ref_axis',(-1.,0.,0.));
#9226=DIRECTION('',(1.,0.,0.));
#9227=DIRECTION('',(-1.,0.,0.));
#9228=DIRECTION('',(0.,0.,1.));
#9229=DIRECTION('center_axis',(1.,0.,0.));
#9230=DIRECTION('ref_axis',(0.,1.,0.));
#9231=DIRECTION('',(0.,-1.,0.));
#9232=DIRECTION('',(0.,1.,0.));
#9233=DIRECTION('center_axis',(0.,-1.,0.));
#9234=DIRECTION('ref_axis',(1.,0.,0.));
#9235=DIRECTION('',(-1.,0.,0.));
#9236=DIRECTION('',(0.,0.,1.));
#9237=DIRECTION('',(1.,0.,0.));
#9238=DIRECTION('',(0.,0.,1.));
#9239=DIRECTION('center_axis',(-1.,0.,0.));
#9240=DIRECTION('ref_axis',(0.,-1.,0.));
#9241=DIRECTION('',(0.,1.,0.));
#9242=DIRECTION('',(0.,-1.,0.));
#9243=DIRECTION('',(0.,0.,1.));
#9244=DIRECTION('center_axis',(0.,1.,0.));
#9245=DIRECTION('ref_axis',(-1.,0.,0.));
#9246=DIRECTION('',(1.,0.,0.));
#9247=DIRECTION('',(-1.,0.,0.));
#9248=DIRECTION('',(0.,0.,1.));
#9249=DIRECTION('center_axis',(1.,0.,0.));
#9250=DIRECTION('ref_axis',(0.,1.,0.));
#9251=DIRECTION('',(0.,-1.,0.));
#9252=DIRECTION('',(0.,1.,0.));
#9253=DIRECTION('center_axis',(0.,-1.,0.));
#9254=DIRECTION('ref_axis',(1.,0.,0.));
#9255=DIRECTION('',(-1.,0.,0.));
#9256=DIRECTION('',(0.,0.,1.));
#9257=DIRECTION('',(1.,0.,0.));
#9258=DIRECTION('',(0.,0.,1.));
#9259=DIRECTION('center_axis',(-1.,0.,0.));
#9260=DIRECTION('ref_axis',(0.,-1.,0.));
#9261=DIRECTION('',(0.,1.,0.));
#9262=DIRECTION('',(0.,-1.,0.));
#9263=DIRECTION('',(0.,0.,1.));
#9264=DIRECTION('center_axis',(0.,1.,0.));
#9265=DIRECTION('ref_axis',(-1.,0.,0.));
#9266=DIRECTION('',(1.,0.,0.));
#9267=DIRECTION('',(-1.,0.,0.));
#9268=DIRECTION('',(0.,0.,1.));
#9269=DIRECTION('center_axis',(1.,0.,0.));
#9270=DIRECTION('ref_axis',(0.,1.,0.));
#9271=DIRECTION('',(0.,-1.,0.));
#9272=DIRECTION('',(0.,1.,0.));
#9273=DIRECTION('center_axis',(0.,-1.,0.));
#9274=DIRECTION('ref_axis',(1.,0.,0.));
#9275=DIRECTION('',(-1.,0.,0.));
#9276=DIRECTION('',(0.,0.,1.));
#9277=DIRECTION('',(1.,0.,0.));
#9278=DIRECTION('',(0.,0.,1.));
#9279=DIRECTION('center_axis',(-1.,0.,0.));
#9280=DIRECTION('ref_axis',(0.,-1.,0.));
#9281=DIRECTION('',(0.,1.,0.));
#9282=DIRECTION('',(0.,-1.,0.));
#9283=DIRECTION('',(0.,0.,1.));
#9284=DIRECTION('center_axis',(0.,1.,0.));
#9285=DIRECTION('ref_axis',(-1.,0.,0.));
#9286=DIRECTION('',(1.,0.,0.));
#9287=DIRECTION('',(-1.,0.,0.));
#9288=DIRECTION('',(0.,0.,1.));
#9289=DIRECTION('center_axis',(1.,0.,0.));
#9290=DIRECTION('ref_axis',(0.,1.,0.));
#9291=DIRECTION('',(0.,-1.,0.));
#9292=DIRECTION('',(0.,1.,0.));
#9293=DIRECTION('center_axis',(0.,-1.,0.));
#9294=DIRECTION('ref_axis',(1.,0.,0.));
#9295=DIRECTION('',(-1.,0.,0.));
#9296=DIRECTION('',(0.,0.,1.));
#9297=DIRECTION('',(1.,0.,0.));
#9298=DIRECTION('',(0.,0.,1.));
#9299=DIRECTION('center_axis',(-1.,0.,0.));
#9300=DIRECTION('ref_axis',(0.,-1.,0.));
#9301=DIRECTION('',(0.,1.,0.));
#9302=DIRECTION('',(0.,-1.,0.));
#9303=DIRECTION('',(0.,0.,1.));
#9304=DIRECTION('center_axis',(0.,1.,0.));
#9305=DIRECTION('ref_axis',(-1.,0.,0.));
#9306=DIRECTION('',(1.,0.,0.));
#9307=DIRECTION('',(-1.,0.,0.));
#9308=DIRECTION('',(0.,0.,1.));
#9309=DIRECTION('center_axis',(1.,0.,0.));
#9310=DIRECTION('ref_axis',(0.,1.,0.));
#9311=DIRECTION('',(0.,-1.,0.));
#9312=DIRECTION('',(0.,1.,0.));
#9313=DIRECTION('center_axis',(0.,-1.,0.));
#9314=DIRECTION('ref_axis',(1.,0.,0.));
#9315=DIRECTION('',(-1.,0.,0.));
#9316=DIRECTION('',(0.,0.,1.));
#9317=DIRECTION('',(1.,0.,0.));
#9318=DIRECTION('',(0.,0.,1.));
#9319=DIRECTION('center_axis',(-1.,0.,0.));
#9320=DIRECTION('ref_axis',(0.,-1.,0.));
#9321=DIRECTION('',(0.,1.,0.));
#9322=DIRECTION('',(0.,-1.,0.));
#9323=DIRECTION('',(0.,0.,1.));
#9324=DIRECTION('center_axis',(0.,1.,0.));
#9325=DIRECTION('ref_axis',(-1.,0.,0.));
#9326=DIRECTION('',(1.,0.,0.));
#9327=DIRECTION('',(-1.,0.,0.));
#9328=DIRECTION('',(0.,0.,1.));
#9329=DIRECTION('center_axis',(1.,0.,0.));
#9330=DIRECTION('ref_axis',(0.,1.,0.));
#9331=DIRECTION('',(0.,-1.,0.));
#9332=DIRECTION('',(0.,1.,0.));
#9333=DIRECTION('center_axis',(0.,-1.,0.));
#9334=DIRECTION('ref_axis',(1.,0.,0.));
#9335=DIRECTION('',(-1.,0.,0.));
#9336=DIRECTION('',(0.,0.,1.));
#9337=DIRECTION('',(1.,0.,0.));
#9338=DIRECTION('',(0.,0.,1.));
#9339=DIRECTION('center_axis',(-1.,0.,0.));
#9340=DIRECTION('ref_axis',(0.,-1.,0.));
#9341=DIRECTION('',(0.,1.,0.));
#9342=DIRECTION('',(0.,-1.,0.));
#9343=DIRECTION('',(0.,0.,1.));
#9344=DIRECTION('center_axis',(0.,1.,0.));
#9345=DIRECTION('ref_axis',(-1.,0.,0.));
#9346=DIRECTION('',(1.,0.,0.));
#9347=DIRECTION('',(-1.,0.,0.));
#9348=DIRECTION('',(0.,0.,1.));
#9349=DIRECTION('center_axis',(1.,0.,0.));
#9350=DIRECTION('ref_axis',(0.,1.,0.));
#9351=DIRECTION('',(0.,-1.,0.));
#9352=DIRECTION('',(0.,1.,0.));
#9353=DIRECTION('center_axis',(0.,-1.,0.));
#9354=DIRECTION('ref_axis',(1.,0.,0.));
#9355=DIRECTION('',(-1.,0.,0.));
#9356=DIRECTION('',(0.,0.,1.));
#9357=DIRECTION('',(1.,0.,0.));
#9358=DIRECTION('',(0.,0.,1.));
#9359=DIRECTION('center_axis',(-1.,0.,0.));
#9360=DIRECTION('ref_axis',(0.,-1.,0.));
#9361=DIRECTION('',(0.,1.,0.));
#9362=DIRECTION('',(0.,-1.,0.));
#9363=DIRECTION('',(0.,0.,1.));
#9364=DIRECTION('center_axis',(0.,1.,0.));
#9365=DIRECTION('ref_axis',(-1.,0.,0.));
#9366=DIRECTION('',(1.,0.,0.));
#9367=DIRECTION('',(-1.,0.,0.));
#9368=DIRECTION('',(0.,0.,1.));
#9369=DIRECTION('center_axis',(1.,0.,0.));
#9370=DIRECTION('ref_axis',(0.,1.,0.));
#9371=DIRECTION('',(0.,-1.,0.));
#9372=DIRECTION('',(0.,1.,0.));
#9373=DIRECTION('center_axis',(0.,-1.,0.));
#9374=DIRECTION('ref_axis',(1.,0.,0.));
#9375=DIRECTION('',(-1.,0.,0.));
#9376=DIRECTION('',(0.,0.,1.));
#9377=DIRECTION('',(1.,0.,0.));
#9378=DIRECTION('',(0.,0.,1.));
#9379=DIRECTION('center_axis',(-1.,0.,0.));
#9380=DIRECTION('ref_axis',(0.,-1.,0.));
#9381=DIRECTION('',(0.,1.,0.));
#9382=DIRECTION('',(0.,-1.,0.));
#9383=DIRECTION('',(0.,0.,1.));
#9384=DIRECTION('center_axis',(0.,1.,0.));
#9385=DIRECTION('ref_axis',(-1.,0.,0.));
#9386=DIRECTION('',(1.,0.,0.));
#9387=DIRECTION('',(-1.,0.,0.));
#9388=DIRECTION('',(0.,0.,1.));
#9389=DIRECTION('center_axis',(1.,0.,0.));
#9390=DIRECTION('ref_axis',(0.,1.,0.));
#9391=DIRECTION('',(0.,-1.,0.));
#9392=DIRECTION('',(0.,1.,0.));
#9393=DIRECTION('center_axis',(0.,-1.,0.));
#9394=DIRECTION('ref_axis',(1.,0.,0.));
#9395=DIRECTION('',(-1.,0.,0.));
#9396=DIRECTION('',(0.,0.,1.));
#9397=DIRECTION('',(1.,0.,0.));
#9398=DIRECTION('',(0.,0.,1.));
#9399=DIRECTION('center_axis',(-1.,0.,0.));
#9400=DIRECTION('ref_axis',(0.,-1.,0.));
#9401=DIRECTION('',(0.,1.,0.));
#9402=DIRECTION('',(0.,-1.,0.));
#9403=DIRECTION('',(0.,0.,1.));
#9404=DIRECTION('center_axis',(0.,1.,0.));
#9405=DIRECTION('ref_axis',(-1.,0.,0.));
#9406=DIRECTION('',(1.,0.,0.));
#9407=DIRECTION('',(-1.,0.,0.));
#9408=DIRECTION('',(0.,0.,1.));
#9409=DIRECTION('center_axis',(1.,0.,0.));
#9410=DIRECTION('ref_axis',(0.,1.,0.));
#9411=DIRECTION('',(0.,-1.,0.));
#9412=DIRECTION('',(0.,1.,0.));
#9413=DIRECTION('center_axis',(0.,-1.,0.));
#9414=DIRECTION('ref_axis',(1.,0.,0.));
#9415=DIRECTION('',(-1.,0.,0.));
#9416=DIRECTION('',(0.,0.,1.));
#9417=DIRECTION('',(1.,0.,0.));
#9418=DIRECTION('',(0.,0.,1.));
#9419=DIRECTION('center_axis',(-1.,0.,0.));
#9420=DIRECTION('ref_axis',(0.,-1.,0.));
#9421=DIRECTION('',(0.,1.,0.));
#9422=DIRECTION('',(0.,-1.,0.));
#9423=DIRECTION('',(0.,0.,1.));
#9424=DIRECTION('center_axis',(0.,1.,0.));
#9425=DIRECTION('ref_axis',(-1.,0.,0.));
#9426=DIRECTION('',(1.,0.,0.));
#9427=DIRECTION('',(-1.,0.,0.));
#9428=DIRECTION('',(0.,0.,1.));
#9429=DIRECTION('center_axis',(1.,0.,0.));
#9430=DIRECTION('ref_axis',(0.,1.,0.));
#9431=DIRECTION('',(0.,-1.,0.));
#9432=DIRECTION('',(0.,1.,0.));
#9433=DIRECTION('center_axis',(0.,-1.,0.));
#9434=DIRECTION('ref_axis',(1.,0.,0.));
#9435=DIRECTION('',(-1.,0.,0.));
#9436=DIRECTION('',(0.,0.,1.));
#9437=DIRECTION('',(1.,0.,0.));
#9438=DIRECTION('',(0.,0.,1.));
#9439=DIRECTION('center_axis',(-1.,0.,0.));
#9440=DIRECTION('ref_axis',(0.,-1.,0.));
#9441=DIRECTION('',(0.,1.,0.));
#9442=DIRECTION('',(0.,-1.,0.));
#9443=DIRECTION('',(0.,0.,1.));
#9444=DIRECTION('center_axis',(0.,1.,0.));
#9445=DIRECTION('ref_axis',(-1.,0.,0.));
#9446=DIRECTION('',(1.,0.,0.));
#9447=DIRECTION('',(-1.,0.,0.));
#9448=DIRECTION('',(0.,0.,1.));
#9449=DIRECTION('center_axis',(1.,0.,0.));
#9450=DIRECTION('ref_axis',(0.,1.,0.));
#9451=DIRECTION('',(0.,-1.,0.));
#9452=DIRECTION('',(0.,1.,0.));
#9453=DIRECTION('center_axis',(0.,-1.,0.));
#9454=DIRECTION('ref_axis',(1.,0.,0.));
#9455=DIRECTION('',(-1.,0.,0.));
#9456=DIRECTION('',(0.,0.,1.));
#9457=DIRECTION('',(1.,0.,0.));
#9458=DIRECTION('',(0.,0.,1.));
#9459=DIRECTION('center_axis',(-1.,0.,0.));
#9460=DIRECTION('ref_axis',(0.,-1.,0.));
#9461=DIRECTION('',(0.,1.,0.));
#9462=DIRECTION('',(0.,-1.,0.));
#9463=DIRECTION('',(0.,0.,1.));
#9464=DIRECTION('center_axis',(0.,1.,0.));
#9465=DIRECTION('ref_axis',(-1.,0.,0.));
#9466=DIRECTION('',(1.,0.,0.));
#9467=DIRECTION('',(-1.,0.,0.));
#9468=DIRECTION('',(0.,0.,1.));
#9469=DIRECTION('center_axis',(1.,0.,0.));
#9470=DIRECTION('ref_axis',(0.,1.,0.));
#9471=DIRECTION('',(0.,-1.,0.));
#9472=DIRECTION('',(0.,1.,0.));
#9473=DIRECTION('center_axis',(0.,-1.,0.));
#9474=DIRECTION('ref_axis',(1.,0.,0.));
#9475=DIRECTION('',(-1.,0.,0.));
#9476=DIRECTION('',(0.,0.,1.));
#9477=DIRECTION('',(1.,0.,0.));
#9478=DIRECTION('',(0.,0.,1.));
#9479=DIRECTION('center_axis',(-1.,0.,0.));
#9480=DIRECTION('ref_axis',(0.,-1.,0.));
#9481=DIRECTION('',(0.,1.,0.));
#9482=DIRECTION('',(0.,-1.,0.));
#9483=DIRECTION('',(0.,0.,1.));
#9484=DIRECTION('center_axis',(0.,1.,0.));
#9485=DIRECTION('ref_axis',(-1.,0.,0.));
#9486=DIRECTION('',(1.,0.,0.));
#9487=DIRECTION('',(-1.,0.,0.));
#9488=DIRECTION('',(0.,0.,1.));
#9489=DIRECTION('center_axis',(1.,0.,0.));
#9490=DIRECTION('ref_axis',(0.,1.,0.));
#9491=DIRECTION('',(0.,-1.,0.));
#9492=DIRECTION('',(0.,1.,0.));
#9493=DIRECTION('center_axis',(0.,-1.,0.));
#9494=DIRECTION('ref_axis',(1.,0.,0.));
#9495=DIRECTION('',(-1.,0.,0.));
#9496=DIRECTION('',(0.,0.,1.));
#9497=DIRECTION('',(1.,0.,0.));
#9498=DIRECTION('',(0.,0.,1.));
#9499=DIRECTION('center_axis',(-1.,0.,0.));
#9500=DIRECTION('ref_axis',(0.,-1.,0.));
#9501=DIRECTION('',(0.,1.,0.));
#9502=DIRECTION('',(0.,-1.,0.));
#9503=DIRECTION('',(0.,0.,1.));
#9504=DIRECTION('center_axis',(0.,1.,0.));
#9505=DIRECTION('ref_axis',(-1.,0.,0.));
#9506=DIRECTION('',(1.,0.,0.));
#9507=DIRECTION('',(-1.,0.,0.));
#9508=DIRECTION('',(0.,0.,1.));
#9509=DIRECTION('center_axis',(1.,0.,0.));
#9510=DIRECTION('ref_axis',(0.,1.,0.));
#9511=DIRECTION('',(0.,-1.,0.));
#9512=DIRECTION('',(0.,1.,0.));
#9513=DIRECTION('center_axis',(0.,-1.,0.));
#9514=DIRECTION('ref_axis',(1.,0.,0.));
#9515=DIRECTION('',(-1.,0.,0.));
#9516=DIRECTION('',(0.,0.,1.));
#9517=DIRECTION('',(1.,0.,0.));
#9518=DIRECTION('',(0.,0.,1.));
#9519=DIRECTION('center_axis',(-1.,0.,0.));
#9520=DIRECTION('ref_axis',(0.,-1.,0.));
#9521=DIRECTION('',(0.,1.,0.));
#9522=DIRECTION('',(0.,-1.,0.));
#9523=DIRECTION('',(0.,0.,1.));
#9524=DIRECTION('center_axis',(0.,1.,0.));
#9525=DIRECTION('ref_axis',(-1.,0.,0.));
#9526=DIRECTION('',(1.,0.,0.));
#9527=DIRECTION('',(-1.,0.,0.));
#9528=DIRECTION('',(0.,0.,1.));
#9529=DIRECTION('center_axis',(1.,0.,0.));
#9530=DIRECTION('ref_axis',(0.,1.,0.));
#9531=DIRECTION('',(0.,-1.,0.));
#9532=DIRECTION('',(0.,1.,0.));
#9533=DIRECTION('center_axis',(0.,-1.,0.));
#9534=DIRECTION('ref_axis',(1.,0.,0.));
#9535=DIRECTION('',(-1.,0.,0.));
#9536=DIRECTION('',(0.,0.,1.));
#9537=DIRECTION('',(1.,0.,0.));
#9538=DIRECTION('',(0.,0.,1.));
#9539=DIRECTION('center_axis',(-1.,0.,0.));
#9540=DIRECTION('ref_axis',(0.,-1.,0.));
#9541=DIRECTION('',(0.,1.,0.));
#9542=DIRECTION('',(0.,-1.,0.));
#9543=DIRECTION('',(0.,0.,1.));
#9544=DIRECTION('center_axis',(0.,1.,0.));
#9545=DIRECTION('ref_axis',(-1.,0.,0.));
#9546=DIRECTION('',(1.,0.,0.));
#9547=DIRECTION('',(-1.,0.,0.));
#9548=DIRECTION('',(0.,0.,1.));
#9549=DIRECTION('center_axis',(1.,0.,0.));
#9550=DIRECTION('ref_axis',(0.,1.,0.));
#9551=DIRECTION('',(0.,-1.,0.));
#9552=DIRECTION('',(0.,1.,0.));
#9553=DIRECTION('center_axis',(0.,-1.,0.));
#9554=DIRECTION('ref_axis',(1.,0.,0.));
#9555=DIRECTION('',(-1.,0.,0.));
#9556=DIRECTION('',(0.,0.,1.));
#9557=DIRECTION('',(1.,0.,0.));
#9558=DIRECTION('',(0.,0.,1.));
#9559=DIRECTION('center_axis',(-1.,0.,0.));
#9560=DIRECTION('ref_axis',(0.,-1.,0.));
#9561=DIRECTION('',(0.,1.,0.));
#9562=DIRECTION('',(0.,-1.,0.));
#9563=DIRECTION('',(0.,0.,1.));
#9564=DIRECTION('center_axis',(0.,1.,0.));
#9565=DIRECTION('ref_axis',(-1.,0.,0.));
#9566=DIRECTION('',(1.,0.,0.));
#9567=DIRECTION('',(-1.,0.,0.));
#9568=DIRECTION('',(0.,0.,1.));
#9569=DIRECTION('center_axis',(1.,0.,0.));
#9570=DIRECTION('ref_axis',(0.,1.,0.));
#9571=DIRECTION('',(0.,-1.,0.));
#9572=DIRECTION('',(0.,1.,0.));
#9573=DIRECTION('center_axis',(0.,-1.,0.));
#9574=DIRECTION('ref_axis',(1.,0.,0.));
#9575=DIRECTION('',(-1.,0.,0.));
#9576=DIRECTION('',(0.,0.,1.));
#9577=DIRECTION('',(1.,0.,0.));
#9578=DIRECTION('',(0.,0.,1.));
#9579=DIRECTION('center_axis',(-1.,0.,0.));
#9580=DIRECTION('ref_axis',(0.,-1.,0.));
#9581=DIRECTION('',(0.,1.,0.));
#9582=DIRECTION('',(0.,-1.,0.));
#9583=DIRECTION('',(0.,0.,1.));
#9584=DIRECTION('center_axis',(0.,1.,0.));
#9585=DIRECTION('ref_axis',(-1.,0.,0.));
#9586=DIRECTION('',(1.,0.,0.));
#9587=DIRECTION('',(-1.,0.,0.));
#9588=DIRECTION('',(0.,0.,1.));
#9589=DIRECTION('center_axis',(1.,0.,0.));
#9590=DIRECTION('ref_axis',(0.,1.,0.));
#9591=DIRECTION('',(0.,-1.,0.));
#9592=DIRECTION('',(0.,1.,0.));
#9593=DIRECTION('center_axis',(0.,-1.,0.));
#9594=DIRECTION('ref_axis',(1.,0.,0.));
#9595=DIRECTION('',(-1.,0.,0.));
#9596=DIRECTION('',(0.,0.,1.));
#9597=DIRECTION('',(1.,0.,0.));
#9598=DIRECTION('',(0.,0.,1.));
#9599=DIRECTION('center_axis',(-1.,0.,0.));
#9600=DIRECTION('ref_axis',(0.,-1.,0.));
#9601=DIRECTION('',(0.,1.,0.));
#9602=DIRECTION('',(0.,-1.,0.));
#9603=DIRECTION('',(0.,0.,1.));
#9604=DIRECTION('center_axis',(0.,1.,0.));
#9605=DIRECTION('ref_axis',(-1.,0.,0.));
#9606=DIRECTION('',(1.,0.,0.));
#9607=DIRECTION('',(-1.,0.,0.));
#9608=DIRECTION('',(0.,0.,1.));
#9609=DIRECTION('center_axis',(1.,0.,0.));
#9610=DIRECTION('ref_axis',(0.,1.,0.));
#9611=DIRECTION('',(0.,-1.,0.));
#9612=DIRECTION('',(0.,1.,0.));
#9613=DIRECTION('center_axis',(0.,-1.,0.));
#9614=DIRECTION('ref_axis',(1.,0.,0.));
#9615=DIRECTION('',(-1.,0.,0.));
#9616=DIRECTION('',(0.,0.,1.));
#9617=DIRECTION('',(1.,0.,0.));
#9618=DIRECTION('',(0.,0.,1.));
#9619=DIRECTION('center_axis',(-1.,0.,0.));
#9620=DIRECTION('ref_axis',(0.,-1.,0.));
#9621=DIRECTION('',(0.,1.,0.));
#9622=DIRECTION('',(0.,-1.,0.));
#9623=DIRECTION('',(0.,0.,1.));
#9624=DIRECTION('center_axis',(0.,1.,0.));
#9625=DIRECTION('ref_axis',(-1.,0.,0.));
#9626=DIRECTION('',(1.,0.,0.));
#9627=DIRECTION('',(-1.,0.,0.));
#9628=DIRECTION('',(0.,0.,1.));
#9629=DIRECTION('center_axis',(1.,0.,0.));
#9630=DIRECTION('ref_axis',(0.,1.,0.));
#9631=DIRECTION('',(0.,-1.,0.));
#9632=DIRECTION('',(0.,1.,0.));
#9633=DIRECTION('center_axis',(0.,-1.,0.));
#9634=DIRECTION('ref_axis',(1.,0.,0.));
#9635=DIRECTION('',(-1.,0.,0.));
#9636=DIRECTION('',(0.,0.,1.));
#9637=DIRECTION('',(1.,0.,0.));
#9638=DIRECTION('',(0.,0.,1.));
#9639=DIRECTION('center_axis',(-1.,0.,0.));
#9640=DIRECTION('ref_axis',(0.,-1.,0.));
#9641=DIRECTION('',(0.,1.,0.));
#9642=DIRECTION('',(0.,-1.,0.));
#9643=DIRECTION('',(0.,0.,1.));
#9644=DIRECTION('center_axis',(0.,1.,0.));
#9645=DIRECTION('ref_axis',(-1.,0.,0.));
#9646=DIRECTION('',(1.,0.,0.));
#9647=DIRECTION('',(-1.,0.,0.));
#9648=DIRECTION('',(0.,0.,1.));
#9649=DIRECTION('center_axis',(1.,0.,0.));
#9650=DIRECTION('ref_axis',(0.,1.,0.));
#9651=DIRECTION('',(0.,-1.,0.));
#9652=DIRECTION('',(0.,1.,0.));
#9653=DIRECTION('center_axis',(0.,-1.,0.));
#9654=DIRECTION('ref_axis',(1.,0.,0.));
#9655=DIRECTION('',(-1.,0.,0.));
#9656=DIRECTION('',(0.,0.,1.));
#9657=DIRECTION('',(1.,0.,0.));
#9658=DIRECTION('',(0.,0.,1.));
#9659=DIRECTION('center_axis',(-1.,-3.96508223080413E-17,0.));
#9660=DIRECTION('ref_axis',(3.96508223080413E-17,-1.,0.));
#9661=DIRECTION('',(-3.96508223080413E-17,1.,0.));
#9662=DIRECTION('',(3.96508223080413E-17,-1.,0.));
#9663=DIRECTION('',(0.,0.,1.));
#9664=DIRECTION('center_axis',(0.,1.,0.));
#9665=DIRECTION('ref_axis',(-1.,0.,0.));
#9666=DIRECTION('',(1.,0.,0.));
#9667=DIRECTION('',(-1.,0.,0.));
#9668=DIRECTION('',(0.,0.,1.));
#9669=DIRECTION('center_axis',(1.,0.,0.));
#9670=DIRECTION('ref_axis',(0.,1.,0.));
#9671=DIRECTION('',(0.,-1.,0.));
#9672=DIRECTION('',(0.,1.,0.));
#9673=DIRECTION('center_axis',(0.,-1.,0.));
#9674=DIRECTION('ref_axis',(1.,0.,0.));
#9675=DIRECTION('',(-1.,0.,0.));
#9676=DIRECTION('',(0.,0.,1.));
#9677=DIRECTION('',(1.,0.,0.));
#9678=DIRECTION('',(0.,0.,1.));
#9679=DIRECTION('center_axis',(-1.,0.,0.));
#9680=DIRECTION('ref_axis',(0.,-1.,0.));
#9681=DIRECTION('',(0.,1.,0.));
#9682=DIRECTION('',(0.,-1.,0.));
#9683=DIRECTION('',(0.,0.,1.));
#9684=DIRECTION('center_axis',(0.,1.,0.));
#9685=DIRECTION('ref_axis',(-1.,0.,0.));
#9686=DIRECTION('',(1.,0.,0.));
#9687=DIRECTION('',(-1.,0.,0.));
#9688=DIRECTION('',(0.,0.,1.));
#9689=DIRECTION('center_axis',(1.,0.,0.));
#9690=DIRECTION('ref_axis',(0.,1.,0.));
#9691=DIRECTION('',(0.,-1.,0.));
#9692=DIRECTION('',(0.,1.,0.));
#9693=DIRECTION('center_axis',(0.,-1.,0.));
#9694=DIRECTION('ref_axis',(1.,0.,0.));
#9695=DIRECTION('',(-1.,0.,0.));
#9696=DIRECTION('',(0.,0.,1.));
#9697=DIRECTION('',(1.,0.,0.));
#9698=DIRECTION('',(0.,0.,1.));
#9699=DIRECTION('center_axis',(-1.,0.,0.));
#9700=DIRECTION('ref_axis',(0.,-1.,0.));
#9701=DIRECTION('',(0.,1.,0.));
#9702=DIRECTION('',(0.,-1.,0.));
#9703=DIRECTION('',(0.,0.,1.));
#9704=DIRECTION('center_axis',(0.,1.,0.));
#9705=DIRECTION('ref_axis',(-1.,0.,0.));
#9706=DIRECTION('',(1.,0.,0.));
#9707=DIRECTION('',(-1.,0.,0.));
#9708=DIRECTION('',(0.,0.,1.));
#9709=DIRECTION('center_axis',(1.,0.,0.));
#9710=DIRECTION('ref_axis',(0.,1.,0.));
#9711=DIRECTION('',(0.,-1.,0.));
#9712=DIRECTION('',(0.,1.,0.));
#9713=DIRECTION('center_axis',(0.,-1.,0.));
#9714=DIRECTION('ref_axis',(1.,0.,0.));
#9715=DIRECTION('',(-1.,0.,0.));
#9716=DIRECTION('',(0.,0.,1.));
#9717=DIRECTION('',(1.,0.,0.));
#9718=DIRECTION('',(0.,0.,1.));
#9719=DIRECTION('center_axis',(-1.,0.,0.));
#9720=DIRECTION('ref_axis',(0.,-1.,0.));
#9721=DIRECTION('',(0.,1.,0.));
#9722=DIRECTION('',(0.,-1.,0.));
#9723=DIRECTION('',(0.,0.,1.));
#9724=DIRECTION('center_axis',(0.,1.,0.));
#9725=DIRECTION('ref_axis',(-1.,0.,0.));
#9726=DIRECTION('',(1.,0.,0.));
#9727=DIRECTION('',(-1.,0.,0.));
#9728=DIRECTION('',(0.,0.,1.));
#9729=DIRECTION('center_axis',(1.,0.,0.));
#9730=DIRECTION('ref_axis',(0.,1.,0.));
#9731=DIRECTION('',(0.,-1.,0.));
#9732=DIRECTION('',(0.,1.,0.));
#9733=DIRECTION('center_axis',(0.,-1.,0.));
#9734=DIRECTION('ref_axis',(1.,0.,0.));
#9735=DIRECTION('',(-1.,0.,0.));
#9736=DIRECTION('',(0.,0.,1.));
#9737=DIRECTION('',(1.,0.,0.));
#9738=DIRECTION('',(0.,0.,1.));
#9739=DIRECTION('center_axis',(-1.,0.,0.));
#9740=DIRECTION('ref_axis',(0.,-1.,0.));
#9741=DIRECTION('',(0.,1.,0.));
#9742=DIRECTION('',(0.,-1.,0.));
#9743=DIRECTION('',(0.,0.,1.));
#9744=DIRECTION('center_axis',(0.,1.,0.));
#9745=DIRECTION('ref_axis',(-1.,0.,0.));
#9746=DIRECTION('',(1.,0.,0.));
#9747=DIRECTION('',(-1.,0.,0.));
#9748=DIRECTION('',(0.,0.,1.));
#9749=DIRECTION('center_axis',(1.,0.,0.));
#9750=DIRECTION('ref_axis',(0.,1.,0.));
#9751=DIRECTION('',(0.,-1.,0.));
#9752=DIRECTION('',(0.,1.,0.));
#9753=DIRECTION('center_axis',(0.,-1.,0.));
#9754=DIRECTION('ref_axis',(1.,0.,0.));
#9755=DIRECTION('',(-1.,0.,0.));
#9756=DIRECTION('',(0.,0.,1.));
#9757=DIRECTION('',(1.,0.,0.));
#9758=DIRECTION('',(0.,0.,1.));
#9759=DIRECTION('center_axis',(-1.,0.,0.));
#9760=DIRECTION('ref_axis',(0.,-1.,0.));
#9761=DIRECTION('',(0.,1.,0.));
#9762=DIRECTION('',(0.,-1.,0.));
#9763=DIRECTION('',(0.,0.,1.));
#9764=DIRECTION('center_axis',(0.,1.,0.));
#9765=DIRECTION('ref_axis',(-1.,0.,0.));
#9766=DIRECTION('',(1.,0.,0.));
#9767=DIRECTION('',(-1.,0.,0.));
#9768=DIRECTION('',(0.,0.,1.));
#9769=DIRECTION('center_axis',(1.,0.,0.));
#9770=DIRECTION('ref_axis',(0.,1.,0.));
#9771=DIRECTION('',(0.,-1.,0.));
#9772=DIRECTION('',(0.,1.,0.));
#9773=DIRECTION('center_axis',(0.,-1.,0.));
#9774=DIRECTION('ref_axis',(1.,0.,0.));
#9775=DIRECTION('',(-1.,0.,0.));
#9776=DIRECTION('',(0.,0.,1.));
#9777=DIRECTION('',(1.,0.,0.));
#9778=DIRECTION('',(0.,0.,1.));
#9779=DIRECTION('center_axis',(-1.,0.,0.));
#9780=DIRECTION('ref_axis',(0.,-1.,0.));
#9781=DIRECTION('',(0.,1.,0.));
#9782=DIRECTION('',(0.,-1.,0.));
#9783=DIRECTION('',(0.,0.,1.));
#9784=DIRECTION('center_axis',(0.,1.,0.));
#9785=DIRECTION('ref_axis',(-1.,0.,0.));
#9786=DIRECTION('',(1.,0.,0.));
#9787=DIRECTION('',(-1.,0.,0.));
#9788=DIRECTION('',(0.,0.,1.));
#9789=DIRECTION('center_axis',(1.,0.,0.));
#9790=DIRECTION('ref_axis',(0.,1.,0.));
#9791=DIRECTION('',(0.,-1.,0.));
#9792=DIRECTION('',(0.,1.,0.));
#9793=DIRECTION('center_axis',(0.,-1.,0.));
#9794=DIRECTION('ref_axis',(1.,0.,0.));
#9795=DIRECTION('',(-1.,0.,0.));
#9796=DIRECTION('',(0.,0.,1.));
#9797=DIRECTION('',(1.,0.,0.));
#9798=DIRECTION('',(0.,0.,1.));
#9799=DIRECTION('center_axis',(-1.,0.,0.));
#9800=DIRECTION('ref_axis',(0.,-1.,0.));
#9801=DIRECTION('',(0.,1.,0.));
#9802=DIRECTION('',(0.,-1.,0.));
#9803=DIRECTION('',(0.,0.,1.));
#9804=DIRECTION('center_axis',(0.,1.,0.));
#9805=DIRECTION('ref_axis',(-1.,0.,0.));
#9806=DIRECTION('',(1.,0.,0.));
#9807=DIRECTION('',(-1.,0.,0.));
#9808=DIRECTION('',(0.,0.,1.));
#9809=DIRECTION('center_axis',(1.,0.,0.));
#9810=DIRECTION('ref_axis',(0.,1.,0.));
#9811=DIRECTION('',(0.,-1.,0.));
#9812=DIRECTION('',(0.,1.,0.));
#9813=DIRECTION('center_axis',(0.,-1.,0.));
#9814=DIRECTION('ref_axis',(1.,0.,0.));
#9815=DIRECTION('',(-1.,0.,0.));
#9816=DIRECTION('',(0.,0.,1.));
#9817=DIRECTION('',(1.,0.,0.));
#9818=DIRECTION('',(0.,0.,1.));
#9819=DIRECTION('center_axis',(-1.,0.,0.));
#9820=DIRECTION('ref_axis',(0.,-1.,0.));
#9821=DIRECTION('',(0.,1.,0.));
#9822=DIRECTION('',(0.,-1.,0.));
#9823=DIRECTION('',(0.,0.,1.));
#9824=DIRECTION('center_axis',(0.,1.,0.));
#9825=DIRECTION('ref_axis',(-1.,0.,0.));
#9826=DIRECTION('',(1.,0.,0.));
#9827=DIRECTION('',(-1.,0.,0.));
#9828=DIRECTION('',(0.,0.,1.));
#9829=DIRECTION('center_axis',(1.,0.,0.));
#9830=DIRECTION('ref_axis',(0.,1.,0.));
#9831=DIRECTION('',(0.,-1.,0.));
#9832=DIRECTION('',(0.,1.,0.));
#9833=DIRECTION('center_axis',(0.,-1.,0.));
#9834=DIRECTION('ref_axis',(1.,0.,0.));
#9835=DIRECTION('',(-1.,0.,0.));
#9836=DIRECTION('',(0.,0.,1.));
#9837=DIRECTION('',(1.,0.,0.));
#9838=DIRECTION('',(0.,0.,1.));
#9839=DIRECTION('center_axis',(-1.,0.,0.));
#9840=DIRECTION('ref_axis',(0.,-1.,0.));
#9841=DIRECTION('',(0.,1.,0.));
#9842=DIRECTION('',(0.,-1.,0.));
#9843=DIRECTION('',(0.,0.,1.));
#9844=DIRECTION('center_axis',(0.,1.,0.));
#9845=DIRECTION('ref_axis',(-1.,0.,0.));
#9846=DIRECTION('',(1.,0.,0.));
#9847=DIRECTION('',(-1.,0.,0.));
#9848=DIRECTION('',(0.,0.,1.));
#9849=DIRECTION('center_axis',(1.,0.,0.));
#9850=DIRECTION('ref_axis',(0.,1.,0.));
#9851=DIRECTION('',(0.,-1.,0.));
#9852=DIRECTION('',(0.,1.,0.));
#9853=DIRECTION('center_axis',(0.,-1.,0.));
#9854=DIRECTION('ref_axis',(1.,0.,0.));
#9855=DIRECTION('',(-1.,0.,0.));
#9856=DIRECTION('',(0.,0.,1.));
#9857=DIRECTION('',(1.,0.,0.));
#9858=DIRECTION('',(0.,0.,1.));
#9859=DIRECTION('center_axis',(-1.,0.,0.));
#9860=DIRECTION('ref_axis',(0.,-1.,0.));
#9861=DIRECTION('',(0.,1.,0.));
#9862=DIRECTION('',(0.,-1.,0.));
#9863=DIRECTION('',(0.,0.,1.));
#9864=DIRECTION('center_axis',(0.,1.,0.));
#9865=DIRECTION('ref_axis',(-1.,0.,0.));
#9866=DIRECTION('',(1.,0.,0.));
#9867=DIRECTION('',(-1.,0.,0.));
#9868=DIRECTION('',(0.,0.,1.));
#9869=DIRECTION('center_axis',(1.,0.,0.));
#9870=DIRECTION('ref_axis',(0.,1.,0.));
#9871=DIRECTION('',(0.,-1.,0.));
#9872=DIRECTION('',(0.,1.,0.));
#9873=DIRECTION('center_axis',(0.,-1.,0.));
#9874=DIRECTION('ref_axis',(1.,0.,0.));
#9875=DIRECTION('',(-1.,0.,0.));
#9876=DIRECTION('',(0.,0.,1.));
#9877=DIRECTION('',(1.,0.,0.));
#9878=DIRECTION('',(0.,0.,1.));
#9879=DIRECTION('center_axis',(-1.,0.,0.));
#9880=DIRECTION('ref_axis',(0.,-1.,0.));
#9881=DIRECTION('',(0.,1.,0.));
#9882=DIRECTION('',(0.,-1.,0.));
#9883=DIRECTION('',(0.,0.,1.));
#9884=DIRECTION('center_axis',(0.,1.,0.));
#9885=DIRECTION('ref_axis',(-1.,0.,0.));
#9886=DIRECTION('',(1.,0.,0.));
#9887=DIRECTION('',(-1.,0.,0.));
#9888=DIRECTION('',(0.,0.,1.));
#9889=DIRECTION('center_axis',(1.,0.,0.));
#9890=DIRECTION('ref_axis',(0.,1.,0.));
#9891=DIRECTION('',(0.,-1.,0.));
#9892=DIRECTION('',(0.,1.,0.));
#9893=DIRECTION('center_axis',(0.,-1.,0.));
#9894=DIRECTION('ref_axis',(1.,0.,0.));
#9895=DIRECTION('',(-1.,0.,0.));
#9896=DIRECTION('',(0.,0.,1.));
#9897=DIRECTION('',(1.,0.,0.));
#9898=DIRECTION('',(0.,0.,1.));
#9899=DIRECTION('center_axis',(-1.,0.,0.));
#9900=DIRECTION('ref_axis',(0.,-1.,0.));
#9901=DIRECTION('',(0.,1.,0.));
#9902=DIRECTION('',(0.,-1.,0.));
#9903=DIRECTION('',(0.,0.,1.));
#9904=DIRECTION('center_axis',(0.,1.,0.));
#9905=DIRECTION('ref_axis',(-1.,0.,0.));
#9906=DIRECTION('',(1.,0.,0.));
#9907=DIRECTION('',(-1.,0.,0.));
#9908=DIRECTION('',(0.,0.,1.));
#9909=DIRECTION('center_axis',(1.,0.,0.));
#9910=DIRECTION('ref_axis',(0.,1.,0.));
#9911=DIRECTION('',(0.,-1.,0.));
#9912=DIRECTION('',(0.,1.,0.));
#9913=DIRECTION('center_axis',(0.,-1.,0.));
#9914=DIRECTION('ref_axis',(1.,0.,0.));
#9915=DIRECTION('',(-1.,0.,0.));
#9916=DIRECTION('',(0.,0.,1.));
#9917=DIRECTION('',(1.,0.,0.));
#9918=DIRECTION('',(0.,0.,1.));
#9919=DIRECTION('center_axis',(-1.,0.,0.));
#9920=DIRECTION('ref_axis',(0.,-1.,0.));
#9921=DIRECTION('',(0.,1.,0.));
#9922=DIRECTION('',(0.,-1.,0.));
#9923=DIRECTION('',(0.,0.,1.));
#9924=DIRECTION('center_axis',(0.,1.,0.));
#9925=DIRECTION('ref_axis',(-1.,0.,0.));
#9926=DIRECTION('',(1.,0.,0.));
#9927=DIRECTION('',(-1.,0.,0.));
#9928=DIRECTION('',(0.,0.,1.));
#9929=DIRECTION('center_axis',(1.,0.,0.));
#9930=DIRECTION('ref_axis',(0.,1.,0.));
#9931=DIRECTION('',(0.,-1.,0.));
#9932=DIRECTION('',(0.,1.,0.));
#9933=DIRECTION('center_axis',(0.,-1.,0.));
#9934=DIRECTION('ref_axis',(1.,0.,0.));
#9935=DIRECTION('',(-1.,0.,0.));
#9936=DIRECTION('',(0.,0.,1.));
#9937=DIRECTION('',(1.,0.,0.));
#9938=DIRECTION('',(0.,0.,1.));
#9939=DIRECTION('center_axis',(-1.,0.,0.));
#9940=DIRECTION('ref_axis',(0.,-1.,0.));
#9941=DIRECTION('',(0.,1.,0.));
#9942=DIRECTION('',(0.,-1.,0.));
#9943=DIRECTION('',(0.,0.,1.));
#9944=DIRECTION('center_axis',(0.,1.,0.));
#9945=DIRECTION('ref_axis',(-1.,0.,0.));
#9946=DIRECTION('',(1.,0.,0.));
#9947=DIRECTION('',(-1.,0.,0.));
#9948=DIRECTION('',(0.,0.,1.));
#9949=DIRECTION('center_axis',(1.,0.,0.));
#9950=DIRECTION('ref_axis',(0.,1.,0.));
#9951=DIRECTION('',(0.,-1.,0.));
#9952=DIRECTION('',(0.,1.,0.));
#9953=DIRECTION('center_axis',(0.,-1.,0.));
#9954=DIRECTION('ref_axis',(1.,0.,0.));
#9955=DIRECTION('',(-1.,0.,0.));
#9956=DIRECTION('',(0.,0.,1.));
#9957=DIRECTION('',(1.,0.,0.));
#9958=DIRECTION('',(0.,0.,1.));
#9959=DIRECTION('center_axis',(-1.,-3.96508223080413E-17,0.));
#9960=DIRECTION('ref_axis',(3.96508223080413E-17,-1.,0.));
#9961=DIRECTION('',(-3.96508223080413E-17,1.,0.));
#9962=DIRECTION('',(3.96508223080413E-17,-1.,0.));
#9963=DIRECTION('',(0.,0.,1.));
#9964=DIRECTION('center_axis',(0.,1.,0.));
#9965=DIRECTION('ref_axis',(-1.,0.,0.));
#9966=DIRECTION('',(1.,0.,0.));
#9967=DIRECTION('',(-1.,0.,0.));
#9968=DIRECTION('',(0.,0.,1.));
#9969=DIRECTION('center_axis',(1.,0.,0.));
#9970=DIRECTION('ref_axis',(0.,1.,0.));
#9971=DIRECTION('',(0.,-1.,0.));
#9972=DIRECTION('',(0.,1.,0.));
#9973=DIRECTION('center_axis',(0.,-1.,0.));
#9974=DIRECTION('ref_axis',(1.,0.,0.));
#9975=DIRECTION('',(-1.,0.,0.));
#9976=DIRECTION('',(0.,0.,1.));
#9977=DIRECTION('',(1.,0.,0.));
#9978=DIRECTION('',(0.,0.,1.));
#9979=DIRECTION('center_axis',(-1.,0.,0.));
#9980=DIRECTION('ref_axis',(0.,-1.,0.));
#9981=DIRECTION('',(0.,1.,0.));
#9982=DIRECTION('',(0.,-1.,0.));
#9983=DIRECTION('',(0.,0.,1.));
#9984=DIRECTION('center_axis',(0.,1.,0.));
#9985=DIRECTION('ref_axis',(-1.,0.,0.));
#9986=DIRECTION('',(1.,0.,0.));
#9987=DIRECTION('',(-1.,0.,0.));
#9988=DIRECTION('',(0.,0.,1.));
#9989=DIRECTION('center_axis',(1.,0.,0.));
#9990=DIRECTION('ref_axis',(0.,1.,0.));
#9991=DIRECTION('',(0.,-1.,0.));
#9992=DIRECTION('',(0.,1.,0.));
#9993=DIRECTION('center_axis',(0.,-1.,0.));
#9994=DIRECTION('ref_axis',(1.,0.,0.));
#9995=DIRECTION('',(-1.,0.,0.));
#9996=DIRECTION('',(0.,0.,1.));
#9997=DIRECTION('',(1.,0.,0.));
#9998=DIRECTION('',(0.,0.,1.));
#9999=DIRECTION('center_axis',(-1.,0.,0.));
#10000=DIRECTION('ref_axis',(0.,-1.,0.));
#10001=DIRECTION('',(0.,1.,0.));
#10002=DIRECTION('',(0.,-1.,0.));
#10003=DIRECTION('',(0.,0.,1.));
#10004=DIRECTION('center_axis',(0.,1.,0.));
#10005=DIRECTION('ref_axis',(-1.,0.,0.));
#10006=DIRECTION('',(1.,0.,0.));
#10007=DIRECTION('',(-1.,0.,0.));
#10008=DIRECTION('',(0.,0.,1.));
#10009=DIRECTION('center_axis',(1.,0.,0.));
#10010=DIRECTION('ref_axis',(0.,1.,0.));
#10011=DIRECTION('',(0.,-1.,0.));
#10012=DIRECTION('',(0.,1.,0.));
#10013=DIRECTION('center_axis',(0.,-1.,0.));
#10014=DIRECTION('ref_axis',(1.,0.,0.));
#10015=DIRECTION('',(-1.,0.,0.));
#10016=DIRECTION('',(0.,0.,1.));
#10017=DIRECTION('',(1.,0.,0.));
#10018=DIRECTION('',(0.,0.,1.));
#10019=DIRECTION('center_axis',(-1.,0.,0.));
#10020=DIRECTION('ref_axis',(0.,-1.,0.));
#10021=DIRECTION('',(0.,1.,0.));
#10022=DIRECTION('',(0.,-1.,0.));
#10023=DIRECTION('',(0.,0.,1.));
#10024=DIRECTION('center_axis',(0.,1.,0.));
#10025=DIRECTION('ref_axis',(-1.,0.,0.));
#10026=DIRECTION('',(1.,0.,0.));
#10027=DIRECTION('',(-1.,0.,0.));
#10028=DIRECTION('',(0.,0.,1.));
#10029=DIRECTION('center_axis',(1.,0.,0.));
#10030=DIRECTION('ref_axis',(0.,1.,0.));
#10031=DIRECTION('',(0.,-1.,0.));
#10032=DIRECTION('',(0.,1.,0.));
#10033=DIRECTION('center_axis',(0.,-1.,0.));
#10034=DIRECTION('ref_axis',(1.,0.,0.));
#10035=DIRECTION('',(-1.,0.,0.));
#10036=DIRECTION('',(0.,0.,1.));
#10037=DIRECTION('',(1.,0.,0.));
#10038=DIRECTION('',(0.,0.,1.));
#10039=DIRECTION('center_axis',(-1.,0.,0.));
#10040=DIRECTION('ref_axis',(0.,-1.,0.));
#10041=DIRECTION('',(0.,1.,0.));
#10042=DIRECTION('',(0.,-1.,0.));
#10043=DIRECTION('',(0.,0.,1.));
#10044=DIRECTION('center_axis',(0.,1.,0.));
#10045=DIRECTION('ref_axis',(-1.,0.,0.));
#10046=DIRECTION('',(1.,0.,0.));
#10047=DIRECTION('',(-1.,0.,0.));
#10048=DIRECTION('',(0.,0.,1.));
#10049=DIRECTION('center_axis',(1.,0.,0.));
#10050=DIRECTION('ref_axis',(0.,1.,0.));
#10051=DIRECTION('',(0.,-1.,0.));
#10052=DIRECTION('',(0.,1.,0.));
#10053=DIRECTION('center_axis',(0.,-1.,0.));
#10054=DIRECTION('ref_axis',(1.,0.,0.));
#10055=DIRECTION('',(-1.,0.,0.));
#10056=DIRECTION('',(0.,0.,1.));
#10057=DIRECTION('',(1.,0.,0.));
#10058=DIRECTION('',(0.,0.,1.));
#10059=DIRECTION('center_axis',(-1.,0.,0.));
#10060=DIRECTION('ref_axis',(0.,-1.,0.));
#10061=DIRECTION('',(0.,1.,0.));
#10062=DIRECTION('',(0.,-1.,0.));
#10063=DIRECTION('',(0.,0.,1.));
#10064=DIRECTION('center_axis',(0.,1.,0.));
#10065=DIRECTION('ref_axis',(-1.,0.,0.));
#10066=DIRECTION('',(1.,0.,0.));
#10067=DIRECTION('',(-1.,0.,0.));
#10068=DIRECTION('',(0.,0.,1.));
#10069=DIRECTION('center_axis',(1.,0.,0.));
#10070=DIRECTION('ref_axis',(0.,1.,0.));
#10071=DIRECTION('',(0.,-1.,0.));
#10072=DIRECTION('',(0.,1.,0.));
#10073=DIRECTION('center_axis',(0.,-1.,0.));
#10074=DIRECTION('ref_axis',(1.,0.,0.));
#10075=DIRECTION('',(-1.,0.,0.));
#10076=DIRECTION('',(0.,0.,1.));
#10077=DIRECTION('',(1.,0.,0.));
#10078=DIRECTION('',(0.,0.,1.));
#10079=DIRECTION('center_axis',(-1.,0.,0.));
#10080=DIRECTION('ref_axis',(0.,-1.,0.));
#10081=DIRECTION('',(0.,1.,0.));
#10082=DIRECTION('',(0.,-1.,0.));
#10083=DIRECTION('',(0.,0.,1.));
#10084=DIRECTION('center_axis',(0.,1.,0.));
#10085=DIRECTION('ref_axis',(-1.,0.,0.));
#10086=DIRECTION('',(1.,0.,0.));
#10087=DIRECTION('',(-1.,0.,0.));
#10088=DIRECTION('',(0.,0.,1.));
#10089=DIRECTION('center_axis',(1.,0.,0.));
#10090=DIRECTION('ref_axis',(0.,1.,0.));
#10091=DIRECTION('',(0.,-1.,0.));
#10092=DIRECTION('',(0.,1.,0.));
#10093=DIRECTION('center_axis',(0.,-1.,0.));
#10094=DIRECTION('ref_axis',(1.,0.,0.));
#10095=DIRECTION('',(-1.,0.,0.));
#10096=DIRECTION('',(0.,0.,1.));
#10097=DIRECTION('',(1.,0.,0.));
#10098=DIRECTION('',(0.,0.,1.));
#10099=DIRECTION('center_axis',(-1.,0.,0.));
#10100=DIRECTION('ref_axis',(0.,-1.,0.));
#10101=DIRECTION('',(0.,1.,0.));
#10102=DIRECTION('',(0.,-1.,0.));
#10103=DIRECTION('',(0.,0.,1.));
#10104=DIRECTION('center_axis',(0.,1.,0.));
#10105=DIRECTION('ref_axis',(-1.,0.,0.));
#10106=DIRECTION('',(1.,0.,0.));
#10107=DIRECTION('',(-1.,0.,0.));
#10108=DIRECTION('',(0.,0.,1.));
#10109=DIRECTION('center_axis',(1.,0.,0.));
#10110=DIRECTION('ref_axis',(0.,1.,0.));
#10111=DIRECTION('',(0.,-1.,0.));
#10112=DIRECTION('',(0.,1.,0.));
#10113=DIRECTION('center_axis',(0.,-1.,0.));
#10114=DIRECTION('ref_axis',(1.,0.,0.));
#10115=DIRECTION('',(-1.,0.,0.));
#10116=DIRECTION('',(0.,0.,1.));
#10117=DIRECTION('',(1.,0.,0.));
#10118=DIRECTION('',(0.,0.,1.));
#10119=DIRECTION('center_axis',(-1.,0.,0.));
#10120=DIRECTION('ref_axis',(0.,-1.,0.));
#10121=DIRECTION('',(0.,1.,0.));
#10122=DIRECTION('',(0.,-1.,0.));
#10123=DIRECTION('',(0.,0.,1.));
#10124=DIRECTION('center_axis',(0.,1.,0.));
#10125=DIRECTION('ref_axis',(-1.,0.,0.));
#10126=DIRECTION('',(1.,0.,0.));
#10127=DIRECTION('',(-1.,0.,0.));
#10128=DIRECTION('',(0.,0.,1.));
#10129=DIRECTION('center_axis',(1.,0.,0.));
#10130=DIRECTION('ref_axis',(0.,1.,0.));
#10131=DIRECTION('',(0.,-1.,0.));
#10132=DIRECTION('',(0.,1.,0.));
#10133=DIRECTION('center_axis',(0.,-1.,0.));
#10134=DIRECTION('ref_axis',(1.,0.,0.));
#10135=DIRECTION('',(-1.,0.,0.));
#10136=DIRECTION('',(0.,0.,1.));
#10137=DIRECTION('',(1.,0.,0.));
#10138=DIRECTION('',(0.,0.,1.));
#10139=DIRECTION('center_axis',(-1.,0.,0.));
#10140=DIRECTION('ref_axis',(0.,-1.,0.));
#10141=DIRECTION('',(0.,1.,0.));
#10142=DIRECTION('',(0.,-1.,0.));
#10143=DIRECTION('',(0.,0.,1.));
#10144=DIRECTION('center_axis',(0.,1.,0.));
#10145=DIRECTION('ref_axis',(-1.,0.,0.));
#10146=DIRECTION('',(1.,0.,0.));
#10147=DIRECTION('',(-1.,0.,0.));
#10148=DIRECTION('',(0.,0.,1.));
#10149=DIRECTION('center_axis',(1.,0.,0.));
#10150=DIRECTION('ref_axis',(0.,1.,0.));
#10151=DIRECTION('',(0.,-1.,0.));
#10152=DIRECTION('',(0.,1.,0.));
#10153=DIRECTION('center_axis',(0.,-1.,0.));
#10154=DIRECTION('ref_axis',(1.,0.,0.));
#10155=DIRECTION('',(-1.,0.,0.));
#10156=DIRECTION('',(0.,0.,1.));
#10157=DIRECTION('',(1.,0.,0.));
#10158=DIRECTION('',(0.,0.,1.));
#10159=DIRECTION('center_axis',(-1.,0.,0.));
#10160=DIRECTION('ref_axis',(0.,-1.,0.));
#10161=DIRECTION('',(0.,1.,0.));
#10162=DIRECTION('',(0.,-1.,0.));
#10163=DIRECTION('',(0.,0.,1.));
#10164=DIRECTION('center_axis',(0.,1.,0.));
#10165=DIRECTION('ref_axis',(-1.,0.,0.));
#10166=DIRECTION('',(1.,0.,0.));
#10167=DIRECTION('',(-1.,0.,0.));
#10168=DIRECTION('',(0.,0.,1.));
#10169=DIRECTION('center_axis',(1.,0.,0.));
#10170=DIRECTION('ref_axis',(0.,1.,0.));
#10171=DIRECTION('',(0.,-1.,0.));
#10172=DIRECTION('',(0.,1.,0.));
#10173=DIRECTION('center_axis',(0.,-1.,0.));
#10174=DIRECTION('ref_axis',(1.,0.,0.));
#10175=DIRECTION('',(-1.,0.,0.));
#10176=DIRECTION('',(0.,0.,1.));
#10177=DIRECTION('',(1.,0.,0.));
#10178=DIRECTION('',(0.,0.,1.));
#10179=DIRECTION('center_axis',(-1.,0.,0.));
#10180=DIRECTION('ref_axis',(0.,-1.,0.));
#10181=DIRECTION('',(0.,1.,0.));
#10182=DIRECTION('',(0.,-1.,0.));
#10183=DIRECTION('',(0.,0.,1.));
#10184=DIRECTION('center_axis',(0.,1.,0.));
#10185=DIRECTION('ref_axis',(-1.,0.,0.));
#10186=DIRECTION('',(1.,0.,0.));
#10187=DIRECTION('',(-1.,0.,0.));
#10188=DIRECTION('',(0.,0.,1.));
#10189=DIRECTION('center_axis',(1.,0.,0.));
#10190=DIRECTION('ref_axis',(0.,1.,0.));
#10191=DIRECTION('',(0.,-1.,0.));
#10192=DIRECTION('',(0.,1.,0.));
#10193=DIRECTION('center_axis',(0.,-1.,0.));
#10194=DIRECTION('ref_axis',(1.,0.,0.));
#10195=DIRECTION('',(-1.,0.,0.));
#10196=DIRECTION('',(0.,0.,1.));
#10197=DIRECTION('',(1.,0.,0.));
#10198=DIRECTION('',(0.,0.,1.));
#10199=DIRECTION('center_axis',(-1.,0.,0.));
#10200=DIRECTION('ref_axis',(0.,-1.,0.));
#10201=DIRECTION('',(0.,1.,0.));
#10202=DIRECTION('',(0.,-1.,0.));
#10203=DIRECTION('',(0.,0.,1.));
#10204=DIRECTION('center_axis',(0.,1.,0.));
#10205=DIRECTION('ref_axis',(-1.,0.,0.));
#10206=DIRECTION('',(1.,0.,0.));
#10207=DIRECTION('',(-1.,0.,0.));
#10208=DIRECTION('',(0.,0.,1.));
#10209=DIRECTION('center_axis',(1.,0.,0.));
#10210=DIRECTION('ref_axis',(0.,1.,0.));
#10211=DIRECTION('',(0.,-1.,0.));
#10212=DIRECTION('',(0.,1.,0.));
#10213=DIRECTION('center_axis',(0.,-1.,0.));
#10214=DIRECTION('ref_axis',(1.,0.,0.));
#10215=DIRECTION('',(-1.,0.,0.));
#10216=DIRECTION('',(0.,0.,1.));
#10217=DIRECTION('',(1.,0.,0.));
#10218=DIRECTION('',(0.,0.,1.));
#10219=DIRECTION('center_axis',(-1.,0.,0.));
#10220=DIRECTION('ref_axis',(0.,-1.,0.));
#10221=DIRECTION('',(0.,1.,0.));
#10222=DIRECTION('',(0.,-1.,0.));
#10223=DIRECTION('',(0.,0.,1.));
#10224=DIRECTION('center_axis',(0.,1.,0.));
#10225=DIRECTION('ref_axis',(-1.,0.,0.));
#10226=DIRECTION('',(1.,0.,0.));
#10227=DIRECTION('',(-1.,0.,0.));
#10228=DIRECTION('',(0.,0.,1.));
#10229=DIRECTION('center_axis',(1.,0.,0.));
#10230=DIRECTION('ref_axis',(0.,1.,0.));
#10231=DIRECTION('',(0.,-1.,0.));
#10232=DIRECTION('',(0.,1.,0.));
#10233=DIRECTION('center_axis',(0.,-1.,0.));
#10234=DIRECTION('ref_axis',(1.,0.,0.));
#10235=DIRECTION('',(-1.,0.,0.));
#10236=DIRECTION('',(0.,0.,1.));
#10237=DIRECTION('',(1.,0.,0.));
#10238=DIRECTION('',(0.,0.,1.));
#10239=DIRECTION('center_axis',(-1.,0.,0.));
#10240=DIRECTION('ref_axis',(0.,-1.,0.));
#10241=DIRECTION('',(0.,1.,0.));
#10242=DIRECTION('',(0.,-1.,0.));
#10243=DIRECTION('',(0.,0.,1.));
#10244=DIRECTION('center_axis',(0.,1.,0.));
#10245=DIRECTION('ref_axis',(-1.,0.,0.));
#10246=DIRECTION('',(1.,0.,0.));
#10247=DIRECTION('',(-1.,0.,0.));
#10248=DIRECTION('',(0.,0.,1.));
#10249=DIRECTION('center_axis',(1.,0.,0.));
#10250=DIRECTION('ref_axis',(0.,1.,0.));
#10251=DIRECTION('',(0.,-1.,0.));
#10252=DIRECTION('',(0.,1.,0.));
#10253=DIRECTION('center_axis',(0.,-1.,0.));
#10254=DIRECTION('ref_axis',(1.,0.,0.));
#10255=DIRECTION('',(-1.,0.,0.));
#10256=DIRECTION('',(0.,0.,1.));
#10257=DIRECTION('',(1.,0.,0.));
#10258=DIRECTION('',(0.,0.,1.));
#10259=DIRECTION('center_axis',(-1.,0.,0.));
#10260=DIRECTION('ref_axis',(0.,-1.,0.));
#10261=DIRECTION('',(0.,1.,0.));
#10262=DIRECTION('',(0.,-1.,0.));
#10263=DIRECTION('',(0.,0.,1.));
#10264=DIRECTION('center_axis',(0.,1.,0.));
#10265=DIRECTION('ref_axis',(-1.,0.,0.));
#10266=DIRECTION('',(1.,0.,0.));
#10267=DIRECTION('',(-1.,0.,0.));
#10268=DIRECTION('',(0.,0.,1.));
#10269=DIRECTION('center_axis',(1.,0.,0.));
#10270=DIRECTION('ref_axis',(0.,1.,0.));
#10271=DIRECTION('',(0.,-1.,0.));
#10272=DIRECTION('',(0.,1.,0.));
#10273=DIRECTION('center_axis',(0.,-1.,0.));
#10274=DIRECTION('ref_axis',(1.,0.,0.));
#10275=DIRECTION('',(-1.,0.,0.));
#10276=DIRECTION('',(0.,0.,1.));
#10277=DIRECTION('',(1.,0.,0.));
#10278=DIRECTION('',(0.,0.,1.));
#10279=DIRECTION('center_axis',(-1.,0.,0.));
#10280=DIRECTION('ref_axis',(0.,-1.,0.));
#10281=DIRECTION('',(0.,1.,0.));
#10282=DIRECTION('',(0.,-1.,0.));
#10283=DIRECTION('',(0.,0.,1.));
#10284=DIRECTION('center_axis',(0.,1.,0.));
#10285=DIRECTION('ref_axis',(-1.,0.,0.));
#10286=DIRECTION('',(1.,0.,0.));
#10287=DIRECTION('',(-1.,0.,0.));
#10288=DIRECTION('',(0.,0.,1.));
#10289=DIRECTION('center_axis',(1.,0.,0.));
#10290=DIRECTION('ref_axis',(0.,1.,0.));
#10291=DIRECTION('',(0.,-1.,0.));
#10292=DIRECTION('',(0.,1.,0.));
#10293=DIRECTION('center_axis',(0.,-1.,0.));
#10294=DIRECTION('ref_axis',(1.,0.,0.));
#10295=DIRECTION('',(-1.,0.,0.));
#10296=DIRECTION('',(0.,0.,1.));
#10297=DIRECTION('',(1.,0.,0.));
#10298=DIRECTION('',(0.,0.,1.));
#10299=DIRECTION('center_axis',(-1.,0.,0.));
#10300=DIRECTION('ref_axis',(0.,-1.,0.));
#10301=DIRECTION('',(0.,1.,0.));
#10302=DIRECTION('',(0.,-1.,0.));
#10303=DIRECTION('',(0.,0.,1.));
#10304=DIRECTION('center_axis',(0.,1.,0.));
#10305=DIRECTION('ref_axis',(-1.,0.,0.));
#10306=DIRECTION('',(1.,0.,0.));
#10307=DIRECTION('',(-1.,0.,0.));
#10308=DIRECTION('',(0.,0.,1.));
#10309=DIRECTION('center_axis',(1.,0.,0.));
#10310=DIRECTION('ref_axis',(0.,1.,0.));
#10311=DIRECTION('',(0.,-1.,0.));
#10312=DIRECTION('',(0.,1.,0.));
#10313=DIRECTION('center_axis',(0.,-1.,0.));
#10314=DIRECTION('ref_axis',(1.,0.,0.));
#10315=DIRECTION('',(-1.,0.,0.));
#10316=DIRECTION('',(0.,0.,1.));
#10317=DIRECTION('',(1.,0.,0.));
#10318=DIRECTION('',(0.,0.,1.));
#10319=DIRECTION('center_axis',(-1.,0.,0.));
#10320=DIRECTION('ref_axis',(0.,-1.,0.));
#10321=DIRECTION('',(0.,1.,0.));
#10322=DIRECTION('',(0.,-1.,0.));
#10323=DIRECTION('',(0.,0.,1.));
#10324=DIRECTION('center_axis',(0.,1.,0.));
#10325=DIRECTION('ref_axis',(-1.,0.,0.));
#10326=DIRECTION('',(1.,0.,0.));
#10327=DIRECTION('',(-1.,0.,0.));
#10328=DIRECTION('',(0.,0.,1.));
#10329=DIRECTION('center_axis',(1.,0.,0.));
#10330=DIRECTION('ref_axis',(0.,1.,0.));
#10331=DIRECTION('',(0.,-1.,0.));
#10332=DIRECTION('',(0.,1.,0.));
#10333=DIRECTION('center_axis',(0.,-1.,0.));
#10334=DIRECTION('ref_axis',(1.,0.,0.));
#10335=DIRECTION('',(-1.,0.,0.));
#10336=DIRECTION('',(0.,0.,1.));
#10337=DIRECTION('',(1.,0.,0.));
#10338=DIRECTION('',(0.,0.,1.));
#10339=DIRECTION('center_axis',(-1.,0.,0.));
#10340=DIRECTION('ref_axis',(0.,-1.,0.));
#10341=DIRECTION('',(0.,1.,0.));
#10342=DIRECTION('',(0.,-1.,0.));
#10343=DIRECTION('',(0.,0.,1.));
#10344=DIRECTION('center_axis',(0.,1.,0.));
#10345=DIRECTION('ref_axis',(-1.,0.,0.));
#10346=DIRECTION('',(1.,0.,0.));
#10347=DIRECTION('',(-1.,0.,0.));
#10348=DIRECTION('',(0.,0.,1.));
#10349=DIRECTION('center_axis',(1.,0.,0.));
#10350=DIRECTION('ref_axis',(0.,1.,0.));
#10351=DIRECTION('',(0.,-1.,0.));
#10352=DIRECTION('',(0.,1.,0.));
#10353=DIRECTION('center_axis',(0.,-1.,0.));
#10354=DIRECTION('ref_axis',(1.,0.,0.));
#10355=DIRECTION('',(-1.,0.,0.));
#10356=DIRECTION('',(0.,0.,1.));
#10357=DIRECTION('',(1.,0.,0.));
#10358=DIRECTION('',(0.,0.,1.));
#10359=DIRECTION('center_axis',(-1.,0.,0.));
#10360=DIRECTION('ref_axis',(0.,-1.,0.));
#10361=DIRECTION('',(0.,1.,0.));
#10362=DIRECTION('',(0.,-1.,0.));
#10363=DIRECTION('',(0.,0.,1.));
#10364=DIRECTION('center_axis',(0.,1.,0.));
#10365=DIRECTION('ref_axis',(-1.,0.,0.));
#10366=DIRECTION('',(1.,0.,0.));
#10367=DIRECTION('',(-1.,0.,0.));
#10368=DIRECTION('',(0.,0.,1.));
#10369=DIRECTION('center_axis',(1.,0.,0.));
#10370=DIRECTION('ref_axis',(0.,1.,0.));
#10371=DIRECTION('',(0.,-1.,0.));
#10372=DIRECTION('',(0.,1.,0.));
#10373=DIRECTION('center_axis',(0.,-1.,0.));
#10374=DIRECTION('ref_axis',(1.,0.,0.));
#10375=DIRECTION('',(-1.,0.,0.));
#10376=DIRECTION('',(0.,0.,1.));
#10377=DIRECTION('',(1.,0.,0.));
#10378=DIRECTION('',(0.,0.,1.));
#10379=DIRECTION('center_axis',(-1.,0.,0.));
#10380=DIRECTION('ref_axis',(0.,-1.,0.));
#10381=DIRECTION('',(0.,1.,0.));
#10382=DIRECTION('',(0.,-1.,0.));
#10383=DIRECTION('',(0.,0.,1.));
#10384=DIRECTION('center_axis',(0.,1.,0.));
#10385=DIRECTION('ref_axis',(-1.,0.,0.));
#10386=DIRECTION('',(1.,0.,0.));
#10387=DIRECTION('',(-1.,0.,0.));
#10388=DIRECTION('',(0.,0.,1.));
#10389=DIRECTION('center_axis',(1.,0.,0.));
#10390=DIRECTION('ref_axis',(0.,1.,0.));
#10391=DIRECTION('',(0.,-1.,0.));
#10392=DIRECTION('',(0.,1.,0.));
#10393=DIRECTION('center_axis',(0.,-1.,0.));
#10394=DIRECTION('ref_axis',(1.,0.,0.));
#10395=DIRECTION('',(-1.,0.,0.));
#10396=DIRECTION('',(0.,0.,1.));
#10397=DIRECTION('',(1.,0.,0.));
#10398=DIRECTION('',(0.,0.,1.));
#10399=DIRECTION('center_axis',(-1.,0.,0.));
#10400=DIRECTION('ref_axis',(0.,-1.,0.));
#10401=DIRECTION('',(0.,1.,0.));
#10402=DIRECTION('',(0.,-1.,0.));
#10403=DIRECTION('',(0.,0.,1.));
#10404=DIRECTION('center_axis',(0.,1.,0.));
#10405=DIRECTION('ref_axis',(-1.,0.,0.));
#10406=DIRECTION('',(1.,0.,0.));
#10407=DIRECTION('',(-1.,0.,0.));
#10408=DIRECTION('',(0.,0.,1.));
#10409=DIRECTION('center_axis',(1.,0.,0.));
#10410=DIRECTION('ref_axis',(0.,1.,0.));
#10411=DIRECTION('',(0.,-1.,0.));
#10412=DIRECTION('',(0.,1.,0.));
#10413=DIRECTION('center_axis',(0.,-1.,0.));
#10414=DIRECTION('ref_axis',(1.,0.,0.));
#10415=DIRECTION('',(-1.,0.,0.));
#10416=DIRECTION('',(0.,0.,1.));
#10417=DIRECTION('',(1.,0.,0.));
#10418=DIRECTION('',(0.,0.,1.));
#10419=DIRECTION('center_axis',(-1.,0.,0.));
#10420=DIRECTION('ref_axis',(0.,-1.,0.));
#10421=DIRECTION('',(0.,1.,0.));
#10422=DIRECTION('',(0.,-1.,0.));
#10423=DIRECTION('',(0.,0.,1.));
#10424=DIRECTION('center_axis',(0.,1.,0.));
#10425=DIRECTION('ref_axis',(-1.,0.,0.));
#10426=DIRECTION('',(1.,0.,0.));
#10427=DIRECTION('',(-1.,0.,0.));
#10428=DIRECTION('',(0.,0.,1.));
#10429=DIRECTION('center_axis',(1.,0.,0.));
#10430=DIRECTION('ref_axis',(0.,1.,0.));
#10431=DIRECTION('',(0.,-1.,0.));
#10432=DIRECTION('',(0.,1.,0.));
#10433=DIRECTION('center_axis',(-1.,0.,0.));
#10434=DIRECTION('ref_axis',(0.,-1.,0.));
#10435=DIRECTION('',(0.,1.,0.));
#10436=DIRECTION('',(0.,0.,1.));
#10437=DIRECTION('',(0.,-1.,0.));
#10438=DIRECTION('',(0.,0.,1.));
#10439=DIRECTION('center_axis',(0.,1.,0.));
#10440=DIRECTION('ref_axis',(-1.,0.,0.));
#10441=DIRECTION('',(1.,0.,0.));
#10442=DIRECTION('',(-1.,0.,0.));
#10443=DIRECTION('',(0.,0.,1.));
#10444=DIRECTION('center_axis',(1.,0.,0.));
#10445=DIRECTION('ref_axis',(0.,1.,0.));
#10446=DIRECTION('',(0.,-1.,0.));
#10447=DIRECTION('',(0.,1.,0.));
#10448=DIRECTION('',(0.,0.,1.));
#10449=DIRECTION('center_axis',(-1.43811260032149E-17,-1.,0.));
#10450=DIRECTION('ref_axis',(1.,-1.43811260032149E-17,0.));
#10451=DIRECTION('',(-1.,1.43811260032149E-17,0.));
#10452=DIRECTION('',(1.,-1.43811260032149E-17,0.));
#10453=DIRECTION('center_axis',(0.,0.,1.));
#10454=DIRECTION('ref_axis',(1.,0.,0.));
#10455=DIRECTION('center_axis',(0.,0.,1.));
#10456=DIRECTION('ref_axis',(1.,0.,0.));
#10457=CARTESIAN_POINT('',(0.,0.,0.));
#10458=CARTESIAN_POINT('Origin',(269.241453959615,2.67396501964438,1.5));
#10459=CARTESIAN_POINT('',(283.241453959615,2.67396501964438,3.));
#10460=CARTESIAN_POINT('',(269.241453959615,2.67396501964438,3.));
#10461=CARTESIAN_POINT('',(210.868232007728,2.67396501964438,3.));
#10462=CARTESIAN_POINT('',(283.241453959615,2.67396501964438,1.5));
#10463=CARTESIAN_POINT('',(283.241453959615,2.67396501964438,1.5));
#10464=CARTESIAN_POINT('',(269.241453959615,2.67396501964438,1.5));
#10465=CARTESIAN_POINT('',(210.868232007728,2.67396501964438,1.5));
#10466=CARTESIAN_POINT('',(269.241453959615,2.67396501964438,1.5));
#10467=CARTESIAN_POINT('Origin',(269.241453959615,16.6739650196444,1.5));
#10468=CARTESIAN_POINT('',(269.241453959615,16.6739650196444,3.));
#10469=CARTESIAN_POINT('',(269.241453959615,37.2908759669551,3.));
#10470=CARTESIAN_POINT('',(269.241453959615,16.6739650196444,1.5));
#10471=CARTESIAN_POINT('',(269.241453959615,37.2908759669551,1.5));
#10472=CARTESIAN_POINT('',(269.241453959615,16.6739650196444,1.5));
#10473=CARTESIAN_POINT('Origin',(283.241453959615,16.6739650196444,1.5));
#10474=CARTESIAN_POINT('',(283.241453959615,16.6739650196444,3.));
#10475=CARTESIAN_POINT('',(217.868232007728,16.6739650196444,3.));
#10476=CARTESIAN_POINT('',(283.241453959615,16.6739650196444,1.5));
#10477=CARTESIAN_POINT('',(217.868232007728,16.6739650196444,1.5));
#10478=CARTESIAN_POINT('',(283.241453959615,16.6739650196444,1.5));
#10479=CARTESIAN_POINT('Origin',(283.241453959615,2.67396501964438,1.5));
#10480=CARTESIAN_POINT('',(283.241453959615,30.2908759669551,3.));
#10481=CARTESIAN_POINT('',(283.241453959615,30.2908759669551,1.5));
#10482=CARTESIAN_POINT('Origin',(231.141453959615,2.67396501964438,1.5));
#10483=CARTESIAN_POINT('',(245.141453959615,2.67396501964438,3.));
#10484=CARTESIAN_POINT('',(231.141453959615,2.67396501964438,3.));
#10485=CARTESIAN_POINT('',(191.818232007728,2.67396501964438,3.));
#10486=CARTESIAN_POINT('',(245.141453959615,2.67396501964438,1.5));
#10487=CARTESIAN_POINT('',(245.141453959615,2.67396501964438,1.5));
#10488=CARTESIAN_POINT('',(231.141453959615,2.67396501964438,1.5));
#10489=CARTESIAN_POINT('',(191.818232007728,2.67396501964438,1.5));
#10490=CARTESIAN_POINT('',(231.141453959615,2.67396501964438,1.5));
#10491=CARTESIAN_POINT('Origin',(231.141453959615,16.6739650196444,1.5));
#10492=CARTESIAN_POINT('',(231.141453959615,16.6739650196444,3.));
#10493=CARTESIAN_POINT('',(231.141453959615,37.2908759669551,3.));
#10494=CARTESIAN_POINT('',(231.141453959615,16.6739650196444,1.5));
#10495=CARTESIAN_POINT('',(231.141453959615,37.2908759669551,1.5));
#10496=CARTESIAN_POINT('',(231.141453959615,16.6739650196444,1.5));
#10497=CARTESIAN_POINT('Origin',(245.141453959615,16.6739650196444,1.5));
#10498=CARTESIAN_POINT('',(245.141453959615,16.6739650196444,3.));
#10499=CARTESIAN_POINT('',(198.818232007728,16.6739650196444,3.));
#10500=CARTESIAN_POINT('',(245.141453959615,16.6739650196444,1.5));
#10501=CARTESIAN_POINT('',(198.818232007728,16.6739650196444,1.5));
#10502=CARTESIAN_POINT('',(245.141453959615,16.6739650196444,1.5));
#10503=CARTESIAN_POINT('Origin',(245.141453959615,2.67396501964438,1.5));
#10504=CARTESIAN_POINT('',(245.141453959615,30.2908759669551,3.));
#10505=CARTESIAN_POINT('',(245.141453959615,30.2908759669551,1.5));
#10506=CARTESIAN_POINT('Origin',(193.041453959615,2.67396501964438,1.5));
#10507=CARTESIAN_POINT('',(207.041453959615,2.67396501964438,3.));
#10508=CARTESIAN_POINT('',(193.041453959615,2.67396501964438,3.));
#10509=CARTESIAN_POINT('',(172.768232007728,2.67396501964438,3.));
#10510=CARTESIAN_POINT('',(207.041453959615,2.67396501964438,1.5));
#10511=CARTESIAN_POINT('',(207.041453959615,2.67396501964438,1.5));
#10512=CARTESIAN_POINT('',(193.041453959615,2.67396501964438,1.5));
#10513=CARTESIAN_POINT('',(172.768232007728,2.67396501964438,1.5));
#10514=CARTESIAN_POINT('',(193.041453959615,2.67396501964438,1.5));
#10515=CARTESIAN_POINT('Origin',(193.041453959615,16.6739650196444,1.5));
#10516=CARTESIAN_POINT('',(193.041453959615,16.6739650196444,3.));
#10517=CARTESIAN_POINT('',(193.041453959615,37.2908759669551,3.));
#10518=CARTESIAN_POINT('',(193.041453959615,16.6739650196444,1.5));
#10519=CARTESIAN_POINT('',(193.041453959615,37.2908759669551,1.5));
#10520=CARTESIAN_POINT('',(193.041453959615,16.6739650196444,1.5));
#10521=CARTESIAN_POINT('Origin',(207.041453959615,16.6739650196444,1.5));
#10522=CARTESIAN_POINT('',(207.041453959615,16.6739650196444,3.));
#10523=CARTESIAN_POINT('',(179.768232007728,16.6739650196444,3.));
#10524=CARTESIAN_POINT('',(207.041453959615,16.6739650196444,1.5));
#10525=CARTESIAN_POINT('',(179.768232007728,16.6739650196444,1.5));
#10526=CARTESIAN_POINT('',(207.041453959615,16.6739650196444,1.5));
#10527=CARTESIAN_POINT('Origin',(207.041453959615,2.67396501964438,1.5));
#10528=CARTESIAN_POINT('',(207.041453959615,30.2908759669551,3.));
#10529=CARTESIAN_POINT('',(207.041453959615,30.2908759669551,1.5));
#10530=CARTESIAN_POINT('Origin',(77.4852039596147,1.67396501964438,1.5));
#10531=CARTESIAN_POINT('',(84.4852039596147,1.67396501964438,3.));
#10532=CARTESIAN_POINT('',(77.4852039596147,1.67396501964438,3.));
#10533=CARTESIAN_POINT('',(114.990107007728,1.67396501964438,3.));
#10534=CARTESIAN_POINT('',(84.4852039596147,1.67396501964438,1.5));
#10535=CARTESIAN_POINT('',(84.4852039596147,1.67396501964438,1.5));
#10536=CARTESIAN_POINT('',(77.4852039596147,1.67396501964438,1.5));
#10537=CARTESIAN_POINT('',(114.990107007728,1.67396501964438,1.5));
#10538=CARTESIAN_POINT('',(77.4852039596147,1.67396501964438,1.5));
#10539=CARTESIAN_POINT('Origin',(77.4852039596147,16.6739650196444,1.5));
#10540=CARTESIAN_POINT('',(77.4852039596147,16.6739650196444,3.));
#10541=CARTESIAN_POINT('',(77.4852039596147,37.2908759669551,3.));
#10542=CARTESIAN_POINT('',(77.4852039596147,16.6739650196444,1.5));
#10543=CARTESIAN_POINT('',(77.4852039596147,37.2908759669551,1.5));
#10544=CARTESIAN_POINT('',(77.4852039596147,16.6739650196444,1.5));
#10545=CARTESIAN_POINT('Origin',(84.4852039596147,16.6739650196444,1.5));
#10546=CARTESIAN_POINT('',(84.4852039596147,16.6739650196444,3.));
#10547=CARTESIAN_POINT('',(118.490107007728,16.6739650196444,3.));
#10548=CARTESIAN_POINT('',(84.4852039596147,16.6739650196444,1.5));
#10549=CARTESIAN_POINT('',(118.490107007728,16.6739650196444,1.5));
#10550=CARTESIAN_POINT('',(84.4852039596147,16.6739650196444,1.5));
#10551=CARTESIAN_POINT('Origin',(84.4852039596147,1.67396501964438,1.5));
#10552=CARTESIAN_POINT('',(84.4852039596147,29.7908759669551,3.));
#10553=CARTESIAN_POINT('',(84.4852039596147,29.7908759669551,1.5));
#10554=CARTESIAN_POINT('Origin',(52.5477039596147,2.67396501964438,1.5));
#10555=CARTESIAN_POINT('',(66.5477039596147,2.67396501964438,3.));
#10556=CARTESIAN_POINT('',(52.5477039596147,2.67396501964438,3.));
#10557=CARTESIAN_POINT('',(102.521357007728,2.67396501964438,3.));
#10558=CARTESIAN_POINT('',(66.5477039596147,2.67396501964438,1.5));
#10559=CARTESIAN_POINT('',(66.5477039596147,2.67396501964438,1.5));
#10560=CARTESIAN_POINT('',(52.5477039596147,2.67396501964438,1.5));
#10561=CARTESIAN_POINT('',(102.521357007728,2.67396501964438,1.5));
#10562=CARTESIAN_POINT('',(52.5477039596147,2.67396501964438,1.5));
#10563=CARTESIAN_POINT('Origin',(52.5477039596147,16.6739650196444,1.5));
#10564=CARTESIAN_POINT('',(52.5477039596147,16.6739650196444,3.));
#10565=CARTESIAN_POINT('',(52.5477039596146,37.2908759669551,3.));
#10566=CARTESIAN_POINT('',(52.5477039596147,16.6739650196444,1.5));
#10567=CARTESIAN_POINT('',(52.5477039596146,37.2908759669551,1.5));
#10568=CARTESIAN_POINT('',(52.5477039596147,16.6739650196444,1.5));
#10569=CARTESIAN_POINT('Origin',(66.5477039596147,16.6739650196444,1.5));
#10570=CARTESIAN_POINT('',(66.5477039596147,16.6739650196444,3.));
#10571=CARTESIAN_POINT('',(109.521357007728,16.6739650196444,3.));
#10572=CARTESIAN_POINT('',(66.5477039596147,16.6739650196444,1.5));
#10573=CARTESIAN_POINT('',(109.521357007728,16.6739650196444,1.5));
#10574=CARTESIAN_POINT('',(66.5477039596147,16.6739650196444,1.5));
#10575=CARTESIAN_POINT('Origin',(66.5477039596147,2.67396501964438,1.5));
#10576=CARTESIAN_POINT('',(66.5477039596147,30.2908759669551,3.));
#10577=CARTESIAN_POINT('',(66.5477039596147,30.2908759669551,1.5));
#10578=CARTESIAN_POINT('Origin',(4.92270395961464,2.67396501964438,1.5));
#10579=CARTESIAN_POINT('',(18.9227039596146,2.67396501964438,3.));
#10580=CARTESIAN_POINT('',(4.92270395961464,2.67396501964438,3.));
#10581=CARTESIAN_POINT('',(78.7088570077283,2.67396501964438,3.));
#10582=CARTESIAN_POINT('',(18.9227039596146,2.67396501964438,1.5));
#10583=CARTESIAN_POINT('',(18.9227039596146,2.67396501964438,1.5));
#10584=CARTESIAN_POINT('',(4.92270395961464,2.67396501964438,1.5));
#10585=CARTESIAN_POINT('',(78.7088570077283,2.67396501964438,1.5));
#10586=CARTESIAN_POINT('',(4.92270395961464,2.67396501964438,1.5));
#10587=CARTESIAN_POINT('Origin',(4.92270395961464,16.6739650196444,1.5));
#10588=CARTESIAN_POINT('',(4.92270395961464,16.6739650196444,3.));
#10589=CARTESIAN_POINT('',(4.92270395961464,37.2908759669551,3.));
#10590=CARTESIAN_POINT('',(4.92270395961464,16.6739650196444,1.5));
#10591=CARTESIAN_POINT('',(4.92270395961464,37.2908759669551,1.5));
#10592=CARTESIAN_POINT('',(4.92270395961464,16.6739650196444,1.5));
#10593=CARTESIAN_POINT('Origin',(18.9227039596146,16.6739650196444,1.5));
#10594=CARTESIAN_POINT('',(18.9227039596146,16.6739650196444,3.));
#10595=CARTESIAN_POINT('',(85.7088570077283,16.6739650196444,3.));
#10596=CARTESIAN_POINT('',(18.9227039596146,16.6739650196444,1.5));
#10597=CARTESIAN_POINT('',(85.7088570077283,16.6739650196444,1.5));
#10598=CARTESIAN_POINT('',(18.9227039596146,16.6739650196444,1.5));
#10599=CARTESIAN_POINT('Origin',(18.9227039596146,2.67396501964438,1.5));
#10600=CARTESIAN_POINT('',(18.9227039596147,30.2908759669551,3.));
#10601=CARTESIAN_POINT('',(18.9227039596147,30.2908759669551,1.5));
#10602=CARTESIAN_POINT('Origin',(269.241453959615,21.7239650196444,1.5));
#10603=CARTESIAN_POINT('',(283.241453959615,21.7239650196444,3.));
#10604=CARTESIAN_POINT('',(269.241453959615,21.7239650196444,3.));
#10605=CARTESIAN_POINT('',(210.868232007728,21.7239650196444,3.));
#10606=CARTESIAN_POINT('',(283.241453959615,21.7239650196444,1.5));
#10607=CARTESIAN_POINT('',(283.241453959615,21.7239650196444,1.5));
#10608=CARTESIAN_POINT('',(269.241453959615,21.7239650196444,1.5));
#10609=CARTESIAN_POINT('',(210.868232007728,21.7239650196444,1.5));
#10610=CARTESIAN_POINT('',(269.241453959615,21.7239650196444,1.5));
#10611=CARTESIAN_POINT('Origin',(269.241453959615,35.7239650196444,1.5));
#10612=CARTESIAN_POINT('',(269.241453959615,35.7239650196444,3.));
#10613=CARTESIAN_POINT('',(269.241453959615,46.8158759669551,3.));
#10614=CARTESIAN_POINT('',(269.241453959615,35.7239650196444,1.5));
#10615=CARTESIAN_POINT('',(269.241453959615,46.8158759669551,1.5));
#10616=CARTESIAN_POINT('',(269.241453959615,35.7239650196444,1.5));
#10617=CARTESIAN_POINT('Origin',(283.241453959615,35.7239650196444,1.5));
#10618=CARTESIAN_POINT('',(283.241453959615,35.7239650196444,3.));
#10619=CARTESIAN_POINT('',(217.868232007728,35.7239650196444,3.));
#10620=CARTESIAN_POINT('',(283.241453959615,35.7239650196444,1.5));
#10621=CARTESIAN_POINT('',(217.868232007728,35.7239650196444,1.5));
#10622=CARTESIAN_POINT('',(283.241453959615,35.7239650196444,1.5));
#10623=CARTESIAN_POINT('Origin',(283.241453959615,21.7239650196444,1.5));
#10624=CARTESIAN_POINT('',(283.241453959615,39.8158759669551,3.));
#10625=CARTESIAN_POINT('',(283.241453959615,39.8158759669551,1.5));
#10626=CARTESIAN_POINT('Origin',(216.853953959615,21.7239650196444,1.5));
#10627=CARTESIAN_POINT('',(230.853953959615,21.7239650196444,3.));
#10628=CARTESIAN_POINT('',(216.853953959615,21.7239650196444,3.));
#10629=CARTESIAN_POINT('',(184.674482007728,21.7239650196444,3.));
#10630=CARTESIAN_POINT('',(230.853953959615,21.7239650196444,1.5));
#10631=CARTESIAN_POINT('',(230.853953959615,21.7239650196444,1.5));
#10632=CARTESIAN_POINT('',(216.853953959615,21.7239650196444,1.5));
#10633=CARTESIAN_POINT('',(184.674482007728,21.7239650196444,1.5));
#10634=CARTESIAN_POINT('',(216.853953959615,21.7239650196444,1.5));
#10635=CARTESIAN_POINT('Origin',(216.853953959615,35.7239650196444,1.5));
#10636=CARTESIAN_POINT('',(216.853953959615,35.7239650196444,3.));
#10637=CARTESIAN_POINT('',(216.853953959615,46.8158759669551,3.));
#10638=CARTESIAN_POINT('',(216.853953959615,35.7239650196444,1.5));
#10639=CARTESIAN_POINT('',(216.853953959615,46.8158759669551,1.5));
#10640=CARTESIAN_POINT('',(216.853953959615,35.7239650196444,1.5));
#10641=CARTESIAN_POINT('Origin',(230.853953959615,35.7239650196444,1.5));
#10642=CARTESIAN_POINT('',(230.853953959615,35.7239650196444,3.));
#10643=CARTESIAN_POINT('',(191.674482007728,35.7239650196444,3.));
#10644=CARTESIAN_POINT('',(230.853953959615,35.7239650196444,1.5));
#10645=CARTESIAN_POINT('',(191.674482007728,35.7239650196444,1.5));
#10646=CARTESIAN_POINT('',(230.853953959615,35.7239650196444,1.5));
#10647=CARTESIAN_POINT('Origin',(230.853953959615,21.7239650196444,1.5));
#10648=CARTESIAN_POINT('',(230.853953959615,39.8158759669551,3.));
#10649=CARTESIAN_POINT('',(230.853953959615,39.8158759669551,1.5));
#10650=CARTESIAN_POINT('Origin',(178.753953959615,21.7239650196444,1.5));
#10651=CARTESIAN_POINT('',(192.753953959615,21.7239650196444,3.));
#10652=CARTESIAN_POINT('',(178.753953959615,21.7239650196444,3.));
#10653=CARTESIAN_POINT('',(165.624482007728,21.7239650196444,3.));
#10654=CARTESIAN_POINT('',(192.753953959615,21.7239650196444,1.5));
#10655=CARTESIAN_POINT('',(192.753953959615,21.7239650196444,1.5));
#10656=CARTESIAN_POINT('',(178.753953959615,21.7239650196444,1.5));
#10657=CARTESIAN_POINT('',(165.624482007728,21.7239650196444,1.5));
#10658=CARTESIAN_POINT('',(178.753953959615,21.7239650196444,1.5));
#10659=CARTESIAN_POINT('Origin',(178.753953959615,35.7239650196444,1.5));
#10660=CARTESIAN_POINT('',(178.753953959615,35.7239650196444,3.));
#10661=CARTESIAN_POINT('',(178.753953959615,46.8158759669551,3.));
#10662=CARTESIAN_POINT('',(178.753953959615,35.7239650196444,1.5));
#10663=CARTESIAN_POINT('',(178.753953959615,46.8158759669551,1.5));
#10664=CARTESIAN_POINT('',(178.753953959615,35.7239650196444,1.5));
#10665=CARTESIAN_POINT('Origin',(192.753953959615,35.7239650196444,1.5));
#10666=CARTESIAN_POINT('',(192.753953959615,35.7239650196444,3.));
#10667=CARTESIAN_POINT('',(172.624482007728,35.7239650196444,3.));
#10668=CARTESIAN_POINT('',(192.753953959615,35.7239650196444,1.5));
#10669=CARTESIAN_POINT('',(172.624482007728,35.7239650196444,1.5));
#10670=CARTESIAN_POINT('',(192.753953959615,35.7239650196444,1.5));
#10671=CARTESIAN_POINT('Origin',(192.753953959615,21.7239650196444,1.5));
#10672=CARTESIAN_POINT('',(192.753953959615,39.8158759669551,3.));
#10673=CARTESIAN_POINT('',(192.753953959615,39.8158759669551,1.5));
#10674=CARTESIAN_POINT('Origin',(140.653953959615,21.7239650196444,1.5));
#10675=CARTESIAN_POINT('',(154.653953959615,21.7239650196444,3.));
#10676=CARTESIAN_POINT('',(140.653953959615,21.7239650196444,3.));
#10677=CARTESIAN_POINT('',(146.574482007728,21.7239650196444,3.));
#10678=CARTESIAN_POINT('',(154.653953959615,21.7239650196444,1.5));
#10679=CARTESIAN_POINT('',(154.653953959615,21.7239650196444,1.5));
#10680=CARTESIAN_POINT('',(140.653953959615,21.7239650196444,1.5));
#10681=CARTESIAN_POINT('',(146.574482007728,21.7239650196444,1.5));
#10682=CARTESIAN_POINT('',(140.653953959615,21.7239650196444,1.5));
#10683=CARTESIAN_POINT('Origin',(140.653953959615,35.7239650196444,1.5));
#10684=CARTESIAN_POINT('',(140.653953959615,35.7239650196444,3.));
#10685=CARTESIAN_POINT('',(140.653953959615,46.8158759669551,3.));
#10686=CARTESIAN_POINT('',(140.653953959615,35.7239650196444,1.5));
#10687=CARTESIAN_POINT('',(140.653953959615,46.8158759669551,1.5));
#10688=CARTESIAN_POINT('',(140.653953959615,35.7239650196444,1.5));
#10689=CARTESIAN_POINT('Origin',(154.653953959615,35.7239650196444,1.5));
#10690=CARTESIAN_POINT('',(154.653953959615,35.7239650196444,3.));
#10691=CARTESIAN_POINT('',(153.574482007728,35.7239650196444,3.));
#10692=CARTESIAN_POINT('',(154.653953959615,35.7239650196444,1.5));
#10693=CARTESIAN_POINT('',(153.574482007728,35.7239650196444,1.5));
#10694=CARTESIAN_POINT('',(154.653953959615,35.7239650196444,1.5));
#10695=CARTESIAN_POINT('Origin',(154.653953959615,21.7239650196444,1.5));
#10696=CARTESIAN_POINT('',(154.653953959615,39.8158759669551,3.));
#10697=CARTESIAN_POINT('',(154.653953959615,39.8158759669551,1.5));
#10698=CARTESIAN_POINT('Origin',(102.553953959615,21.7239650196444,1.5));
#10699=CARTESIAN_POINT('',(116.553953959615,21.7239650196444,3.));
#10700=CARTESIAN_POINT('',(102.553953959615,21.7239650196444,3.));
#10701=CARTESIAN_POINT('',(127.524482007728,21.7239650196444,3.));
#10702=CARTESIAN_POINT('',(116.553953959615,21.7239650196444,1.5));
#10703=CARTESIAN_POINT('',(116.553953959615,21.7239650196444,1.5));
#10704=CARTESIAN_POINT('',(102.553953959615,21.7239650196444,1.5));
#10705=CARTESIAN_POINT('',(127.524482007728,21.7239650196444,1.5));
#10706=CARTESIAN_POINT('',(102.553953959615,21.7239650196444,1.5));
#10707=CARTESIAN_POINT('Origin',(102.553953959615,35.7239650196444,1.5));
#10708=CARTESIAN_POINT('',(102.553953959615,35.7239650196444,3.));
#10709=CARTESIAN_POINT('',(102.553953959615,46.8158759669551,3.));
#10710=CARTESIAN_POINT('',(102.553953959615,35.7239650196444,1.5));
#10711=CARTESIAN_POINT('',(102.553953959615,46.8158759669551,1.5));
#10712=CARTESIAN_POINT('',(102.553953959615,35.7239650196444,1.5));
#10713=CARTESIAN_POINT('Origin',(116.553953959615,35.7239650196444,1.5));
#10714=CARTESIAN_POINT('',(116.553953959615,35.7239650196444,3.));
#10715=CARTESIAN_POINT('',(134.524482007728,35.7239650196444,3.));
#10716=CARTESIAN_POINT('',(116.553953959615,35.7239650196444,1.5));
#10717=CARTESIAN_POINT('',(134.524482007728,35.7239650196444,1.5));
#10718=CARTESIAN_POINT('',(116.553953959615,35.7239650196444,1.5));
#10719=CARTESIAN_POINT('Origin',(116.553953959615,21.7239650196444,1.5));
#10720=CARTESIAN_POINT('',(116.553953959615,39.8158759669551,3.));
#10721=CARTESIAN_POINT('',(116.553953959615,39.8158759669551,1.5));
#10722=CARTESIAN_POINT('Origin',(64.4539539596147,21.7239650196444,1.5));
#10723=CARTESIAN_POINT('',(78.4539539596146,21.7239650196444,3.));
#10724=CARTESIAN_POINT('',(64.4539539596147,21.7239650196444,3.));
#10725=CARTESIAN_POINT('',(108.474482007728,21.7239650196444,3.));
#10726=CARTESIAN_POINT('',(78.4539539596146,21.7239650196444,1.5));
#10727=CARTESIAN_POINT('',(78.4539539596146,21.7239650196444,1.5));
#10728=CARTESIAN_POINT('',(64.4539539596147,21.7239650196444,1.5));
#10729=CARTESIAN_POINT('',(108.474482007728,21.7239650196444,1.5));
#10730=CARTESIAN_POINT('',(64.4539539596147,21.7239650196444,1.5));
#10731=CARTESIAN_POINT('Origin',(64.4539539596147,35.7239650196444,1.5));
#10732=CARTESIAN_POINT('',(64.4539539596147,35.7239650196444,3.));
#10733=CARTESIAN_POINT('',(64.4539539596146,46.8158759669551,3.));
#10734=CARTESIAN_POINT('',(64.4539539596147,35.7239650196444,1.5));
#10735=CARTESIAN_POINT('',(64.4539539596146,46.8158759669551,1.5));
#10736=CARTESIAN_POINT('',(64.4539539596147,35.7239650196444,1.5));
#10737=CARTESIAN_POINT('Origin',(78.4539539596146,35.7239650196444,1.5));
#10738=CARTESIAN_POINT('',(78.4539539596146,35.7239650196444,3.));
#10739=CARTESIAN_POINT('',(115.474482007728,35.7239650196444,3.));
#10740=CARTESIAN_POINT('',(78.4539539596146,35.7239650196444,1.5));
#10741=CARTESIAN_POINT('',(115.474482007728,35.7239650196444,1.5));
#10742=CARTESIAN_POINT('',(78.4539539596146,35.7239650196444,1.5));
#10743=CARTESIAN_POINT('Origin',(78.4539539596146,21.7239650196444,1.5));
#10744=CARTESIAN_POINT('',(78.4539539596147,39.8158759669551,3.));
#10745=CARTESIAN_POINT('',(78.4539539596147,39.8158759669551,1.5));
#10746=CARTESIAN_POINT('Origin',(29.8857039596146,20.7239650196444,1.5));
#10747=CARTESIAN_POINT('',(36.8857039596146,20.7239650196444,3.));
#10748=CARTESIAN_POINT('',(29.8857039596146,20.7239650196444,3.));
#10749=CARTESIAN_POINT('',(91.1903570077283,20.7239650196444,3.));
#10750=CARTESIAN_POINT('',(36.8857039596146,20.7239650196444,1.5));
#10751=CARTESIAN_POINT('',(36.8857039596146,20.7239650196444,1.5));
#10752=CARTESIAN_POINT('',(29.8857039596146,20.7239650196444,1.5));
#10753=CARTESIAN_POINT('',(91.1903570077283,20.7239650196444,1.5));
#10754=CARTESIAN_POINT('',(29.8857039596146,20.7239650196444,1.5));
#10755=CARTESIAN_POINT('Origin',(29.8857039596146,35.7239650196444,1.5));
#10756=CARTESIAN_POINT('',(29.8857039596146,35.7239650196444,3.));
#10757=CARTESIAN_POINT('',(29.8857039596147,46.8158759669551,3.));
#10758=CARTESIAN_POINT('',(29.8857039596146,35.7239650196444,1.5));
#10759=CARTESIAN_POINT('',(29.8857039596147,46.8158759669551,1.5));
#10760=CARTESIAN_POINT('',(29.8857039596146,35.7239650196444,1.5));
#10761=CARTESIAN_POINT('Origin',(36.8857039596146,35.7239650196444,1.5));
#10762=CARTESIAN_POINT('',(36.8857039596146,35.7239650196444,3.));
#10763=CARTESIAN_POINT('',(94.6903570077283,35.7239650196444,3.));
#10764=CARTESIAN_POINT('',(36.8857039596146,35.7239650196444,1.5));
#10765=CARTESIAN_POINT('',(94.6903570077283,35.7239650196444,1.5));
#10766=CARTESIAN_POINT('',(36.8857039596146,35.7239650196444,1.5));
#10767=CARTESIAN_POINT('Origin',(36.8857039596146,20.7239650196444,1.5));
#10768=CARTESIAN_POINT('',(36.8857039596146,39.3158759669551,3.));
#10769=CARTESIAN_POINT('',(36.8857039596146,39.3158759669551,1.5));
#10770=CARTESIAN_POINT('Origin',(14.4477039596146,21.7239650196444,1.5));
#10771=CARTESIAN_POINT('',(28.4477039596146,21.7239650196444,3.));
#10772=CARTESIAN_POINT('',(14.4477039596146,21.7239650196444,3.));
#10773=CARTESIAN_POINT('',(83.4713570077283,21.7239650196444,3.));
#10774=CARTESIAN_POINT('',(28.4477039596146,21.7239650196444,1.5));
#10775=CARTESIAN_POINT('',(28.4477039596146,21.7239650196444,1.5));
#10776=CARTESIAN_POINT('',(14.4477039596146,21.7239650196444,1.5));
#10777=CARTESIAN_POINT('',(83.4713570077283,21.7239650196444,1.5));
#10778=CARTESIAN_POINT('',(14.4477039596146,21.7239650196444,1.5));
#10779=CARTESIAN_POINT('Origin',(14.4477039596146,35.7239650196444,1.5));
#10780=CARTESIAN_POINT('',(14.4477039596146,35.7239650196444,3.));
#10781=CARTESIAN_POINT('',(14.4477039596146,46.8158759669551,3.));
#10782=CARTESIAN_POINT('',(14.4477039596146,35.7239650196444,1.5));
#10783=CARTESIAN_POINT('',(14.4477039596146,46.8158759669551,1.5));
#10784=CARTESIAN_POINT('',(14.4477039596146,35.7239650196444,1.5));
#10785=CARTESIAN_POINT('Origin',(28.4477039596146,35.7239650196444,1.5));
#10786=CARTESIAN_POINT('',(28.4477039596146,35.7239650196444,3.));
#10787=CARTESIAN_POINT('',(90.4713570077283,35.7239650196444,3.));
#10788=CARTESIAN_POINT('',(28.4477039596146,35.7239650196444,1.5));
#10789=CARTESIAN_POINT('',(90.4713570077283,35.7239650196444,1.5));
#10790=CARTESIAN_POINT('',(28.4477039596146,35.7239650196444,1.5));
#10791=CARTESIAN_POINT('Origin',(28.4477039596146,21.7239650196444,1.5));
#10792=CARTESIAN_POINT('',(28.4477039596146,39.8158759669551,3.));
#10793=CARTESIAN_POINT('',(28.4477039596146,39.8158759669551,1.5));
#10794=CARTESIAN_POINT('Origin',(272.773203959615,39.7739650196444,1.5));
#10795=CARTESIAN_POINT('',(279.773203959615,39.7739650196444,3.));
#10796=CARTESIAN_POINT('',(272.773203959615,39.7739650196444,3.));
#10797=CARTESIAN_POINT('',(212.634107007728,39.7739650196444,3.));
#10798=CARTESIAN_POINT('',(279.773203959615,39.7739650196444,1.5));
#10799=CARTESIAN_POINT('',(279.773203959615,39.7739650196444,1.5));
#10800=CARTESIAN_POINT('',(272.773203959615,39.7739650196444,1.5));
#10801=CARTESIAN_POINT('',(212.634107007728,39.7739650196444,1.5));
#10802=CARTESIAN_POINT('',(272.773203959615,39.7739650196444,1.5));
#10803=CARTESIAN_POINT('Origin',(272.773203959615,54.7739650196444,1.5));
#10804=CARTESIAN_POINT('',(272.773203959615,54.7739650196444,3.));
#10805=CARTESIAN_POINT('',(272.773203959615,56.3408759669551,3.));
#10806=CARTESIAN_POINT('',(272.773203959615,54.7739650196444,1.5));
#10807=CARTESIAN_POINT('',(272.773203959615,56.3408759669551,1.5));
#10808=CARTESIAN_POINT('',(272.773203959615,54.7739650196444,1.5));
#10809=CARTESIAN_POINT('Origin',(279.773203959615,54.7739650196444,1.5));
#10810=CARTESIAN_POINT('',(279.773203959615,54.7739650196444,3.));
#10811=CARTESIAN_POINT('',(216.134107007728,54.7739650196444,3.));
#10812=CARTESIAN_POINT('',(279.773203959615,54.7739650196444,1.5));
#10813=CARTESIAN_POINT('',(216.134107007728,54.7739650196444,1.5));
#10814=CARTESIAN_POINT('',(279.773203959615,54.7739650196444,1.5));
#10815=CARTESIAN_POINT('Origin',(279.773203959615,39.7739650196444,1.5));
#10816=CARTESIAN_POINT('',(279.773203959615,48.8408759669551,3.));
#10817=CARTESIAN_POINT('',(279.773203959615,48.8408759669551,1.5));
#10818=CARTESIAN_POINT('Origin',(257.335203959615,40.7739650196444,1.5));
#10819=CARTESIAN_POINT('',(271.335203959615,40.7739650196444,3.));
#10820=CARTESIAN_POINT('',(257.335203959615,40.7739650196444,3.));
#10821=CARTESIAN_POINT('',(204.915107007728,40.7739650196444,3.));
#10822=CARTESIAN_POINT('',(271.335203959615,40.7739650196444,1.5));
#10823=CARTESIAN_POINT('',(271.335203959615,40.7739650196444,1.5));
#10824=CARTESIAN_POINT('',(257.335203959615,40.7739650196444,1.5));
#10825=CARTESIAN_POINT('',(204.915107007728,40.7739650196444,1.5));
#10826=CARTESIAN_POINT('',(257.335203959615,40.7739650196444,1.5));
#10827=CARTESIAN_POINT('Origin',(257.335203959615,54.7739650196444,1.5));
#10828=CARTESIAN_POINT('',(257.335203959615,54.7739650196444,3.));
#10829=CARTESIAN_POINT('',(257.335203959615,56.3408759669551,3.));
#10830=CARTESIAN_POINT('',(257.335203959615,54.7739650196444,1.5));
#10831=CARTESIAN_POINT('',(257.335203959615,56.3408759669551,1.5));
#10832=CARTESIAN_POINT('',(257.335203959615,54.7739650196444,1.5));
#10833=CARTESIAN_POINT('Origin',(271.335203959615,54.7739650196444,1.5));
#10834=CARTESIAN_POINT('',(271.335203959615,54.7739650196444,3.));
#10835=CARTESIAN_POINT('',(211.915107007728,54.7739650196444,3.));
#10836=CARTESIAN_POINT('',(271.335203959615,54.7739650196444,1.5));
#10837=CARTESIAN_POINT('',(211.915107007728,54.7739650196444,1.5));
#10838=CARTESIAN_POINT('',(271.335203959615,54.7739650196444,1.5));
#10839=CARTESIAN_POINT('Origin',(271.335203959615,40.7739650196444,1.5));
#10840=CARTESIAN_POINT('',(271.335203959615,49.3408759669551,3.));
#10841=CARTESIAN_POINT('',(271.335203959615,49.3408759669551,1.5));
#10842=CARTESIAN_POINT('Origin',(207.328953959615,40.7739650196444,1.5));
#10843=CARTESIAN_POINT('',(221.328953959615,40.7739650196444,3.));
#10844=CARTESIAN_POINT('',(207.328953959615,40.7739650196444,3.));
#10845=CARTESIAN_POINT('',(179.911982007728,40.7739650196444,3.));
#10846=CARTESIAN_POINT('',(221.328953959615,40.7739650196444,1.5));
#10847=CARTESIAN_POINT('',(221.328953959615,40.7739650196444,1.5));
#10848=CARTESIAN_POINT('',(207.328953959615,40.7739650196444,1.5));
#10849=CARTESIAN_POINT('',(179.911982007728,40.7739650196444,1.5));
#10850=CARTESIAN_POINT('',(207.328953959615,40.7739650196444,1.5));
#10851=CARTESIAN_POINT('Origin',(207.328953959615,54.7739650196444,1.5));
#10852=CARTESIAN_POINT('',(207.328953959615,54.7739650196444,3.));
#10853=CARTESIAN_POINT('',(207.328953959615,56.3408759669551,3.));
#10854=CARTESIAN_POINT('',(207.328953959615,54.7739650196444,1.5));
#10855=CARTESIAN_POINT('',(207.328953959615,56.3408759669551,1.5));
#10856=CARTESIAN_POINT('',(207.328953959615,54.7739650196444,1.5));
#10857=CARTESIAN_POINT('Origin',(221.328953959615,54.7739650196444,1.5));
#10858=CARTESIAN_POINT('',(221.328953959615,54.7739650196444,3.));
#10859=CARTESIAN_POINT('',(186.911982007728,54.7739650196444,3.));
#10860=CARTESIAN_POINT('',(221.328953959615,54.7739650196444,1.5));
#10861=CARTESIAN_POINT('',(186.911982007728,54.7739650196444,1.5));
#10862=CARTESIAN_POINT('',(221.328953959615,54.7739650196444,1.5));
#10863=CARTESIAN_POINT('Origin',(221.328953959615,40.7739650196444,1.5));
#10864=CARTESIAN_POINT('',(221.328953959615,49.3408759669551,3.));
#10865=CARTESIAN_POINT('',(221.328953959615,49.3408759669551,1.5));
#10866=CARTESIAN_POINT('Origin',(169.228953959615,40.7739650196444,1.5));
#10867=CARTESIAN_POINT('',(183.228953959615,40.7739650196444,3.));
#10868=CARTESIAN_POINT('',(169.228953959615,40.7739650196444,3.));
#10869=CARTESIAN_POINT('',(160.861982007728,40.7739650196444,3.));
#10870=CARTESIAN_POINT('',(183.228953959615,40.7739650196444,1.5));
#10871=CARTESIAN_POINT('',(183.228953959615,40.7739650196444,1.5));
#10872=CARTESIAN_POINT('',(169.228953959615,40.7739650196444,1.5));
#10873=CARTESIAN_POINT('',(160.861982007728,40.7739650196444,1.5));
#10874=CARTESIAN_POINT('',(169.228953959615,40.7739650196444,1.5));
#10875=CARTESIAN_POINT('Origin',(169.228953959615,54.7739650196444,1.5));
#10876=CARTESIAN_POINT('',(169.228953959615,54.7739650196444,3.));
#10877=CARTESIAN_POINT('',(169.228953959615,56.3408759669551,3.));
#10878=CARTESIAN_POINT('',(169.228953959615,54.7739650196444,1.5));
#10879=CARTESIAN_POINT('',(169.228953959615,56.3408759669551,1.5));
#10880=CARTESIAN_POINT('',(169.228953959615,54.7739650196444,1.5));
#10881=CARTESIAN_POINT('Origin',(183.228953959615,54.7739650196444,1.5));
#10882=CARTESIAN_POINT('',(183.228953959615,54.7739650196444,3.));
#10883=CARTESIAN_POINT('',(167.861982007728,54.7739650196444,3.));
#10884=CARTESIAN_POINT('',(183.228953959615,54.7739650196444,1.5));
#10885=CARTESIAN_POINT('',(167.861982007728,54.7739650196444,1.5));
#10886=CARTESIAN_POINT('',(183.228953959615,54.7739650196444,1.5));
#10887=CARTESIAN_POINT('Origin',(183.228953959615,40.7739650196444,1.5));
#10888=CARTESIAN_POINT('',(183.228953959615,49.3408759669551,3.));
#10889=CARTESIAN_POINT('',(183.228953959615,49.3408759669551,1.5));
#10890=CARTESIAN_POINT('Origin',(131.128953959615,40.7739650196444,1.5));
#10891=CARTESIAN_POINT('',(145.128953959615,40.7739650196444,3.));
#10892=CARTESIAN_POINT('',(131.128953959615,40.7739650196444,3.));
#10893=CARTESIAN_POINT('',(141.811982007728,40.7739650196444,3.));
#10894=CARTESIAN_POINT('',(145.128953959615,40.7739650196444,1.5));
#10895=CARTESIAN_POINT('',(145.128953959615,40.7739650196444,1.5));
#10896=CARTESIAN_POINT('',(131.128953959615,40.7739650196444,1.5));
#10897=CARTESIAN_POINT('',(141.811982007728,40.7739650196444,1.5));
#10898=CARTESIAN_POINT('',(131.128953959615,40.7739650196444,1.5));
#10899=CARTESIAN_POINT('Origin',(131.128953959615,54.7739650196444,1.5));
#10900=CARTESIAN_POINT('',(131.128953959615,54.7739650196444,3.));
#10901=CARTESIAN_POINT('',(131.128953959615,56.3408759669551,3.));
#10902=CARTESIAN_POINT('',(131.128953959615,54.7739650196444,1.5));
#10903=CARTESIAN_POINT('',(131.128953959615,56.3408759669551,1.5));
#10904=CARTESIAN_POINT('',(131.128953959615,54.7739650196444,1.5));
#10905=CARTESIAN_POINT('Origin',(145.128953959615,54.7739650196444,1.5));
#10906=CARTESIAN_POINT('',(145.128953959615,54.7739650196444,3.));
#10907=CARTESIAN_POINT('',(148.811982007728,54.7739650196444,3.));
#10908=CARTESIAN_POINT('',(145.128953959615,54.7739650196444,1.5));
#10909=CARTESIAN_POINT('',(148.811982007728,54.7739650196444,1.5));
#10910=CARTESIAN_POINT('',(145.128953959615,54.7739650196444,1.5));
#10911=CARTESIAN_POINT('Origin',(145.128953959615,40.7739650196444,1.5));
#10912=CARTESIAN_POINT('',(145.128953959615,49.3408759669551,3.));
#10913=CARTESIAN_POINT('',(145.128953959615,49.3408759669551,1.5));
#10914=CARTESIAN_POINT('Origin',(93.0289539596147,40.7739650196444,1.5));
#10915=CARTESIAN_POINT('',(107.028953959615,40.7739650196444,3.));
#10916=CARTESIAN_POINT('',(93.0289539596147,40.7739650196444,3.));
#10917=CARTESIAN_POINT('',(122.761982007728,40.7739650196444,3.));
#10918=CARTESIAN_POINT('',(107.028953959615,40.7739650196444,1.5));
#10919=CARTESIAN_POINT('',(107.028953959615,40.7739650196444,1.5));
#10920=CARTESIAN_POINT('',(93.0289539596147,40.7739650196444,1.5));
#10921=CARTESIAN_POINT('',(122.761982007728,40.7739650196444,1.5));
#10922=CARTESIAN_POINT('',(93.0289539596147,40.7739650196444,1.5));
#10923=CARTESIAN_POINT('Origin',(93.0289539596147,54.7739650196444,1.5));
#10924=CARTESIAN_POINT('',(93.0289539596147,54.7739650196444,3.));
#10925=CARTESIAN_POINT('',(93.0289539596147,56.3408759669551,3.));
#10926=CARTESIAN_POINT('',(93.0289539596147,54.7739650196444,1.5));
#10927=CARTESIAN_POINT('',(93.0289539596147,56.3408759669551,1.5));
#10928=CARTESIAN_POINT('',(93.0289539596147,54.7739650196444,1.5));
#10929=CARTESIAN_POINT('Origin',(107.028953959615,54.7739650196444,1.5));
#10930=CARTESIAN_POINT('',(107.028953959615,54.7739650196444,3.));
#10931=CARTESIAN_POINT('',(129.761982007728,54.7739650196444,3.));
#10932=CARTESIAN_POINT('',(107.028953959615,54.7739650196444,1.5));
#10933=CARTESIAN_POINT('',(129.761982007728,54.7739650196444,1.5));
#10934=CARTESIAN_POINT('',(107.028953959615,54.7739650196444,1.5));
#10935=CARTESIAN_POINT('Origin',(107.028953959615,40.7739650196444,1.5));
#10936=CARTESIAN_POINT('',(107.028953959615,49.3408759669551,3.));
#10937=CARTESIAN_POINT('',(107.028953959615,49.3408759669551,1.5));
#10938=CARTESIAN_POINT('Origin',(54.9289539596147,40.7739650196444,1.5));
#10939=CARTESIAN_POINT('',(68.9289539596146,40.7739650196444,3.));
#10940=CARTESIAN_POINT('',(54.9289539596147,40.7739650196444,3.));
#10941=CARTESIAN_POINT('',(103.711982007728,40.7739650196444,3.));
#10942=CARTESIAN_POINT('',(68.9289539596146,40.7739650196444,1.5));
#10943=CARTESIAN_POINT('',(68.9289539596146,40.7739650196444,1.5));
#10944=CARTESIAN_POINT('',(54.9289539596147,40.7739650196444,1.5));
#10945=CARTESIAN_POINT('',(103.711982007728,40.7739650196444,1.5));
#10946=CARTESIAN_POINT('',(54.9289539596147,40.7739650196444,1.5));
#10947=CARTESIAN_POINT('Origin',(54.9289539596147,54.7739650196444,1.5));
#10948=CARTESIAN_POINT('',(54.9289539596147,54.7739650196444,3.));
#10949=CARTESIAN_POINT('',(54.9289539596147,56.3408759669551,3.));
#10950=CARTESIAN_POINT('',(54.9289539596147,54.7739650196444,1.5));
#10951=CARTESIAN_POINT('',(54.9289539596147,56.3408759669551,1.5));
#10952=CARTESIAN_POINT('',(54.9289539596147,54.7739650196444,1.5));
#10953=CARTESIAN_POINT('Origin',(68.9289539596146,54.7739650196444,1.5));
#10954=CARTESIAN_POINT('',(68.9289539596146,54.7739650196444,3.));
#10955=CARTESIAN_POINT('',(110.711982007728,54.7739650196444,3.));
#10956=CARTESIAN_POINT('',(68.9289539596146,54.7739650196444,1.5));
#10957=CARTESIAN_POINT('',(110.711982007728,54.7739650196444,1.5));
#10958=CARTESIAN_POINT('',(68.9289539596146,54.7739650196444,1.5));
#10959=CARTESIAN_POINT('Origin',(68.9289539596146,40.7739650196444,1.5));
#10960=CARTESIAN_POINT('',(68.9289539596146,49.3408759669551,3.));
#10961=CARTESIAN_POINT('',(68.9289539596146,49.3408759669551,1.5));
#10962=CARTESIAN_POINT('Origin',(9.68520395961464,40.7739650196444,1.5));
#10963=CARTESIAN_POINT('',(23.6852039596146,40.7739650196444,3.));
#10964=CARTESIAN_POINT('',(9.68520395961464,40.7739650196444,3.));
#10965=CARTESIAN_POINT('',(81.0901070077283,40.7739650196444,3.));
#10966=CARTESIAN_POINT('',(23.6852039596146,40.7739650196444,1.5));
#10967=CARTESIAN_POINT('',(23.6852039596146,40.7739650196444,1.5));
#10968=CARTESIAN_POINT('',(9.68520395961464,40.7739650196444,1.5));
#10969=CARTESIAN_POINT('',(81.0901070077283,40.7739650196444,1.5));
#10970=CARTESIAN_POINT('',(9.68520395961464,40.7739650196444,1.5));
#10971=CARTESIAN_POINT('Origin',(9.68520395961464,54.7739650196444,1.5));
#10972=CARTESIAN_POINT('',(9.68520395961464,54.7739650196444,3.));
#10973=CARTESIAN_POINT('',(9.68520395961464,56.3408759669551,3.));
#10974=CARTESIAN_POINT('',(9.68520395961464,54.7739650196444,1.5));
#10975=CARTESIAN_POINT('',(9.68520395961464,56.3408759669551,1.5));
#10976=CARTESIAN_POINT('',(9.68520395961464,54.7739650196444,1.5));
#10977=CARTESIAN_POINT('Origin',(23.6852039596146,54.7739650196444,1.5));
#10978=CARTESIAN_POINT('',(23.6852039596146,54.7739650196444,3.));
#10979=CARTESIAN_POINT('',(88.0901070077283,54.7739650196444,3.));
#10980=CARTESIAN_POINT('',(23.6852039596146,54.7739650196444,1.5));
#10981=CARTESIAN_POINT('',(88.0901070077283,54.7739650196444,1.5));
#10982=CARTESIAN_POINT('',(23.6852039596146,54.7739650196444,1.5));
#10983=CARTESIAN_POINT('Origin',(23.6852039596146,40.7739650196444,1.5));
#10984=CARTESIAN_POINT('',(23.6852039596146,49.3408759669551,3.));
#10985=CARTESIAN_POINT('',(23.6852039596146,49.3408759669551,1.5));
#10986=CARTESIAN_POINT('Origin',(264.478953959615,59.8239650196444,1.5));
#10987=CARTESIAN_POINT('',(278.478953959615,59.8239650196444,3.));
#10988=CARTESIAN_POINT('',(264.478953959615,59.8239650196444,3.));
#10989=CARTESIAN_POINT('',(208.486982007728,59.8239650196444,3.));
#10990=CARTESIAN_POINT('',(278.478953959615,59.8239650196444,1.5));
#10991=CARTESIAN_POINT('',(278.478953959615,59.8239650196444,1.5));
#10992=CARTESIAN_POINT('',(264.478953959615,59.8239650196444,1.5));
#10993=CARTESIAN_POINT('',(208.486982007728,59.8239650196444,1.5));
#10994=CARTESIAN_POINT('',(264.478953959615,59.8239650196444,1.5));
#10995=CARTESIAN_POINT('Origin',(264.478953959615,73.8239650196444,1.5));
#10996=CARTESIAN_POINT('',(264.478953959615,73.8239650196444,3.));
#10997=CARTESIAN_POINT('',(264.478953959615,65.8658759669551,3.));
#10998=CARTESIAN_POINT('',(264.478953959615,73.8239650196444,1.5));
#10999=CARTESIAN_POINT('',(264.478953959615,65.8658759669551,1.5));
#11000=CARTESIAN_POINT('',(264.478953959615,73.8239650196444,1.5));
#11001=CARTESIAN_POINT('Origin',(278.478953959615,73.8239650196444,1.5));
#11002=CARTESIAN_POINT('',(278.478953959615,73.8239650196444,3.));
#11003=CARTESIAN_POINT('',(215.486982007728,73.8239650196444,3.));
#11004=CARTESIAN_POINT('',(278.478953959615,73.8239650196444,1.5));
#11005=CARTESIAN_POINT('',(215.486982007728,73.8239650196444,1.5));
#11006=CARTESIAN_POINT('',(278.478953959615,73.8239650196444,1.5));
#11007=CARTESIAN_POINT('Origin',(278.478953959615,59.8239650196444,1.5));
#11008=CARTESIAN_POINT('',(278.478953959615,58.8658759669551,3.));
#11009=CARTESIAN_POINT('',(278.478953959615,58.8658759669551,1.5));
#11010=CARTESIAN_POINT('Origin',(240.666453959615,59.8239650196444,1.5));
#11011=CARTESIAN_POINT('',(254.666453959615,59.8239650196444,3.));
#11012=CARTESIAN_POINT('',(240.666453959615,59.8239650196444,3.));
#11013=CARTESIAN_POINT('',(196.580732007728,59.8239650196444,3.));
#11014=CARTESIAN_POINT('',(254.666453959615,59.8239650196444,1.5));
#11015=CARTESIAN_POINT('',(254.666453959615,59.8239650196444,1.5));
#11016=CARTESIAN_POINT('',(240.666453959615,59.8239650196444,1.5));
#11017=CARTESIAN_POINT('',(196.580732007728,59.8239650196444,1.5));
#11018=CARTESIAN_POINT('',(240.666453959615,59.8239650196444,1.5));
#11019=CARTESIAN_POINT('Origin',(240.666453959615,73.8239650196444,1.5));
#11020=CARTESIAN_POINT('',(240.666453959615,73.8239650196444,3.));
#11021=CARTESIAN_POINT('',(240.666453959615,65.8658759669551,3.));
#11022=CARTESIAN_POINT('',(240.666453959615,73.8239650196444,1.5));
#11023=CARTESIAN_POINT('',(240.666453959615,65.8658759669551,1.5));
#11024=CARTESIAN_POINT('',(240.666453959615,73.8239650196444,1.5));
#11025=CARTESIAN_POINT('Origin',(254.666453959615,73.8239650196444,1.5));
#11026=CARTESIAN_POINT('',(254.666453959615,73.8239650196444,3.));
#11027=CARTESIAN_POINT('',(203.580732007728,73.8239650196444,3.));
#11028=CARTESIAN_POINT('',(254.666453959615,73.8239650196444,1.5));
#11029=CARTESIAN_POINT('',(203.580732007728,73.8239650196444,1.5));
#11030=CARTESIAN_POINT('',(254.666453959615,73.8239650196444,1.5));
#11031=CARTESIAN_POINT('Origin',(254.666453959615,59.8239650196444,1.5));
#11032=CARTESIAN_POINT('',(254.666453959615,58.8658759669551,3.));
#11033=CARTESIAN_POINT('',(254.666453959615,58.8658759669551,1.5));
#11034=CARTESIAN_POINT('Origin',(202.566453959615,59.8239650196444,1.5));
#11035=CARTESIAN_POINT('',(216.566453959615,59.8239650196444,3.));
#11036=CARTESIAN_POINT('',(202.566453959615,59.8239650196444,3.));
#11037=CARTESIAN_POINT('',(177.530732007728,59.8239650196444,3.));
#11038=CARTESIAN_POINT('',(216.566453959615,59.8239650196444,1.5));
#11039=CARTESIAN_POINT('',(216.566453959615,59.8239650196444,1.5));
#11040=CARTESIAN_POINT('',(202.566453959615,59.8239650196444,1.5));
#11041=CARTESIAN_POINT('',(177.530732007728,59.8239650196444,1.5));
#11042=CARTESIAN_POINT('',(202.566453959615,59.8239650196444,1.5));
#11043=CARTESIAN_POINT('Origin',(202.566453959615,73.8239650196444,1.5));
#11044=CARTESIAN_POINT('',(202.566453959615,73.8239650196444,3.));
#11045=CARTESIAN_POINT('',(202.566453959615,65.8658759669551,3.));
#11046=CARTESIAN_POINT('',(202.566453959615,73.8239650196444,1.5));
#11047=CARTESIAN_POINT('',(202.566453959615,65.8658759669551,1.5));
#11048=CARTESIAN_POINT('',(202.566453959615,73.8239650196444,1.5));
#11049=CARTESIAN_POINT('Origin',(216.566453959615,73.8239650196444,1.5));
#11050=CARTESIAN_POINT('',(216.566453959615,73.8239650196444,3.));
#11051=CARTESIAN_POINT('',(184.530732007728,73.8239650196444,3.));
#11052=CARTESIAN_POINT('',(216.566453959615,73.8239650196444,1.5));
#11053=CARTESIAN_POINT('',(184.530732007728,73.8239650196444,1.5));
#11054=CARTESIAN_POINT('',(216.566453959615,73.8239650196444,1.5));
#11055=CARTESIAN_POINT('Origin',(216.566453959615,59.8239650196444,1.5));
#11056=CARTESIAN_POINT('',(216.566453959615,58.8658759669551,3.));
#11057=CARTESIAN_POINT('',(216.566453959615,58.8658759669551,1.5));
#11058=CARTESIAN_POINT('Origin',(164.466453959615,59.8239650196444,1.5));
#11059=CARTESIAN_POINT('',(178.466453959615,59.8239650196444,3.));
#11060=CARTESIAN_POINT('',(164.466453959615,59.8239650196444,3.));
#11061=CARTESIAN_POINT('',(158.480732007728,59.8239650196444,3.));
#11062=CARTESIAN_POINT('',(178.466453959615,59.8239650196444,1.5));
#11063=CARTESIAN_POINT('',(178.466453959615,59.8239650196444,1.5));
#11064=CARTESIAN_POINT('',(164.466453959615,59.8239650196444,1.5));
#11065=CARTESIAN_POINT('',(158.480732007728,59.8239650196444,1.5));
#11066=CARTESIAN_POINT('',(164.466453959615,59.8239650196444,1.5));
#11067=CARTESIAN_POINT('Origin',(164.466453959615,73.8239650196444,1.5));
#11068=CARTESIAN_POINT('',(164.466453959615,73.8239650196444,3.));
#11069=CARTESIAN_POINT('',(164.466453959615,65.8658759669551,3.));
#11070=CARTESIAN_POINT('',(164.466453959615,73.8239650196444,1.5));
#11071=CARTESIAN_POINT('',(164.466453959615,65.8658759669551,1.5));
#11072=CARTESIAN_POINT('',(164.466453959615,73.8239650196444,1.5));
#11073=CARTESIAN_POINT('Origin',(178.466453959615,73.8239650196444,1.5));
#11074=CARTESIAN_POINT('',(178.466453959615,73.8239650196444,3.));
#11075=CARTESIAN_POINT('',(165.480732007728,73.8239650196444,3.));
#11076=CARTESIAN_POINT('',(178.466453959615,73.8239650196444,1.5));
#11077=CARTESIAN_POINT('',(165.480732007728,73.8239650196444,1.5));
#11078=CARTESIAN_POINT('',(178.466453959615,73.8239650196444,1.5));
#11079=CARTESIAN_POINT('Origin',(178.466453959615,59.8239650196444,1.5));
#11080=CARTESIAN_POINT('',(178.466453959615,58.8658759669551,3.));
#11081=CARTESIAN_POINT('',(178.466453959615,58.8658759669551,1.5));
#11082=CARTESIAN_POINT('Origin',(126.366453959615,59.8239650196444,1.5));
#11083=CARTESIAN_POINT('',(140.366453959615,59.8239650196444,3.));
#11084=CARTESIAN_POINT('',(126.366453959615,59.8239650196444,3.));
#11085=CARTESIAN_POINT('',(139.430732007728,59.8239650196444,3.));
#11086=CARTESIAN_POINT('',(140.366453959615,59.8239650196444,1.5));
#11087=CARTESIAN_POINT('',(140.366453959615,59.8239650196444,1.5));
#11088=CARTESIAN_POINT('',(126.366453959615,59.8239650196444,1.5));
#11089=CARTESIAN_POINT('',(139.430732007728,59.8239650196444,1.5));
#11090=CARTESIAN_POINT('',(126.366453959615,59.8239650196444,1.5));
#11091=CARTESIAN_POINT('Origin',(126.366453959615,73.8239650196444,1.5));
#11092=CARTESIAN_POINT('',(126.366453959615,73.8239650196444,3.));
#11093=CARTESIAN_POINT('',(126.366453959615,65.8658759669551,3.));
#11094=CARTESIAN_POINT('',(126.366453959615,73.8239650196444,1.5));
#11095=CARTESIAN_POINT('',(126.366453959615,65.8658759669551,1.5));
#11096=CARTESIAN_POINT('',(126.366453959615,73.8239650196444,1.5));
#11097=CARTESIAN_POINT('Origin',(140.366453959615,73.8239650196444,1.5));
#11098=CARTESIAN_POINT('',(140.366453959615,73.8239650196444,3.));
#11099=CARTESIAN_POINT('',(146.430732007728,73.8239650196444,3.));
#11100=CARTESIAN_POINT('',(140.366453959615,73.8239650196444,1.5));
#11101=CARTESIAN_POINT('',(146.430732007728,73.8239650196444,1.5));
#11102=CARTESIAN_POINT('',(140.366453959615,73.8239650196444,1.5));
#11103=CARTESIAN_POINT('Origin',(140.366453959615,59.8239650196444,1.5));
#11104=CARTESIAN_POINT('',(140.366453959615,58.8658759669551,3.));
#11105=CARTESIAN_POINT('',(140.366453959615,58.8658759669551,1.5));
#11106=CARTESIAN_POINT('Origin',(88.2664539596147,59.8239650196444,1.5));
#11107=CARTESIAN_POINT('',(102.266453959615,59.8239650196444,3.));
#11108=CARTESIAN_POINT('',(88.2664539596147,59.8239650196444,3.));
#11109=CARTESIAN_POINT('',(120.380732007728,59.8239650196444,3.));
#11110=CARTESIAN_POINT('',(102.266453959615,59.8239650196444,1.5));
#11111=CARTESIAN_POINT('',(102.266453959615,59.8239650196444,1.5));
#11112=CARTESIAN_POINT('',(88.2664539596147,59.8239650196444,1.5));
#11113=CARTESIAN_POINT('',(120.380732007728,59.8239650196444,1.5));
#11114=CARTESIAN_POINT('',(88.2664539596147,59.8239650196444,1.5));
#11115=CARTESIAN_POINT('Origin',(88.2664539596147,73.8239650196444,1.5));
#11116=CARTESIAN_POINT('',(88.2664539596147,73.8239650196444,3.));
#11117=CARTESIAN_POINT('',(88.2664539596147,65.8658759669551,3.));
#11118=CARTESIAN_POINT('',(88.2664539596147,73.8239650196444,1.5));
#11119=CARTESIAN_POINT('',(88.2664539596147,65.8658759669551,1.5));
#11120=CARTESIAN_POINT('',(88.2664539596147,73.8239650196444,1.5));
#11121=CARTESIAN_POINT('Origin',(102.266453959615,73.8239650196444,1.5));
#11122=CARTESIAN_POINT('',(102.266453959615,73.8239650196444,3.));
#11123=CARTESIAN_POINT('',(127.380732007728,73.8239650196444,3.));
#11124=CARTESIAN_POINT('',(102.266453959615,73.8239650196444,1.5));
#11125=CARTESIAN_POINT('',(127.380732007728,73.8239650196444,1.5));
#11126=CARTESIAN_POINT('',(102.266453959615,73.8239650196444,1.5));
#11127=CARTESIAN_POINT('Origin',(102.266453959615,59.8239650196444,1.5));
#11128=CARTESIAN_POINT('',(102.266453959615,58.8658759669551,3.));
#11129=CARTESIAN_POINT('',(102.266453959615,58.8658759669551,1.5));
#11130=CARTESIAN_POINT('Origin',(50.1664539596146,59.8239650196444,1.5));
#11131=CARTESIAN_POINT('',(64.1664539596147,59.8239650196444,3.));
#11132=CARTESIAN_POINT('',(50.1664539596146,59.8239650196444,3.));
#11133=CARTESIAN_POINT('',(101.330732007728,59.8239650196444,3.));
#11134=CARTESIAN_POINT('',(64.1664539596147,59.8239650196444,1.5));
#11135=CARTESIAN_POINT('',(64.1664539596147,59.8239650196444,1.5));
#11136=CARTESIAN_POINT('',(50.1664539596146,59.8239650196444,1.5));
#11137=CARTESIAN_POINT('',(101.330732007728,59.8239650196444,1.5));
#11138=CARTESIAN_POINT('',(50.1664539596146,59.8239650196444,1.5));
#11139=CARTESIAN_POINT('Origin',(50.1664539596146,73.8239650196444,1.5));
#11140=CARTESIAN_POINT('',(50.1664539596146,73.8239650196444,3.));
#11141=CARTESIAN_POINT('',(50.1664539596147,65.8658759669551,3.));
#11142=CARTESIAN_POINT('',(50.1664539596146,73.8239650196444,1.5));
#11143=CARTESIAN_POINT('',(50.1664539596147,65.8658759669551,1.5));
#11144=CARTESIAN_POINT('',(50.1664539596146,73.8239650196444,1.5));
#11145=CARTESIAN_POINT('Origin',(64.1664539596147,73.8239650196444,1.5));
#11146=CARTESIAN_POINT('',(64.1664539596147,73.8239650196444,3.));
#11147=CARTESIAN_POINT('',(108.330732007728,73.8239650196444,3.));
#11148=CARTESIAN_POINT('',(64.1664539596147,73.8239650196444,1.5));
#11149=CARTESIAN_POINT('',(108.330732007728,73.8239650196444,1.5));
#11150=CARTESIAN_POINT('',(64.1664539596147,73.8239650196444,1.5));
#11151=CARTESIAN_POINT('Origin',(64.1664539596147,59.8239650196444,1.5));
#11152=CARTESIAN_POINT('',(64.1664539596147,58.8658759669551,3.));
#11153=CARTESIAN_POINT('',(64.1664539596147,58.8658759669551,1.5));
#11154=CARTESIAN_POINT('Origin',(7.30395395961464,59.8239650196444,1.5));
#11155=CARTESIAN_POINT('',(21.3039539596146,59.8239650196444,3.));
#11156=CARTESIAN_POINT('',(7.30395395961464,59.8239650196444,3.));
#11157=CARTESIAN_POINT('',(79.8994820077283,59.8239650196444,3.));
#11158=CARTESIAN_POINT('',(21.3039539596146,59.8239650196444,1.5));
#11159=CARTESIAN_POINT('',(21.3039539596146,59.8239650196444,1.5));
#11160=CARTESIAN_POINT('',(7.30395395961464,59.8239650196444,1.5));
#11161=CARTESIAN_POINT('',(79.8994820077283,59.8239650196444,1.5));
#11162=CARTESIAN_POINT('',(7.30395395961464,59.8239650196444,1.5));
#11163=CARTESIAN_POINT('Origin',(7.30395395961464,73.8239650196444,1.5));
#11164=CARTESIAN_POINT('',(7.30395395961464,73.8239650196444,3.));
#11165=CARTESIAN_POINT('',(7.30395395961464,65.8658759669551,3.));
#11166=CARTESIAN_POINT('',(7.30395395961464,73.8239650196444,1.5));
#11167=CARTESIAN_POINT('',(7.30395395961464,65.8658759669551,1.5));
#11168=CARTESIAN_POINT('',(7.30395395961464,73.8239650196444,1.5));
#11169=CARTESIAN_POINT('Origin',(21.3039539596146,73.8239650196444,1.5));
#11170=CARTESIAN_POINT('',(21.3039539596146,73.8239650196444,3.));
#11171=CARTESIAN_POINT('',(86.8994820077283,73.8239650196444,3.));
#11172=CARTESIAN_POINT('',(21.3039539596146,73.8239650196444,1.5));
#11173=CARTESIAN_POINT('',(86.8994820077283,73.8239650196444,1.5));
#11174=CARTESIAN_POINT('',(21.3039539596146,73.8239650196444,1.5));
#11175=CARTESIAN_POINT('Origin',(21.3039539596146,59.8239650196444,1.5));
#11176=CARTESIAN_POINT('',(21.3039539596146,58.8658759669551,3.));
#11177=CARTESIAN_POINT('',(21.3039539596146,58.8658759669551,1.5));
#11178=CARTESIAN_POINT('Origin',(275.154453959615,77.8739650196444,1.5));
#11179=CARTESIAN_POINT('',(282.154453959615,77.8739650196444,3.));
#11180=CARTESIAN_POINT('',(275.154453959615,77.8739650196444,3.));
#11181=CARTESIAN_POINT('',(213.824732007728,77.8739650196444,3.));
#11182=CARTESIAN_POINT('',(282.154453959615,77.8739650196444,1.5));
#11183=CARTESIAN_POINT('',(282.154453959615,77.8739650196444,1.5));
#11184=CARTESIAN_POINT('',(275.154453959615,77.8739650196444,1.5));
#11185=CARTESIAN_POINT('',(213.824732007728,77.8739650196444,1.5));
#11186=CARTESIAN_POINT('',(275.154453959615,77.8739650196444,1.5));
#11187=CARTESIAN_POINT('Origin',(275.154453959615,92.8739650196444,1.5));
#11188=CARTESIAN_POINT('',(275.154453959615,92.8739650196444,3.));
#11189=CARTESIAN_POINT('',(275.154453959615,75.3908759669551,3.));
#11190=CARTESIAN_POINT('',(275.154453959615,92.8739650196444,1.5));
#11191=CARTESIAN_POINT('',(275.154453959615,75.3908759669551,1.5));
#11192=CARTESIAN_POINT('',(275.154453959615,92.8739650196444,1.5));
#11193=CARTESIAN_POINT('Origin',(282.154453959615,92.8739650196444,1.5));
#11194=CARTESIAN_POINT('',(282.154453959615,92.8739650196444,3.));
#11195=CARTESIAN_POINT('',(217.324732007728,92.8739650196444,3.));
#11196=CARTESIAN_POINT('',(282.154453959615,92.8739650196444,1.5));
#11197=CARTESIAN_POINT('',(217.324732007728,92.8739650196444,1.5));
#11198=CARTESIAN_POINT('',(282.154453959615,92.8739650196444,1.5));
#11199=CARTESIAN_POINT('Origin',(282.154453959615,77.8739650196444,1.5));
#11200=CARTESIAN_POINT('',(282.154453959615,67.8908759669551,3.));
#11201=CARTESIAN_POINT('',(282.154453959615,67.8908759669551,1.5));
#11202=CARTESIAN_POINT('Origin',(259.716453959615,78.8739650196444,1.5));
#11203=CARTESIAN_POINT('',(273.716453959615,78.8739650196444,3.));
#11204=CARTESIAN_POINT('',(259.716453959615,78.8739650196444,3.));
#11205=CARTESIAN_POINT('',(206.105732007728,78.8739650196444,3.));
#11206=CARTESIAN_POINT('',(273.716453959615,78.8739650196444,1.5));
#11207=CARTESIAN_POINT('',(273.716453959615,78.8739650196444,1.5));
#11208=CARTESIAN_POINT('',(259.716453959615,78.8739650196444,1.5));
#11209=CARTESIAN_POINT('',(206.105732007728,78.8739650196444,1.5));
#11210=CARTESIAN_POINT('',(259.716453959615,78.8739650196444,1.5));
#11211=CARTESIAN_POINT('Origin',(259.716453959615,92.8739650196444,1.5));
#11212=CARTESIAN_POINT('',(259.716453959615,92.8739650196444,3.));
#11213=CARTESIAN_POINT('',(259.716453959615,75.3908759669551,3.));
#11214=CARTESIAN_POINT('',(259.716453959615,92.8739650196444,1.5));
#11215=CARTESIAN_POINT('',(259.716453959615,75.3908759669551,1.5));
#11216=CARTESIAN_POINT('',(259.716453959615,92.8739650196444,1.5));
#11217=CARTESIAN_POINT('Origin',(273.716453959615,92.8739650196444,1.5));
#11218=CARTESIAN_POINT('',(273.716453959615,92.8739650196444,3.));
#11219=CARTESIAN_POINT('',(213.105732007728,92.8739650196444,3.));
#11220=CARTESIAN_POINT('',(273.716453959615,92.8739650196444,1.5));
#11221=CARTESIAN_POINT('',(213.105732007728,92.8739650196444,1.5));
#11222=CARTESIAN_POINT('',(273.716453959615,92.8739650196444,1.5));
#11223=CARTESIAN_POINT('Origin',(273.716453959615,78.8739650196444,1.5));
#11224=CARTESIAN_POINT('',(273.716453959615,68.3908759669551,3.));
#11225=CARTESIAN_POINT('',(273.716453959615,68.3908759669551,1.5));
#11226=CARTESIAN_POINT('Origin',(212.091453959615,78.8739650196444,1.5));
#11227=CARTESIAN_POINT('',(226.091453959615,78.8739650196444,3.));
#11228=CARTESIAN_POINT('',(212.091453959615,78.8739650196444,3.));
#11229=CARTESIAN_POINT('',(182.293232007728,78.8739650196444,3.));
#11230=CARTESIAN_POINT('',(226.091453959615,78.8739650196444,1.5));
#11231=CARTESIAN_POINT('',(226.091453959615,78.8739650196444,1.5));
#11232=CARTESIAN_POINT('',(212.091453959615,78.8739650196444,1.5));
#11233=CARTESIAN_POINT('',(182.293232007728,78.8739650196444,1.5));
#11234=CARTESIAN_POINT('',(212.091453959615,78.8739650196444,1.5));
#11235=CARTESIAN_POINT('Origin',(212.091453959615,92.8739650196444,1.5));
#11236=CARTESIAN_POINT('',(212.091453959615,92.8739650196444,3.));
#11237=CARTESIAN_POINT('',(212.091453959615,75.3908759669551,3.));
#11238=CARTESIAN_POINT('',(212.091453959615,92.8739650196444,1.5));
#11239=CARTESIAN_POINT('',(212.091453959615,75.3908759669551,1.5));
#11240=CARTESIAN_POINT('',(212.091453959615,92.8739650196444,1.5));
#11241=CARTESIAN_POINT('Origin',(226.091453959615,92.8739650196444,1.5));
#11242=CARTESIAN_POINT('',(226.091453959615,92.8739650196444,3.));
#11243=CARTESIAN_POINT('',(189.293232007728,92.8739650196444,3.));
#11244=CARTESIAN_POINT('',(226.091453959615,92.8739650196444,1.5));
#11245=CARTESIAN_POINT('',(189.293232007728,92.8739650196444,1.5));
#11246=CARTESIAN_POINT('',(226.091453959615,92.8739650196444,1.5));
#11247=CARTESIAN_POINT('Origin',(226.091453959615,78.8739650196444,1.5));
#11248=CARTESIAN_POINT('',(226.091453959615,68.3908759669551,3.));
#11249=CARTESIAN_POINT('',(226.091453959615,68.3908759669551,1.5));
#11250=CARTESIAN_POINT('Origin',(173.991453959615,78.8739650196444,1.5));
#11251=CARTESIAN_POINT('',(187.991453959615,78.8739650196444,3.));
#11252=CARTESIAN_POINT('',(173.991453959615,78.8739650196444,3.));
#11253=CARTESIAN_POINT('',(163.243232007728,78.8739650196444,3.));
#11254=CARTESIAN_POINT('',(187.991453959615,78.8739650196444,1.5));
#11255=CARTESIAN_POINT('',(187.991453959615,78.8739650196444,1.5));
#11256=CARTESIAN_POINT('',(173.991453959615,78.8739650196444,1.5));
#11257=CARTESIAN_POINT('',(163.243232007728,78.8739650196444,1.5));
#11258=CARTESIAN_POINT('',(173.991453959615,78.8739650196444,1.5));
#11259=CARTESIAN_POINT('Origin',(173.991453959615,92.8739650196444,1.5));
#11260=CARTESIAN_POINT('',(173.991453959615,92.8739650196444,3.));
#11261=CARTESIAN_POINT('',(173.991453959615,75.3908759669551,3.));
#11262=CARTESIAN_POINT('',(173.991453959615,92.8739650196444,1.5));
#11263=CARTESIAN_POINT('',(173.991453959615,75.3908759669551,1.5));
#11264=CARTESIAN_POINT('',(173.991453959615,92.8739650196444,1.5));
#11265=CARTESIAN_POINT('Origin',(187.991453959615,92.8739650196444,1.5));
#11266=CARTESIAN_POINT('',(187.991453959615,92.8739650196444,3.));
#11267=CARTESIAN_POINT('',(170.243232007728,92.8739650196444,3.));
#11268=CARTESIAN_POINT('',(187.991453959615,92.8739650196444,1.5));
#11269=CARTESIAN_POINT('',(170.243232007728,92.8739650196444,1.5));
#11270=CARTESIAN_POINT('',(187.991453959615,92.8739650196444,1.5));
#11271=CARTESIAN_POINT('Origin',(187.991453959615,78.8739650196444,1.5));
#11272=CARTESIAN_POINT('',(187.991453959615,68.3908759669551,3.));
#11273=CARTESIAN_POINT('',(187.991453959615,68.3908759669551,1.5));
#11274=CARTESIAN_POINT('Origin',(135.891453959615,78.8739650196444,1.5));
#11275=CARTESIAN_POINT('',(149.891453959615,78.8739650196444,3.));
#11276=CARTESIAN_POINT('',(135.891453959615,78.8739650196444,3.));
#11277=CARTESIAN_POINT('',(144.193232007728,78.8739650196444,3.));
#11278=CARTESIAN_POINT('',(149.891453959615,78.8739650196444,1.5));
#11279=CARTESIAN_POINT('',(149.891453959615,78.8739650196444,1.5));
#11280=CARTESIAN_POINT('',(135.891453959615,78.8739650196444,1.5));
#11281=CARTESIAN_POINT('',(144.193232007728,78.8739650196444,1.5));
#11282=CARTESIAN_POINT('',(135.891453959615,78.8739650196444,1.5));
#11283=CARTESIAN_POINT('Origin',(135.891453959615,92.8739650196444,1.5));
#11284=CARTESIAN_POINT('',(135.891453959615,92.8739650196444,3.));
#11285=CARTESIAN_POINT('',(135.891453959615,75.3908759669551,3.));
#11286=CARTESIAN_POINT('',(135.891453959615,92.8739650196444,1.5));
#11287=CARTESIAN_POINT('',(135.891453959615,75.3908759669551,1.5));
#11288=CARTESIAN_POINT('',(135.891453959615,92.8739650196444,1.5));
#11289=CARTESIAN_POINT('Origin',(149.891453959615,92.8739650196444,1.5));
#11290=CARTESIAN_POINT('',(149.891453959615,92.8739650196444,3.));
#11291=CARTESIAN_POINT('',(151.193232007728,92.8739650196444,3.));
#11292=CARTESIAN_POINT('',(149.891453959615,92.8739650196444,1.5));
#11293=CARTESIAN_POINT('',(151.193232007728,92.8739650196444,1.5));
#11294=CARTESIAN_POINT('',(149.891453959615,92.8739650196444,1.5));
#11295=CARTESIAN_POINT('Origin',(149.891453959615,78.8739650196444,1.5));
#11296=CARTESIAN_POINT('',(149.891453959615,68.3908759669551,3.));
#11297=CARTESIAN_POINT('',(149.891453959615,68.3908759669551,1.5));
#11298=CARTESIAN_POINT('Origin',(97.7914539596147,78.8739650196444,1.5));
#11299=CARTESIAN_POINT('',(111.791453959615,78.8739650196444,3.));
#11300=CARTESIAN_POINT('',(97.7914539596147,78.8739650196444,3.));
#11301=CARTESIAN_POINT('',(125.143232007728,78.8739650196444,3.));
#11302=CARTESIAN_POINT('',(111.791453959615,78.8739650196444,1.5));
#11303=CARTESIAN_POINT('',(111.791453959615,78.8739650196444,1.5));
#11304=CARTESIAN_POINT('',(97.7914539596147,78.8739650196444,1.5));
#11305=CARTESIAN_POINT('',(125.143232007728,78.8739650196444,1.5));
#11306=CARTESIAN_POINT('',(97.7914539596147,78.8739650196444,1.5));
#11307=CARTESIAN_POINT('Origin',(97.7914539596147,92.8739650196444,1.5));
#11308=CARTESIAN_POINT('',(97.7914539596147,92.8739650196444,3.));
#11309=CARTESIAN_POINT('',(97.7914539596147,75.3908759669551,3.));
#11310=CARTESIAN_POINT('',(97.7914539596147,92.8739650196444,1.5));
#11311=CARTESIAN_POINT('',(97.7914539596147,75.3908759669551,1.5));
#11312=CARTESIAN_POINT('',(97.7914539596147,92.8739650196444,1.5));
#11313=CARTESIAN_POINT('Origin',(111.791453959615,92.8739650196444,1.5));
#11314=CARTESIAN_POINT('',(111.791453959615,92.8739650196444,3.));
#11315=CARTESIAN_POINT('',(132.143232007728,92.8739650196444,3.));
#11316=CARTESIAN_POINT('',(111.791453959615,92.8739650196444,1.5));
#11317=CARTESIAN_POINT('',(132.143232007728,92.8739650196444,1.5));
#11318=CARTESIAN_POINT('',(111.791453959615,92.8739650196444,1.5));
#11319=CARTESIAN_POINT('Origin',(111.791453959615,78.8739650196444,1.5));
#11320=CARTESIAN_POINT('',(111.791453959615,68.3908759669551,3.));
#11321=CARTESIAN_POINT('',(111.791453959615,68.3908759669551,1.5));
#11322=CARTESIAN_POINT('Origin',(59.6914539596146,78.8739650196444,1.5));
#11323=CARTESIAN_POINT('',(73.6914539596146,78.8739650196444,3.));
#11324=CARTESIAN_POINT('',(59.6914539596146,78.8739650196444,3.));
#11325=CARTESIAN_POINT('',(106.093232007728,78.8739650196444,3.));
#11326=CARTESIAN_POINT('',(73.6914539596146,78.8739650196444,1.5));
#11327=CARTESIAN_POINT('',(73.6914539596146,78.8739650196444,1.5));
#11328=CARTESIAN_POINT('',(59.6914539596146,78.8739650196444,1.5));
#11329=CARTESIAN_POINT('',(106.093232007728,78.8739650196444,1.5));
#11330=CARTESIAN_POINT('',(59.6914539596146,78.8739650196444,1.5));
#11331=CARTESIAN_POINT('Origin',(59.6914539596146,92.8739650196444,1.5));
#11332=CARTESIAN_POINT('',(59.6914539596146,92.8739650196444,3.));
#11333=CARTESIAN_POINT('',(59.6914539596146,75.3908759669551,3.));
#11334=CARTESIAN_POINT('',(59.6914539596146,92.8739650196444,1.5));
#11335=CARTESIAN_POINT('',(59.6914539596146,75.3908759669551,1.5));
#11336=CARTESIAN_POINT('',(59.6914539596146,92.8739650196444,1.5));
#11337=CARTESIAN_POINT('Origin',(73.6914539596146,92.8739650196444,1.5));
#11338=CARTESIAN_POINT('',(73.6914539596146,92.8739650196444,3.));
#11339=CARTESIAN_POINT('',(113.093232007728,92.8739650196444,3.));
#11340=CARTESIAN_POINT('',(73.6914539596146,92.8739650196444,1.5));
#11341=CARTESIAN_POINT('',(113.093232007728,92.8739650196444,1.5));
#11342=CARTESIAN_POINT('',(73.6914539596146,92.8739650196444,1.5));
#11343=CARTESIAN_POINT('Origin',(73.6914539596146,78.8739650196444,1.5));
#11344=CARTESIAN_POINT('',(73.6914539596146,68.3908759669551,3.));
#11345=CARTESIAN_POINT('',(73.6914539596146,68.3908759669551,1.5));
#11346=CARTESIAN_POINT('Origin',(21.5914539596146,78.8739650196444,1.5));
#11347=CARTESIAN_POINT('',(35.5914539596146,78.8739650196444,3.));
#11348=CARTESIAN_POINT('',(21.5914539596146,78.8739650196444,3.));
#11349=CARTESIAN_POINT('',(87.0432320077283,78.8739650196444,3.));
#11350=CARTESIAN_POINT('',(35.5914539596146,78.8739650196444,1.5));
#11351=CARTESIAN_POINT('',(35.5914539596146,78.8739650196444,1.5));
#11352=CARTESIAN_POINT('',(21.5914539596146,78.8739650196444,1.5));
#11353=CARTESIAN_POINT('',(87.0432320077283,78.8739650196444,1.5));
#11354=CARTESIAN_POINT('',(21.5914539596146,78.8739650196444,1.5));
#11355=CARTESIAN_POINT('Origin',(21.5914539596146,92.8739650196444,1.5));
#11356=CARTESIAN_POINT('',(21.5914539596146,92.8739650196444,3.));
#11357=CARTESIAN_POINT('',(21.5914539596147,75.3908759669551,3.));
#11358=CARTESIAN_POINT('',(21.5914539596146,92.8739650196444,1.5));
#11359=CARTESIAN_POINT('',(21.5914539596147,75.3908759669551,1.5));
#11360=CARTESIAN_POINT('',(21.5914539596146,92.8739650196444,1.5));
#11361=CARTESIAN_POINT('Origin',(35.5914539596146,92.8739650196444,1.5));
#11362=CARTESIAN_POINT('',(35.5914539596146,92.8739650196444,3.));
#11363=CARTESIAN_POINT('',(94.0432320077283,92.8739650196444,3.));
#11364=CARTESIAN_POINT('',(35.5914539596146,92.8739650196444,1.5));
#11365=CARTESIAN_POINT('',(94.0432320077283,92.8739650196444,1.5));
#11366=CARTESIAN_POINT('',(35.5914539596146,92.8739650196444,1.5));
#11367=CARTESIAN_POINT('Origin',(35.5914539596146,78.8739650196444,1.5));
#11368=CARTESIAN_POINT('',(35.5914539596146,68.3908759669551,3.));
#11369=CARTESIAN_POINT('',(35.5914539596146,68.3908759669551,1.5));
#11370=CARTESIAN_POINT('Origin',(288.291453959615,97.9239650196444,1.5));
#11371=CARTESIAN_POINT('',(302.291453959615,97.9239650196444,3.));
#11372=CARTESIAN_POINT('',(288.291453959615,97.9239650196444,3.));
#11373=CARTESIAN_POINT('',(220.393232007728,97.9239650196444,3.));
#11374=CARTESIAN_POINT('',(302.291453959615,97.9239650196444,1.5));
#11375=CARTESIAN_POINT('',(302.291453959615,97.9239650196444,1.5));
#11376=CARTESIAN_POINT('',(288.291453959615,97.9239650196444,1.5));
#11377=CARTESIAN_POINT('',(220.393232007728,97.9239650196444,1.5));
#11378=CARTESIAN_POINT('',(288.291453959615,97.9239650196444,1.5));
#11379=CARTESIAN_POINT('Origin',(288.291453959615,111.923965019644,1.5));
#11380=CARTESIAN_POINT('',(288.291453959615,111.923965019644,3.));
#11381=CARTESIAN_POINT('',(288.291453959615,84.9158759669551,3.));
#11382=CARTESIAN_POINT('',(288.291453959615,111.923965019644,1.5));
#11383=CARTESIAN_POINT('',(288.291453959615,84.9158759669551,1.5));
#11384=CARTESIAN_POINT('',(288.291453959615,111.923965019644,1.5));
#11385=CARTESIAN_POINT('Origin',(302.291453959615,111.923965019644,1.5));
#11386=CARTESIAN_POINT('',(302.291453959615,111.923965019644,3.));
#11387=CARTESIAN_POINT('',(227.393232007728,111.923965019644,3.));
#11388=CARTESIAN_POINT('',(302.291453959615,111.923965019644,1.5));
#11389=CARTESIAN_POINT('',(227.393232007728,111.923965019644,1.5));
#11390=CARTESIAN_POINT('',(302.291453959615,111.923965019644,1.5));
#11391=CARTESIAN_POINT('Origin',(302.291453959615,97.9239650196444,1.5));
#11392=CARTESIAN_POINT('',(302.291453959615,77.9158759669551,3.));
#11393=CARTESIAN_POINT('',(302.291453959615,77.9158759669551,1.5));
#11394=CARTESIAN_POINT('Origin',(250.191453959615,97.9239650196444,1.5));
#11395=CARTESIAN_POINT('',(264.191453959615,97.9239650196444,3.));
#11396=CARTESIAN_POINT('',(250.191453959615,97.9239650196444,3.));
#11397=CARTESIAN_POINT('',(201.343232007728,97.9239650196444,3.));
#11398=CARTESIAN_POINT('',(264.191453959615,97.9239650196444,1.5));
#11399=CARTESIAN_POINT('',(264.191453959615,97.9239650196444,1.5));
#11400=CARTESIAN_POINT('',(250.191453959615,97.9239650196444,1.5));
#11401=CARTESIAN_POINT('',(201.343232007728,97.9239650196444,1.5));
#11402=CARTESIAN_POINT('',(250.191453959615,97.9239650196444,1.5));
#11403=CARTESIAN_POINT('Origin',(250.191453959615,111.923965019644,1.5));
#11404=CARTESIAN_POINT('',(250.191453959615,111.923965019644,3.));
#11405=CARTESIAN_POINT('',(250.191453959615,84.9158759669551,3.));
#11406=CARTESIAN_POINT('',(250.191453959615,111.923965019644,1.5));
#11407=CARTESIAN_POINT('',(250.191453959615,84.9158759669551,1.5));
#11408=CARTESIAN_POINT('',(250.191453959615,111.923965019644,1.5));
#11409=CARTESIAN_POINT('Origin',(264.191453959615,111.923965019644,1.5));
#11410=CARTESIAN_POINT('',(264.191453959615,111.923965019644,3.));
#11411=CARTESIAN_POINT('',(208.343232007728,111.923965019644,3.));
#11412=CARTESIAN_POINT('',(264.191453959615,111.923965019644,1.5));
#11413=CARTESIAN_POINT('',(208.343232007728,111.923965019644,1.5));
#11414=CARTESIAN_POINT('',(264.191453959615,111.923965019644,1.5));
#11415=CARTESIAN_POINT('Origin',(264.191453959615,97.9239650196444,1.5));
#11416=CARTESIAN_POINT('',(264.191453959615,77.9158759669551,3.));
#11417=CARTESIAN_POINT('',(264.191453959615,77.9158759669551,1.5));
#11418=CARTESIAN_POINT('Origin',(212.091453959615,97.9239650196444,1.5));
#11419=CARTESIAN_POINT('',(226.091453959615,97.9239650196444,3.));
#11420=CARTESIAN_POINT('',(212.091453959615,97.9239650196444,3.));
#11421=CARTESIAN_POINT('',(182.293232007728,97.9239650196444,3.));
#11422=CARTESIAN_POINT('',(226.091453959615,97.9239650196444,1.5));
#11423=CARTESIAN_POINT('',(226.091453959615,97.9239650196444,1.5));
#11424=CARTESIAN_POINT('',(212.091453959615,97.9239650196444,1.5));
#11425=CARTESIAN_POINT('',(182.293232007728,97.9239650196444,1.5));
#11426=CARTESIAN_POINT('',(212.091453959615,97.9239650196444,1.5));
#11427=CARTESIAN_POINT('Origin',(212.091453959615,111.923965019644,1.5));
#11428=CARTESIAN_POINT('',(212.091453959615,111.923965019644,3.));
#11429=CARTESIAN_POINT('',(212.091453959615,84.9158759669551,3.));
#11430=CARTESIAN_POINT('',(212.091453959615,111.923965019644,1.5));
#11431=CARTESIAN_POINT('',(212.091453959615,84.9158759669551,1.5));
#11432=CARTESIAN_POINT('',(212.091453959615,111.923965019644,1.5));
#11433=CARTESIAN_POINT('Origin',(226.091453959615,111.923965019644,1.5));
#11434=CARTESIAN_POINT('',(226.091453959615,111.923965019644,3.));
#11435=CARTESIAN_POINT('',(189.293232007728,111.923965019644,3.));
#11436=CARTESIAN_POINT('',(226.091453959615,111.923965019644,1.5));
#11437=CARTESIAN_POINT('',(189.293232007728,111.923965019644,1.5));
#11438=CARTESIAN_POINT('',(226.091453959615,111.923965019644,1.5));
#11439=CARTESIAN_POINT('Origin',(226.091453959615,97.9239650196444,1.5));
#11440=CARTESIAN_POINT('',(226.091453959615,77.9158759669551,3.));
#11441=CARTESIAN_POINT('',(226.091453959615,77.9158759669551,1.5));
#11442=CARTESIAN_POINT('Origin',(173.991453959615,97.9239650196444,1.5));
#11443=CARTESIAN_POINT('',(187.991453959615,97.9239650196444,3.));
#11444=CARTESIAN_POINT('',(173.991453959615,97.9239650196444,3.));
#11445=CARTESIAN_POINT('',(163.243232007728,97.9239650196444,3.));
#11446=CARTESIAN_POINT('',(187.991453959615,97.9239650196444,1.5));
#11447=CARTESIAN_POINT('',(187.991453959615,97.9239650196444,1.5));
#11448=CARTESIAN_POINT('',(173.991453959615,97.9239650196444,1.5));
#11449=CARTESIAN_POINT('',(163.243232007728,97.9239650196444,1.5));
#11450=CARTESIAN_POINT('',(173.991453959615,97.9239650196444,1.5));
#11451=CARTESIAN_POINT('Origin',(173.991453959615,111.923965019644,1.5));
#11452=CARTESIAN_POINT('',(173.991453959615,111.923965019644,3.));
#11453=CARTESIAN_POINT('',(173.991453959615,84.9158759669551,3.));
#11454=CARTESIAN_POINT('',(173.991453959615,111.923965019644,1.5));
#11455=CARTESIAN_POINT('',(173.991453959615,84.9158759669551,1.5));
#11456=CARTESIAN_POINT('',(173.991453959615,111.923965019644,1.5));
#11457=CARTESIAN_POINT('Origin',(187.991453959615,111.923965019644,1.5));
#11458=CARTESIAN_POINT('',(187.991453959615,111.923965019644,3.));
#11459=CARTESIAN_POINT('',(170.243232007728,111.923965019644,3.));
#11460=CARTESIAN_POINT('',(187.991453959615,111.923965019644,1.5));
#11461=CARTESIAN_POINT('',(170.243232007728,111.923965019644,1.5));
#11462=CARTESIAN_POINT('',(187.991453959615,111.923965019644,1.5));
#11463=CARTESIAN_POINT('Origin',(187.991453959615,97.9239650196444,1.5));
#11464=CARTESIAN_POINT('',(187.991453959615,77.9158759669551,3.));
#11465=CARTESIAN_POINT('',(187.991453959615,77.9158759669551,1.5));
#11466=CARTESIAN_POINT('Origin',(135.891453959615,97.9239650196444,1.5));
#11467=CARTESIAN_POINT('',(149.891453959615,97.9239650196444,3.));
#11468=CARTESIAN_POINT('',(135.891453959615,97.9239650196444,3.));
#11469=CARTESIAN_POINT('',(144.193232007728,97.9239650196444,3.));
#11470=CARTESIAN_POINT('',(149.891453959615,97.9239650196444,1.5));
#11471=CARTESIAN_POINT('',(149.891453959615,97.9239650196444,1.5));
#11472=CARTESIAN_POINT('',(135.891453959615,97.9239650196444,1.5));
#11473=CARTESIAN_POINT('',(144.193232007728,97.9239650196444,1.5));
#11474=CARTESIAN_POINT('',(135.891453959615,97.9239650196444,1.5));
#11475=CARTESIAN_POINT('Origin',(135.891453959615,111.923965019644,1.5));
#11476=CARTESIAN_POINT('',(135.891453959615,111.923965019644,3.));
#11477=CARTESIAN_POINT('',(135.891453959615,84.9158759669551,3.));
#11478=CARTESIAN_POINT('',(135.891453959615,111.923965019644,1.5));
#11479=CARTESIAN_POINT('',(135.891453959615,84.9158759669551,1.5));
#11480=CARTESIAN_POINT('',(135.891453959615,111.923965019644,1.5));
#11481=CARTESIAN_POINT('Origin',(149.891453959615,111.923965019644,1.5));
#11482=CARTESIAN_POINT('',(149.891453959615,111.923965019644,3.));
#11483=CARTESIAN_POINT('',(151.193232007728,111.923965019644,3.));
#11484=CARTESIAN_POINT('',(149.891453959615,111.923965019644,1.5));
#11485=CARTESIAN_POINT('',(151.193232007728,111.923965019644,1.5));
#11486=CARTESIAN_POINT('',(149.891453959615,111.923965019644,1.5));
#11487=CARTESIAN_POINT('Origin',(149.891453959615,97.9239650196444,1.5));
#11488=CARTESIAN_POINT('',(149.891453959615,77.9158759669551,3.));
#11489=CARTESIAN_POINT('',(149.891453959615,77.9158759669551,1.5));
#11490=CARTESIAN_POINT('Origin',(97.7914539596147,97.9239650196444,1.5));
#11491=CARTESIAN_POINT('',(111.791453959615,97.9239650196444,3.));
#11492=CARTESIAN_POINT('',(97.7914539596147,97.9239650196444,3.));
#11493=CARTESIAN_POINT('',(125.143232007728,97.9239650196444,3.));
#11494=CARTESIAN_POINT('',(111.791453959615,97.9239650196444,1.5));
#11495=CARTESIAN_POINT('',(111.791453959615,97.9239650196444,1.5));
#11496=CARTESIAN_POINT('',(97.7914539596147,97.9239650196444,1.5));
#11497=CARTESIAN_POINT('',(125.143232007728,97.9239650196444,1.5));
#11498=CARTESIAN_POINT('',(97.7914539596147,97.9239650196444,1.5));
#11499=CARTESIAN_POINT('Origin',(97.7914539596147,111.923965019644,1.5));
#11500=CARTESIAN_POINT('',(97.7914539596147,111.923965019644,3.));
#11501=CARTESIAN_POINT('',(97.7914539596147,84.9158759669551,3.));
#11502=CARTESIAN_POINT('',(97.7914539596147,111.923965019644,1.5));
#11503=CARTESIAN_POINT('',(97.7914539596147,84.9158759669551,1.5));
#11504=CARTESIAN_POINT('',(97.7914539596147,111.923965019644,1.5));
#11505=CARTESIAN_POINT('Origin',(111.791453959615,111.923965019644,1.5));
#11506=CARTESIAN_POINT('',(111.791453959615,111.923965019644,3.));
#11507=CARTESIAN_POINT('',(132.143232007728,111.923965019644,3.));
#11508=CARTESIAN_POINT('',(111.791453959615,111.923965019644,1.5));
#11509=CARTESIAN_POINT('',(132.143232007728,111.923965019644,1.5));
#11510=CARTESIAN_POINT('',(111.791453959615,111.923965019644,1.5));
#11511=CARTESIAN_POINT('Origin',(111.791453959615,97.9239650196444,1.5));
#11512=CARTESIAN_POINT('',(111.791453959615,77.9158759669551,3.));
#11513=CARTESIAN_POINT('',(111.791453959615,77.9158759669551,1.5));
#11514=CARTESIAN_POINT('Origin',(59.6914539596146,97.9239650196444,1.5));
#11515=CARTESIAN_POINT('',(73.6914539596146,97.9239650196444,3.));
#11516=CARTESIAN_POINT('',(59.6914539596146,97.9239650196444,3.));
#11517=CARTESIAN_POINT('',(106.093232007728,97.9239650196444,3.));
#11518=CARTESIAN_POINT('',(73.6914539596146,97.9239650196444,1.5));
#11519=CARTESIAN_POINT('',(73.6914539596146,97.9239650196444,1.5));
#11520=CARTESIAN_POINT('',(59.6914539596146,97.9239650196444,1.5));
#11521=CARTESIAN_POINT('',(106.093232007728,97.9239650196444,1.5));
#11522=CARTESIAN_POINT('',(59.6914539596146,97.9239650196444,1.5));
#11523=CARTESIAN_POINT('Origin',(59.6914539596146,111.923965019644,1.5));
#11524=CARTESIAN_POINT('',(59.6914539596146,111.923965019644,3.));
#11525=CARTESIAN_POINT('',(59.6914539596146,84.9158759669551,3.));
#11526=CARTESIAN_POINT('',(59.6914539596146,111.923965019644,1.5));
#11527=CARTESIAN_POINT('',(59.6914539596146,84.9158759669551,1.5));
#11528=CARTESIAN_POINT('',(59.6914539596146,111.923965019644,1.5));
#11529=CARTESIAN_POINT('Origin',(73.6914539596146,111.923965019644,1.5));
#11530=CARTESIAN_POINT('',(73.6914539596146,111.923965019644,3.));
#11531=CARTESIAN_POINT('',(113.093232007728,111.923965019644,3.));
#11532=CARTESIAN_POINT('',(73.6914539596146,111.923965019644,1.5));
#11533=CARTESIAN_POINT('',(113.093232007728,111.923965019644,1.5));
#11534=CARTESIAN_POINT('',(73.6914539596146,111.923965019644,1.5));
#11535=CARTESIAN_POINT('Origin',(73.6914539596146,97.9239650196444,1.5));
#11536=CARTESIAN_POINT('',(73.6914539596146,77.9158759669551,3.));
#11537=CARTESIAN_POINT('',(73.6914539596146,77.9158759669551,1.5));
#11538=CARTESIAN_POINT('Origin',(21.5914539596146,97.9239650196444,1.5));
#11539=CARTESIAN_POINT('',(35.5914539596146,97.9239650196444,3.));
#11540=CARTESIAN_POINT('',(21.5914539596146,97.9239650196444,3.));
#11541=CARTESIAN_POINT('',(87.0432320077283,97.9239650196444,3.));
#11542=CARTESIAN_POINT('',(35.5914539596146,97.9239650196444,1.5));
#11543=CARTESIAN_POINT('',(35.5914539596146,97.9239650196444,1.5));
#11544=CARTESIAN_POINT('',(21.5914539596146,97.9239650196444,1.5));
#11545=CARTESIAN_POINT('',(87.0432320077283,97.9239650196444,1.5));
#11546=CARTESIAN_POINT('',(21.5914539596146,97.9239650196444,1.5));
#11547=CARTESIAN_POINT('Origin',(21.5914539596146,111.923965019644,1.5));
#11548=CARTESIAN_POINT('',(21.5914539596146,111.923965019644,3.));
#11549=CARTESIAN_POINT('',(21.5914539596147,84.9158759669551,3.));
#11550=CARTESIAN_POINT('',(21.5914539596146,111.923965019644,1.5));
#11551=CARTESIAN_POINT('',(21.5914539596147,84.9158759669551,1.5));
#11552=CARTESIAN_POINT('',(21.5914539596146,111.923965019644,1.5));
#11553=CARTESIAN_POINT('Origin',(35.5914539596146,111.923965019644,1.5));
#11554=CARTESIAN_POINT('',(35.5914539596146,111.923965019644,3.));
#11555=CARTESIAN_POINT('',(94.0432320077283,111.923965019644,3.));
#11556=CARTESIAN_POINT('',(35.5914539596146,111.923965019644,1.5));
#11557=CARTESIAN_POINT('',(94.0432320077283,111.923965019644,1.5));
#11558=CARTESIAN_POINT('',(35.5914539596146,111.923965019644,1.5));
#11559=CARTESIAN_POINT('Origin',(35.5914539596146,97.9239650196444,1.5));
#11560=CARTESIAN_POINT('',(35.5914539596146,77.9158759669551,3.));
#11561=CARTESIAN_POINT('',(35.5914539596146,77.9158759669551,1.5));
#11562=CARTESIAN_POINT('Origin',(40.6414539596146,97.9239650196444,1.5));
#11563=CARTESIAN_POINT('',(54.6414539596147,97.9239650196444,3.));
#11564=CARTESIAN_POINT('',(40.6414539596146,97.9239650196444,3.));
#11565=CARTESIAN_POINT('',(96.5682320077283,97.9239650196444,3.));
#11566=CARTESIAN_POINT('',(54.6414539596147,97.9239650196444,1.5));
#11567=CARTESIAN_POINT('',(54.6414539596147,97.9239650196444,1.5));
#11568=CARTESIAN_POINT('',(40.6414539596146,97.9239650196444,1.5));
#11569=CARTESIAN_POINT('',(96.5682320077283,97.9239650196444,1.5));
#11570=CARTESIAN_POINT('',(40.6414539596146,97.9239650196444,1.5));
#11571=CARTESIAN_POINT('Origin',(40.6414539596146,111.923965019644,1.5));
#11572=CARTESIAN_POINT('',(40.6414539596146,111.923965019644,3.));
#11573=CARTESIAN_POINT('',(40.6414539596147,84.9158759669551,3.));
#11574=CARTESIAN_POINT('',(40.6414539596146,111.923965019644,1.5));
#11575=CARTESIAN_POINT('',(40.6414539596147,84.9158759669551,1.5));
#11576=CARTESIAN_POINT('',(40.6414539596146,111.923965019644,1.5));
#11577=CARTESIAN_POINT('Origin',(54.6414539596147,111.923965019644,1.5));
#11578=CARTESIAN_POINT('',(54.6414539596147,111.923965019644,3.));
#11579=CARTESIAN_POINT('',(103.568232007728,111.923965019644,3.));
#11580=CARTESIAN_POINT('',(54.6414539596147,111.923965019644,1.5));
#11581=CARTESIAN_POINT('',(103.568232007728,111.923965019644,1.5));
#11582=CARTESIAN_POINT('',(54.6414539596147,111.923965019644,1.5));
#11583=CARTESIAN_POINT('Origin',(54.6414539596147,97.9239650196444,1.5));
#11584=CARTESIAN_POINT('',(54.6414539596147,77.9158759669551,3.));
#11585=CARTESIAN_POINT('',(54.6414539596147,77.9158759669551,1.5));
#11586=CARTESIAN_POINT('Origin',(78.7414539596146,97.9239650196444,1.5));
#11587=CARTESIAN_POINT('',(92.7414539596146,97.9239650196444,3.));
#11588=CARTESIAN_POINT('',(78.7414539596146,97.9239650196444,3.));
#11589=CARTESIAN_POINT('',(115.618232007728,97.9239650196444,3.));
#11590=CARTESIAN_POINT('',(92.7414539596146,97.9239650196444,1.5));
#11591=CARTESIAN_POINT('',(92.7414539596146,97.9239650196444,1.5));
#11592=CARTESIAN_POINT('',(78.7414539596146,97.9239650196444,1.5));
#11593=CARTESIAN_POINT('',(115.618232007728,97.9239650196444,1.5));
#11594=CARTESIAN_POINT('',(78.7414539596146,97.9239650196444,1.5));
#11595=CARTESIAN_POINT('Origin',(78.7414539596146,111.923965019644,1.5));
#11596=CARTESIAN_POINT('',(78.7414539596146,111.923965019644,3.));
#11597=CARTESIAN_POINT('',(78.7414539596146,84.9158759669551,3.));
#11598=CARTESIAN_POINT('',(78.7414539596146,111.923965019644,1.5));
#11599=CARTESIAN_POINT('',(78.7414539596146,84.9158759669551,1.5));
#11600=CARTESIAN_POINT('',(78.7414539596146,111.923965019644,1.5));
#11601=CARTESIAN_POINT('Origin',(92.7414539596146,111.923965019644,1.5));
#11602=CARTESIAN_POINT('',(92.7414539596146,111.923965019644,3.));
#11603=CARTESIAN_POINT('',(122.618232007728,111.923965019644,3.));
#11604=CARTESIAN_POINT('',(92.7414539596146,111.923965019644,1.5));
#11605=CARTESIAN_POINT('',(122.618232007728,111.923965019644,1.5));
#11606=CARTESIAN_POINT('',(92.7414539596146,111.923965019644,1.5));
#11607=CARTESIAN_POINT('Origin',(92.7414539596146,97.9239650196444,1.5));
#11608=CARTESIAN_POINT('',(92.7414539596146,77.9158759669551,3.));
#11609=CARTESIAN_POINT('',(92.7414539596146,77.9158759669551,1.5));
#11610=CARTESIAN_POINT('Origin',(116.841453959615,97.9239650196444,1.5));
#11611=CARTESIAN_POINT('',(130.841453959615,97.9239650196444,3.));
#11612=CARTESIAN_POINT('',(116.841453959615,97.9239650196444,3.));
#11613=CARTESIAN_POINT('',(134.668232007728,97.9239650196444,3.));
#11614=CARTESIAN_POINT('',(130.841453959615,97.9239650196444,1.5));
#11615=CARTESIAN_POINT('',(130.841453959615,97.9239650196444,1.5));
#11616=CARTESIAN_POINT('',(116.841453959615,97.9239650196444,1.5));
#11617=CARTESIAN_POINT('',(134.668232007728,97.9239650196444,1.5));
#11618=CARTESIAN_POINT('',(116.841453959615,97.9239650196444,1.5));
#11619=CARTESIAN_POINT('Origin',(116.841453959615,111.923965019644,1.5));
#11620=CARTESIAN_POINT('',(116.841453959615,111.923965019644,3.));
#11621=CARTESIAN_POINT('',(116.841453959615,84.9158759669551,3.));
#11622=CARTESIAN_POINT('',(116.841453959615,111.923965019644,1.5));
#11623=CARTESIAN_POINT('',(116.841453959615,84.9158759669551,1.5));
#11624=CARTESIAN_POINT('',(116.841453959615,111.923965019644,1.5));
#11625=CARTESIAN_POINT('Origin',(130.841453959615,111.923965019644,1.5));
#11626=CARTESIAN_POINT('',(130.841453959615,111.923965019644,3.));
#11627=CARTESIAN_POINT('',(141.668232007728,111.923965019644,3.));
#11628=CARTESIAN_POINT('',(130.841453959615,111.923965019644,1.5));
#11629=CARTESIAN_POINT('',(141.668232007728,111.923965019644,1.5));
#11630=CARTESIAN_POINT('',(130.841453959615,111.923965019644,1.5));
#11631=CARTESIAN_POINT('Origin',(130.841453959615,97.9239650196444,1.5));
#11632=CARTESIAN_POINT('',(130.841453959615,77.9158759669551,3.));
#11633=CARTESIAN_POINT('',(130.841453959615,77.9158759669551,1.5));
#11634=CARTESIAN_POINT('Origin',(154.941453959615,97.9239650196444,1.5));
#11635=CARTESIAN_POINT('',(168.941453959615,97.9239650196444,3.));
#11636=CARTESIAN_POINT('',(154.941453959615,97.9239650196444,3.));
#11637=CARTESIAN_POINT('',(153.718232007728,97.9239650196444,3.));
#11638=CARTESIAN_POINT('',(168.941453959615,97.9239650196444,1.5));
#11639=CARTESIAN_POINT('',(168.941453959615,97.9239650196444,1.5));
#11640=CARTESIAN_POINT('',(154.941453959615,97.9239650196444,1.5));
#11641=CARTESIAN_POINT('',(153.718232007728,97.9239650196444,1.5));
#11642=CARTESIAN_POINT('',(154.941453959615,97.9239650196444,1.5));
#11643=CARTESIAN_POINT('Origin',(154.941453959615,111.923965019644,1.5));
#11644=CARTESIAN_POINT('',(154.941453959615,111.923965019644,3.));
#11645=CARTESIAN_POINT('',(154.941453959615,84.9158759669551,3.));
#11646=CARTESIAN_POINT('',(154.941453959615,111.923965019644,1.5));
#11647=CARTESIAN_POINT('',(154.941453959615,84.9158759669551,1.5));
#11648=CARTESIAN_POINT('',(154.941453959615,111.923965019644,1.5));
#11649=CARTESIAN_POINT('Origin',(168.941453959615,111.923965019644,1.5));
#11650=CARTESIAN_POINT('',(168.941453959615,111.923965019644,3.));
#11651=CARTESIAN_POINT('',(160.718232007728,111.923965019644,3.));
#11652=CARTESIAN_POINT('',(168.941453959615,111.923965019644,1.5));
#11653=CARTESIAN_POINT('',(160.718232007728,111.923965019644,1.5));
#11654=CARTESIAN_POINT('',(168.941453959615,111.923965019644,1.5));
#11655=CARTESIAN_POINT('Origin',(168.941453959615,97.9239650196444,1.5));
#11656=CARTESIAN_POINT('',(168.941453959615,77.9158759669551,3.));
#11657=CARTESIAN_POINT('',(168.941453959615,77.9158759669551,1.5));
#11658=CARTESIAN_POINT('Origin',(193.041453959615,97.9239650196444,1.5));
#11659=CARTESIAN_POINT('',(207.041453959615,97.9239650196444,3.));
#11660=CARTESIAN_POINT('',(193.041453959615,97.9239650196444,3.));
#11661=CARTESIAN_POINT('',(172.768232007728,97.9239650196444,3.));
#11662=CARTESIAN_POINT('',(207.041453959615,97.9239650196444,1.5));
#11663=CARTESIAN_POINT('',(207.041453959615,97.9239650196444,1.5));
#11664=CARTESIAN_POINT('',(193.041453959615,97.9239650196444,1.5));
#11665=CARTESIAN_POINT('',(172.768232007728,97.9239650196444,1.5));
#11666=CARTESIAN_POINT('',(193.041453959615,97.9239650196444,1.5));
#11667=CARTESIAN_POINT('Origin',(193.041453959615,111.923965019644,1.5));
#11668=CARTESIAN_POINT('',(193.041453959615,111.923965019644,3.));
#11669=CARTESIAN_POINT('',(193.041453959615,84.9158759669551,3.));
#11670=CARTESIAN_POINT('',(193.041453959615,111.923965019644,1.5));
#11671=CARTESIAN_POINT('',(193.041453959615,84.9158759669551,1.5));
#11672=CARTESIAN_POINT('',(193.041453959615,111.923965019644,1.5));
#11673=CARTESIAN_POINT('Origin',(207.041453959615,111.923965019644,1.5));
#11674=CARTESIAN_POINT('',(207.041453959615,111.923965019644,3.));
#11675=CARTESIAN_POINT('',(179.768232007728,111.923965019644,3.));
#11676=CARTESIAN_POINT('',(207.041453959615,111.923965019644,1.5));
#11677=CARTESIAN_POINT('',(179.768232007728,111.923965019644,1.5));
#11678=CARTESIAN_POINT('',(207.041453959615,111.923965019644,1.5));
#11679=CARTESIAN_POINT('Origin',(207.041453959615,97.9239650196444,1.5));
#11680=CARTESIAN_POINT('',(207.041453959615,77.9158759669551,3.));
#11681=CARTESIAN_POINT('',(207.041453959615,77.9158759669551,1.5));
#11682=CARTESIAN_POINT('Origin',(231.141453959615,97.9239650196444,1.5));
#11683=CARTESIAN_POINT('',(245.141453959615,97.9239650196444,3.));
#11684=CARTESIAN_POINT('',(231.141453959615,97.9239650196444,3.));
#11685=CARTESIAN_POINT('',(191.818232007728,97.9239650196444,3.));
#11686=CARTESIAN_POINT('',(245.141453959615,97.9239650196444,1.5));
#11687=CARTESIAN_POINT('',(245.141453959615,97.9239650196444,1.5));
#11688=CARTESIAN_POINT('',(231.141453959615,97.9239650196444,1.5));
#11689=CARTESIAN_POINT('',(191.818232007728,97.9239650196444,1.5));
#11690=CARTESIAN_POINT('',(231.141453959615,97.9239650196444,1.5));
#11691=CARTESIAN_POINT('Origin',(231.141453959615,111.923965019644,1.5));
#11692=CARTESIAN_POINT('',(231.141453959615,111.923965019644,3.));
#11693=CARTESIAN_POINT('',(231.141453959615,84.9158759669551,3.));
#11694=CARTESIAN_POINT('',(231.141453959615,111.923965019644,1.5));
#11695=CARTESIAN_POINT('',(231.141453959615,84.9158759669551,1.5));
#11696=CARTESIAN_POINT('',(231.141453959615,111.923965019644,1.5));
#11697=CARTESIAN_POINT('Origin',(245.141453959615,111.923965019644,1.5));
#11698=CARTESIAN_POINT('',(245.141453959615,111.923965019644,3.));
#11699=CARTESIAN_POINT('',(198.818232007728,111.923965019644,3.));
#11700=CARTESIAN_POINT('',(245.141453959615,111.923965019644,1.5));
#11701=CARTESIAN_POINT('',(198.818232007728,111.923965019644,1.5));
#11702=CARTESIAN_POINT('',(245.141453959615,111.923965019644,1.5));
#11703=CARTESIAN_POINT('Origin',(245.141453959615,97.9239650196444,1.5));
#11704=CARTESIAN_POINT('',(245.141453959615,77.9158759669551,3.));
#11705=CARTESIAN_POINT('',(245.141453959615,77.9158759669551,1.5));
#11706=CARTESIAN_POINT('Origin',(269.241453959615,97.9239650196444,1.5));
#11707=CARTESIAN_POINT('',(283.241453959615,97.9239650196444,3.));
#11708=CARTESIAN_POINT('',(269.241453959615,97.9239650196444,3.));
#11709=CARTESIAN_POINT('',(210.868232007728,97.9239650196444,3.));
#11710=CARTESIAN_POINT('',(283.241453959615,97.9239650196444,1.5));
#11711=CARTESIAN_POINT('',(283.241453959615,97.9239650196444,1.5));
#11712=CARTESIAN_POINT('',(269.241453959615,97.9239650196444,1.5));
#11713=CARTESIAN_POINT('',(210.868232007728,97.9239650196444,1.5));
#11714=CARTESIAN_POINT('',(269.241453959615,97.9239650196444,1.5));
#11715=CARTESIAN_POINT('Origin',(269.241453959615,111.923965019644,1.5));
#11716=CARTESIAN_POINT('',(269.241453959615,111.923965019644,3.));
#11717=CARTESIAN_POINT('',(269.241453959615,84.9158759669551,3.));
#11718=CARTESIAN_POINT('',(269.241453959615,111.923965019644,1.5));
#11719=CARTESIAN_POINT('',(269.241453959615,84.9158759669551,1.5));
#11720=CARTESIAN_POINT('',(269.241453959615,111.923965019644,1.5));
#11721=CARTESIAN_POINT('Origin',(283.241453959615,111.923965019644,1.5));
#11722=CARTESIAN_POINT('',(283.241453959615,111.923965019644,3.));
#11723=CARTESIAN_POINT('',(217.868232007728,111.923965019644,3.));
#11724=CARTESIAN_POINT('',(283.241453959615,111.923965019644,1.5));
#11725=CARTESIAN_POINT('',(217.868232007728,111.923965019644,1.5));
#11726=CARTESIAN_POINT('',(283.241453959615,111.923965019644,1.5));
#11727=CARTESIAN_POINT('Origin',(283.241453959615,97.9239650196444,1.5));
#11728=CARTESIAN_POINT('',(283.241453959615,77.9158759669551,3.));
#11729=CARTESIAN_POINT('',(283.241453959615,77.9158759669551,1.5));
#11730=CARTESIAN_POINT('Origin',(2.54145395961464,78.8739650196444,1.5));
#11731=CARTESIAN_POINT('',(16.5414539596146,78.8739650196444,3.));
#11732=CARTESIAN_POINT('',(2.54145395961464,78.8739650196444,3.));
#11733=CARTESIAN_POINT('',(77.5182320077283,78.8739650196444,3.));
#11734=CARTESIAN_POINT('',(16.5414539596146,78.8739650196444,1.5));
#11735=CARTESIAN_POINT('',(16.5414539596146,78.8739650196444,1.5));
#11736=CARTESIAN_POINT('',(2.54145395961464,78.8739650196444,1.5));
#11737=CARTESIAN_POINT('',(77.5182320077283,78.8739650196444,1.5));
#11738=CARTESIAN_POINT('',(2.54145395961464,78.8739650196444,1.5));
#11739=CARTESIAN_POINT('Origin',(2.54145395961464,92.8739650196444,1.5));
#11740=CARTESIAN_POINT('',(2.54145395961464,92.8739650196444,3.));
#11741=CARTESIAN_POINT('',(2.54145395961464,75.3908759669551,3.));
#11742=CARTESIAN_POINT('',(2.54145395961464,92.8739650196444,1.5));
#11743=CARTESIAN_POINT('',(2.54145395961464,75.3908759669551,1.5));
#11744=CARTESIAN_POINT('',(2.54145395961464,92.8739650196444,1.5));
#11745=CARTESIAN_POINT('Origin',(16.5414539596146,92.8739650196444,1.5));
#11746=CARTESIAN_POINT('',(16.5414539596146,92.8739650196444,3.));
#11747=CARTESIAN_POINT('',(84.5182320077283,92.8739650196444,3.));
#11748=CARTESIAN_POINT('',(16.5414539596146,92.8739650196444,1.5));
#11749=CARTESIAN_POINT('',(84.5182320077283,92.8739650196444,1.5));
#11750=CARTESIAN_POINT('',(16.5414539596146,92.8739650196444,1.5));
#11751=CARTESIAN_POINT('Origin',(16.5414539596146,78.8739650196444,1.5));
#11752=CARTESIAN_POINT('',(16.5414539596146,68.3908759669551,3.));
#11753=CARTESIAN_POINT('',(16.5414539596146,68.3908759669551,1.5));
#11754=CARTESIAN_POINT('Origin',(40.6414539596146,78.8739650196444,1.5));
#11755=CARTESIAN_POINT('',(54.6414539596147,78.8739650196444,3.));
#11756=CARTESIAN_POINT('',(40.6414539596146,78.8739650196444,3.));
#11757=CARTESIAN_POINT('',(96.5682320077283,78.8739650196444,3.));
#11758=CARTESIAN_POINT('',(54.6414539596147,78.8739650196444,1.5));
#11759=CARTESIAN_POINT('',(54.6414539596147,78.8739650196444,1.5));
#11760=CARTESIAN_POINT('',(40.6414539596146,78.8739650196444,1.5));
#11761=CARTESIAN_POINT('',(96.5682320077283,78.8739650196444,1.5));
#11762=CARTESIAN_POINT('',(40.6414539596146,78.8739650196444,1.5));
#11763=CARTESIAN_POINT('Origin',(40.6414539596146,92.8739650196444,1.5));
#11764=CARTESIAN_POINT('',(40.6414539596146,92.8739650196444,3.));
#11765=CARTESIAN_POINT('',(40.6414539596147,75.3908759669551,3.));
#11766=CARTESIAN_POINT('',(40.6414539596146,92.8739650196444,1.5));
#11767=CARTESIAN_POINT('',(40.6414539596147,75.3908759669551,1.5));
#11768=CARTESIAN_POINT('',(40.6414539596146,92.8739650196444,1.5));
#11769=CARTESIAN_POINT('Origin',(54.6414539596147,92.8739650196444,1.5));
#11770=CARTESIAN_POINT('',(54.6414539596147,92.8739650196444,3.));
#11771=CARTESIAN_POINT('',(103.568232007728,92.8739650196444,3.));
#11772=CARTESIAN_POINT('',(54.6414539596147,92.8739650196444,1.5));
#11773=CARTESIAN_POINT('',(103.568232007728,92.8739650196444,1.5));
#11774=CARTESIAN_POINT('',(54.6414539596147,92.8739650196444,1.5));
#11775=CARTESIAN_POINT('Origin',(54.6414539596147,78.8739650196444,1.5));
#11776=CARTESIAN_POINT('',(54.6414539596147,68.3908759669551,3.));
#11777=CARTESIAN_POINT('',(54.6414539596147,68.3908759669551,1.5));
#11778=CARTESIAN_POINT('Origin',(78.7414539596146,78.8739650196444,1.5));
#11779=CARTESIAN_POINT('',(92.7414539596146,78.8739650196444,3.));
#11780=CARTESIAN_POINT('',(78.7414539596146,78.8739650196444,3.));
#11781=CARTESIAN_POINT('',(115.618232007728,78.8739650196444,3.));
#11782=CARTESIAN_POINT('',(92.7414539596146,78.8739650196444,1.5));
#11783=CARTESIAN_POINT('',(92.7414539596146,78.8739650196444,1.5));
#11784=CARTESIAN_POINT('',(78.7414539596146,78.8739650196444,1.5));
#11785=CARTESIAN_POINT('',(115.618232007728,78.8739650196444,1.5));
#11786=CARTESIAN_POINT('',(78.7414539596146,78.8739650196444,1.5));
#11787=CARTESIAN_POINT('Origin',(78.7414539596146,92.8739650196444,1.5));
#11788=CARTESIAN_POINT('',(78.7414539596146,92.8739650196444,3.));
#11789=CARTESIAN_POINT('',(78.7414539596146,75.3908759669551,3.));
#11790=CARTESIAN_POINT('',(78.7414539596146,92.8739650196444,1.5));
#11791=CARTESIAN_POINT('',(78.7414539596146,75.3908759669551,1.5));
#11792=CARTESIAN_POINT('',(78.7414539596146,92.8739650196444,1.5));
#11793=CARTESIAN_POINT('Origin',(92.7414539596146,92.8739650196444,1.5));
#11794=CARTESIAN_POINT('',(92.7414539596146,92.8739650196444,3.));
#11795=CARTESIAN_POINT('',(122.618232007728,92.8739650196444,3.));
#11796=CARTESIAN_POINT('',(92.7414539596146,92.8739650196444,1.5));
#11797=CARTESIAN_POINT('',(122.618232007728,92.8739650196444,1.5));
#11798=CARTESIAN_POINT('',(92.7414539596146,92.8739650196444,1.5));
#11799=CARTESIAN_POINT('Origin',(92.7414539596146,78.8739650196444,1.5));
#11800=CARTESIAN_POINT('',(92.7414539596146,68.3908759669551,3.));
#11801=CARTESIAN_POINT('',(92.7414539596146,68.3908759669551,1.5));
#11802=CARTESIAN_POINT('Origin',(116.841453959615,78.8739650196444,1.5));
#11803=CARTESIAN_POINT('',(130.841453959615,78.8739650196444,3.));
#11804=CARTESIAN_POINT('',(116.841453959615,78.8739650196444,3.));
#11805=CARTESIAN_POINT('',(134.668232007728,78.8739650196444,3.));
#11806=CARTESIAN_POINT('',(130.841453959615,78.8739650196444,1.5));
#11807=CARTESIAN_POINT('',(130.841453959615,78.8739650196444,1.5));
#11808=CARTESIAN_POINT('',(116.841453959615,78.8739650196444,1.5));
#11809=CARTESIAN_POINT('',(134.668232007728,78.8739650196444,1.5));
#11810=CARTESIAN_POINT('',(116.841453959615,78.8739650196444,1.5));
#11811=CARTESIAN_POINT('Origin',(116.841453959615,92.8739650196444,1.5));
#11812=CARTESIAN_POINT('',(116.841453959615,92.8739650196444,3.));
#11813=CARTESIAN_POINT('',(116.841453959615,75.3908759669551,3.));
#11814=CARTESIAN_POINT('',(116.841453959615,92.8739650196444,1.5));
#11815=CARTESIAN_POINT('',(116.841453959615,75.3908759669551,1.5));
#11816=CARTESIAN_POINT('',(116.841453959615,92.8739650196444,1.5));
#11817=CARTESIAN_POINT('Origin',(130.841453959615,92.8739650196444,1.5));
#11818=CARTESIAN_POINT('',(130.841453959615,92.8739650196444,3.));
#11819=CARTESIAN_POINT('',(141.668232007728,92.8739650196444,3.));
#11820=CARTESIAN_POINT('',(130.841453959615,92.8739650196444,1.5));
#11821=CARTESIAN_POINT('',(141.668232007728,92.8739650196444,1.5));
#11822=CARTESIAN_POINT('',(130.841453959615,92.8739650196444,1.5));
#11823=CARTESIAN_POINT('Origin',(130.841453959615,78.8739650196444,1.5));
#11824=CARTESIAN_POINT('',(130.841453959615,68.3908759669551,3.));
#11825=CARTESIAN_POINT('',(130.841453959615,68.3908759669551,1.5));
#11826=CARTESIAN_POINT('Origin',(154.941453959615,78.8739650196444,1.5));
#11827=CARTESIAN_POINT('',(168.941453959615,78.8739650196444,3.));
#11828=CARTESIAN_POINT('',(154.941453959615,78.8739650196444,3.));
#11829=CARTESIAN_POINT('',(153.718232007728,78.8739650196444,3.));
#11830=CARTESIAN_POINT('',(168.941453959615,78.8739650196444,1.5));
#11831=CARTESIAN_POINT('',(168.941453959615,78.8739650196444,1.5));
#11832=CARTESIAN_POINT('',(154.941453959615,78.8739650196444,1.5));
#11833=CARTESIAN_POINT('',(153.718232007728,78.8739650196444,1.5));
#11834=CARTESIAN_POINT('',(154.941453959615,78.8739650196444,1.5));
#11835=CARTESIAN_POINT('Origin',(154.941453959615,92.8739650196444,1.5));
#11836=CARTESIAN_POINT('',(154.941453959615,92.8739650196444,3.));
#11837=CARTESIAN_POINT('',(154.941453959615,75.3908759669551,3.));
#11838=CARTESIAN_POINT('',(154.941453959615,92.8739650196444,1.5));
#11839=CARTESIAN_POINT('',(154.941453959615,75.3908759669551,1.5));
#11840=CARTESIAN_POINT('',(154.941453959615,92.8739650196444,1.5));
#11841=CARTESIAN_POINT('Origin',(168.941453959615,92.8739650196444,1.5));
#11842=CARTESIAN_POINT('',(168.941453959615,92.8739650196444,3.));
#11843=CARTESIAN_POINT('',(160.718232007728,92.8739650196444,3.));
#11844=CARTESIAN_POINT('',(168.941453959615,92.8739650196444,1.5));
#11845=CARTESIAN_POINT('',(160.718232007728,92.8739650196444,1.5));
#11846=CARTESIAN_POINT('',(168.941453959615,92.8739650196444,1.5));
#11847=CARTESIAN_POINT('Origin',(168.941453959615,78.8739650196444,1.5));
#11848=CARTESIAN_POINT('',(168.941453959615,68.3908759669551,3.));
#11849=CARTESIAN_POINT('',(168.941453959615,68.3908759669551,1.5));
#11850=CARTESIAN_POINT('Origin',(193.041453959615,78.8739650196444,1.5));
#11851=CARTESIAN_POINT('',(207.041453959615,78.8739650196444,3.));
#11852=CARTESIAN_POINT('',(193.041453959615,78.8739650196444,3.));
#11853=CARTESIAN_POINT('',(172.768232007728,78.8739650196444,3.));
#11854=CARTESIAN_POINT('',(207.041453959615,78.8739650196444,1.5));
#11855=CARTESIAN_POINT('',(207.041453959615,78.8739650196444,1.5));
#11856=CARTESIAN_POINT('',(193.041453959615,78.8739650196444,1.5));
#11857=CARTESIAN_POINT('',(172.768232007728,78.8739650196444,1.5));
#11858=CARTESIAN_POINT('',(193.041453959615,78.8739650196444,1.5));
#11859=CARTESIAN_POINT('Origin',(193.041453959615,92.8739650196444,1.5));
#11860=CARTESIAN_POINT('',(193.041453959615,92.8739650196444,3.));
#11861=CARTESIAN_POINT('',(193.041453959615,75.3908759669551,3.));
#11862=CARTESIAN_POINT('',(193.041453959615,92.8739650196444,1.5));
#11863=CARTESIAN_POINT('',(193.041453959615,75.3908759669551,1.5));
#11864=CARTESIAN_POINT('',(193.041453959615,92.8739650196444,1.5));
#11865=CARTESIAN_POINT('Origin',(207.041453959615,92.8739650196444,1.5));
#11866=CARTESIAN_POINT('',(207.041453959615,92.8739650196444,3.));
#11867=CARTESIAN_POINT('',(179.768232007728,92.8739650196444,3.));
#11868=CARTESIAN_POINT('',(207.041453959615,92.8739650196444,1.5));
#11869=CARTESIAN_POINT('',(179.768232007728,92.8739650196444,1.5));
#11870=CARTESIAN_POINT('',(207.041453959615,92.8739650196444,1.5));
#11871=CARTESIAN_POINT('Origin',(207.041453959615,78.8739650196444,1.5));
#11872=CARTESIAN_POINT('',(207.041453959615,68.3908759669551,3.));
#11873=CARTESIAN_POINT('',(207.041453959615,68.3908759669551,1.5));
#11874=CARTESIAN_POINT('Origin',(231.141453959615,78.8739650196444,1.5));
#11875=CARTESIAN_POINT('',(245.141453959615,78.8739650196444,3.));
#11876=CARTESIAN_POINT('',(231.141453959615,78.8739650196444,3.));
#11877=CARTESIAN_POINT('',(191.818232007728,78.8739650196444,3.));
#11878=CARTESIAN_POINT('',(245.141453959615,78.8739650196444,1.5));
#11879=CARTESIAN_POINT('',(245.141453959615,78.8739650196444,1.5));
#11880=CARTESIAN_POINT('',(231.141453959615,78.8739650196444,1.5));
#11881=CARTESIAN_POINT('',(191.818232007728,78.8739650196444,1.5));
#11882=CARTESIAN_POINT('',(231.141453959615,78.8739650196444,1.5));
#11883=CARTESIAN_POINT('Origin',(231.141453959615,92.8739650196444,1.5));
#11884=CARTESIAN_POINT('',(231.141453959615,92.8739650196444,3.));
#11885=CARTESIAN_POINT('',(231.141453959615,75.3908759669551,3.));
#11886=CARTESIAN_POINT('',(231.141453959615,92.8739650196444,1.5));
#11887=CARTESIAN_POINT('',(231.141453959615,75.3908759669551,1.5));
#11888=CARTESIAN_POINT('',(231.141453959615,92.8739650196444,1.5));
#11889=CARTESIAN_POINT('Origin',(245.141453959615,92.8739650196444,1.5));
#11890=CARTESIAN_POINT('',(245.141453959615,92.8739650196444,3.));
#11891=CARTESIAN_POINT('',(198.818232007728,92.8739650196444,3.));
#11892=CARTESIAN_POINT('',(245.141453959615,92.8739650196444,1.5));
#11893=CARTESIAN_POINT('',(198.818232007728,92.8739650196444,1.5));
#11894=CARTESIAN_POINT('',(245.141453959615,92.8739650196444,1.5));
#11895=CARTESIAN_POINT('Origin',(245.141453959615,78.8739650196444,1.5));
#11896=CARTESIAN_POINT('',(245.141453959615,68.3908759669551,3.));
#11897=CARTESIAN_POINT('',(245.141453959615,68.3908759669551,1.5));
#11898=CARTESIAN_POINT('Origin',(251.278453959615,77.8739650196444,1.5));
#11899=CARTESIAN_POINT('',(258.278453959615,77.8739650196444,3.));
#11900=CARTESIAN_POINT('',(251.278453959615,77.8739650196444,3.));
#11901=CARTESIAN_POINT('',(201.886732007728,77.8739650196444,3.));
#11902=CARTESIAN_POINT('',(258.278453959615,77.8739650196444,1.5));
#11903=CARTESIAN_POINT('',(258.278453959615,77.8739650196444,1.5));
#11904=CARTESIAN_POINT('',(251.278453959615,77.8739650196444,1.5));
#11905=CARTESIAN_POINT('',(201.886732007728,77.8739650196444,1.5));
#11906=CARTESIAN_POINT('',(251.278453959615,77.8739650196444,1.5));
#11907=CARTESIAN_POINT('Origin',(251.278453959615,92.8739650196444,1.5));
#11908=CARTESIAN_POINT('',(251.278453959615,92.8739650196444,3.));
#11909=CARTESIAN_POINT('',(251.278453959615,75.3908759669551,3.));
#11910=CARTESIAN_POINT('',(251.278453959615,92.8739650196444,1.5));
#11911=CARTESIAN_POINT('',(251.278453959615,75.3908759669551,1.5));
#11912=CARTESIAN_POINT('',(251.278453959615,92.8739650196444,1.5));
#11913=CARTESIAN_POINT('Origin',(258.278453959615,92.8739650196444,1.5));
#11914=CARTESIAN_POINT('',(258.278453959615,92.8739650196444,3.));
#11915=CARTESIAN_POINT('',(205.386732007728,92.8739650196444,3.));
#11916=CARTESIAN_POINT('',(258.278453959615,92.8739650196444,1.5));
#11917=CARTESIAN_POINT('',(205.386732007728,92.8739650196444,1.5));
#11918=CARTESIAN_POINT('',(258.278453959615,92.8739650196444,1.5));
#11919=CARTESIAN_POINT('Origin',(258.278453959615,77.8739650196444,1.5));
#11920=CARTESIAN_POINT('',(258.278453959615,67.8908759669551,3.));
#11921=CARTESIAN_POINT('',(258.278453959615,67.8908759669551,1.5));
#11922=CARTESIAN_POINT('Origin',(288.291453959615,78.8739650196444,1.5));
#11923=CARTESIAN_POINT('',(302.291453959615,78.8739650196444,3.));
#11924=CARTESIAN_POINT('',(288.291453959615,78.8739650196444,3.));
#11925=CARTESIAN_POINT('',(220.393232007728,78.8739650196444,3.));
#11926=CARTESIAN_POINT('',(302.291453959615,78.8739650196444,1.5));
#11927=CARTESIAN_POINT('',(302.291453959615,78.8739650196444,1.5));
#11928=CARTESIAN_POINT('',(288.291453959615,78.8739650196444,1.5));
#11929=CARTESIAN_POINT('',(220.393232007728,78.8739650196444,1.5));
#11930=CARTESIAN_POINT('',(288.291453959615,78.8739650196444,1.5));
#11931=CARTESIAN_POINT('Origin',(288.291453959615,92.8739650196444,1.5));
#11932=CARTESIAN_POINT('',(288.291453959615,92.8739650196444,3.));
#11933=CARTESIAN_POINT('',(288.291453959615,75.3908759669551,3.));
#11934=CARTESIAN_POINT('',(288.291453959615,92.8739650196444,1.5));
#11935=CARTESIAN_POINT('',(288.291453959615,75.3908759669551,1.5));
#11936=CARTESIAN_POINT('',(288.291453959615,92.8739650196444,1.5));
#11937=CARTESIAN_POINT('Origin',(302.291453959615,92.8739650196444,1.5));
#11938=CARTESIAN_POINT('',(302.291453959615,92.8739650196444,3.));
#11939=CARTESIAN_POINT('',(227.393232007728,92.8739650196444,3.));
#11940=CARTESIAN_POINT('',(302.291453959615,92.8739650196444,1.5));
#11941=CARTESIAN_POINT('',(227.393232007728,92.8739650196444,1.5));
#11942=CARTESIAN_POINT('',(302.291453959615,92.8739650196444,1.5));
#11943=CARTESIAN_POINT('Origin',(302.291453959615,78.8739650196444,1.5));
#11944=CARTESIAN_POINT('',(302.291453959615,68.3908759669551,3.));
#11945=CARTESIAN_POINT('',(302.291453959615,68.3908759669551,1.5));
#11946=CARTESIAN_POINT('Origin',(31.1164539596146,59.8239650196444,1.5));
#11947=CARTESIAN_POINT('',(45.1164539596147,59.8239650196444,3.));
#11948=CARTESIAN_POINT('',(31.1164539596146,59.8239650196444,3.));
#11949=CARTESIAN_POINT('',(91.8057320077283,59.8239650196444,3.));
#11950=CARTESIAN_POINT('',(45.1164539596147,59.8239650196444,1.5));
#11951=CARTESIAN_POINT('',(45.1164539596147,59.8239650196444,1.5));
#11952=CARTESIAN_POINT('',(31.1164539596146,59.8239650196444,1.5));
#11953=CARTESIAN_POINT('',(91.8057320077283,59.8239650196444,1.5));
#11954=CARTESIAN_POINT('',(31.1164539596146,59.8239650196444,1.5));
#11955=CARTESIAN_POINT('Origin',(31.1164539596146,73.8239650196444,1.5));
#11956=CARTESIAN_POINT('',(31.1164539596146,73.8239650196444,3.));
#11957=CARTESIAN_POINT('',(31.1164539596147,65.8658759669551,3.));
#11958=CARTESIAN_POINT('',(31.1164539596146,73.8239650196444,1.5));
#11959=CARTESIAN_POINT('',(31.1164539596147,65.8658759669551,1.5));
#11960=CARTESIAN_POINT('',(31.1164539596146,73.8239650196444,1.5));
#11961=CARTESIAN_POINT('Origin',(45.1164539596147,73.8239650196444,1.5));
#11962=CARTESIAN_POINT('',(45.1164539596147,73.8239650196444,3.));
#11963=CARTESIAN_POINT('',(98.8057320077283,73.8239650196444,3.));
#11964=CARTESIAN_POINT('',(45.1164539596147,73.8239650196444,1.5));
#11965=CARTESIAN_POINT('',(98.8057320077283,73.8239650196444,1.5));
#11966=CARTESIAN_POINT('',(45.1164539596147,73.8239650196444,1.5));
#11967=CARTESIAN_POINT('Origin',(45.1164539596147,59.8239650196444,1.5));
#11968=CARTESIAN_POINT('',(45.1164539596146,58.8658759669551,3.));
#11969=CARTESIAN_POINT('',(45.1164539596146,58.8658759669551,1.5));
#11970=CARTESIAN_POINT('Origin',(69.2164539596147,59.8239650196444,1.5));
#11971=CARTESIAN_POINT('',(83.2164539596147,59.8239650196444,3.));
#11972=CARTESIAN_POINT('',(69.2164539596147,59.8239650196444,3.));
#11973=CARTESIAN_POINT('',(110.855732007728,59.8239650196444,3.));
#11974=CARTESIAN_POINT('',(83.2164539596147,59.8239650196444,1.5));
#11975=CARTESIAN_POINT('',(83.2164539596147,59.8239650196444,1.5));
#11976=CARTESIAN_POINT('',(69.2164539596147,59.8239650196444,1.5));
#11977=CARTESIAN_POINT('',(110.855732007728,59.8239650196444,1.5));
#11978=CARTESIAN_POINT('',(69.2164539596147,59.8239650196444,1.5));
#11979=CARTESIAN_POINT('Origin',(69.2164539596147,73.8239650196444,1.5));
#11980=CARTESIAN_POINT('',(69.2164539596147,73.8239650196444,3.));
#11981=CARTESIAN_POINT('',(69.2164539596146,65.8658759669551,3.));
#11982=CARTESIAN_POINT('',(69.2164539596147,73.8239650196444,1.5));
#11983=CARTESIAN_POINT('',(69.2164539596146,65.8658759669551,1.5));
#11984=CARTESIAN_POINT('',(69.2164539596147,73.8239650196444,1.5));
#11985=CARTESIAN_POINT('Origin',(83.2164539596147,73.8239650196444,1.5));
#11986=CARTESIAN_POINT('',(83.2164539596147,73.8239650196444,3.));
#11987=CARTESIAN_POINT('',(117.855732007728,73.8239650196444,3.));
#11988=CARTESIAN_POINT('',(83.2164539596147,73.8239650196444,1.5));
#11989=CARTESIAN_POINT('',(117.855732007728,73.8239650196444,1.5));
#11990=CARTESIAN_POINT('',(83.2164539596147,73.8239650196444,1.5));
#11991=CARTESIAN_POINT('Origin',(83.2164539596147,59.8239650196444,1.5));
#11992=CARTESIAN_POINT('',(83.2164539596147,58.8658759669551,3.));
#11993=CARTESIAN_POINT('',(83.2164539596147,58.8658759669551,1.5));
#11994=CARTESIAN_POINT('Origin',(107.316453959615,59.8239650196444,1.5));
#11995=CARTESIAN_POINT('',(121.316453959615,59.8239650196444,3.));
#11996=CARTESIAN_POINT('',(107.316453959615,59.8239650196444,3.));
#11997=CARTESIAN_POINT('',(129.905732007728,59.8239650196444,3.));
#11998=CARTESIAN_POINT('',(121.316453959615,59.8239650196444,1.5));
#11999=CARTESIAN_POINT('',(121.316453959615,59.8239650196444,1.5));
#12000=CARTESIAN_POINT('',(107.316453959615,59.8239650196444,1.5));
#12001=CARTESIAN_POINT('',(129.905732007728,59.8239650196444,1.5));
#12002=CARTESIAN_POINT('',(107.316453959615,59.8239650196444,1.5));
#12003=CARTESIAN_POINT('Origin',(107.316453959615,73.8239650196444,1.5));
#12004=CARTESIAN_POINT('',(107.316453959615,73.8239650196444,3.));
#12005=CARTESIAN_POINT('',(107.316453959615,65.8658759669551,3.));
#12006=CARTESIAN_POINT('',(107.316453959615,73.8239650196444,1.5));
#12007=CARTESIAN_POINT('',(107.316453959615,65.8658759669551,1.5));
#12008=CARTESIAN_POINT('',(107.316453959615,73.8239650196444,1.5));
#12009=CARTESIAN_POINT('Origin',(121.316453959615,73.8239650196444,1.5));
#12010=CARTESIAN_POINT('',(121.316453959615,73.8239650196444,3.));
#12011=CARTESIAN_POINT('',(136.905732007728,73.8239650196444,3.));
#12012=CARTESIAN_POINT('',(121.316453959615,73.8239650196444,1.5));
#12013=CARTESIAN_POINT('',(136.905732007728,73.8239650196444,1.5));
#12014=CARTESIAN_POINT('',(121.316453959615,73.8239650196444,1.5));
#12015=CARTESIAN_POINT('Origin',(121.316453959615,59.8239650196444,1.5));
#12016=CARTESIAN_POINT('',(121.316453959615,58.8658759669551,3.));
#12017=CARTESIAN_POINT('',(121.316453959615,58.8658759669551,1.5));
#12018=CARTESIAN_POINT('Origin',(145.416453959615,59.8239650196444,1.5));
#12019=CARTESIAN_POINT('',(159.416453959615,59.8239650196444,3.));
#12020=CARTESIAN_POINT('',(145.416453959615,59.8239650196444,3.));
#12021=CARTESIAN_POINT('',(148.955732007728,59.8239650196444,3.));
#12022=CARTESIAN_POINT('',(159.416453959615,59.8239650196444,1.5));
#12023=CARTESIAN_POINT('',(159.416453959615,59.8239650196444,1.5));
#12024=CARTESIAN_POINT('',(145.416453959615,59.8239650196444,1.5));
#12025=CARTESIAN_POINT('',(148.955732007728,59.8239650196444,1.5));
#12026=CARTESIAN_POINT('',(145.416453959615,59.8239650196444,1.5));
#12027=CARTESIAN_POINT('Origin',(145.416453959615,73.8239650196444,1.5));
#12028=CARTESIAN_POINT('',(145.416453959615,73.8239650196444,3.));
#12029=CARTESIAN_POINT('',(145.416453959615,65.8658759669551,3.));
#12030=CARTESIAN_POINT('',(145.416453959615,73.8239650196444,1.5));
#12031=CARTESIAN_POINT('',(145.416453959615,65.8658759669551,1.5));
#12032=CARTESIAN_POINT('',(145.416453959615,73.8239650196444,1.5));
#12033=CARTESIAN_POINT('Origin',(159.416453959615,73.8239650196444,1.5));
#12034=CARTESIAN_POINT('',(159.416453959615,73.8239650196444,3.));
#12035=CARTESIAN_POINT('',(155.955732007728,73.8239650196444,3.));
#12036=CARTESIAN_POINT('',(159.416453959615,73.8239650196444,1.5));
#12037=CARTESIAN_POINT('',(155.955732007728,73.8239650196444,1.5));
#12038=CARTESIAN_POINT('',(159.416453959615,73.8239650196444,1.5));
#12039=CARTESIAN_POINT('Origin',(159.416453959615,59.8239650196444,1.5));
#12040=CARTESIAN_POINT('',(159.416453959615,58.8658759669551,3.));
#12041=CARTESIAN_POINT('',(159.416453959615,58.8658759669551,1.5));
#12042=CARTESIAN_POINT('Origin',(183.516453959615,59.8239650196444,1.5));
#12043=CARTESIAN_POINT('',(197.516453959615,59.8239650196444,3.));
#12044=CARTESIAN_POINT('',(183.516453959615,59.8239650196444,3.));
#12045=CARTESIAN_POINT('',(168.005732007728,59.8239650196444,3.));
#12046=CARTESIAN_POINT('',(197.516453959615,59.8239650196444,1.5));
#12047=CARTESIAN_POINT('',(197.516453959615,59.8239650196444,1.5));
#12048=CARTESIAN_POINT('',(183.516453959615,59.8239650196444,1.5));
#12049=CARTESIAN_POINT('',(168.005732007728,59.8239650196444,1.5));
#12050=CARTESIAN_POINT('',(183.516453959615,59.8239650196444,1.5));
#12051=CARTESIAN_POINT('Origin',(183.516453959615,73.8239650196444,1.5));
#12052=CARTESIAN_POINT('',(183.516453959615,73.8239650196444,3.));
#12053=CARTESIAN_POINT('',(183.516453959615,65.8658759669551,3.));
#12054=CARTESIAN_POINT('',(183.516453959615,73.8239650196444,1.5));
#12055=CARTESIAN_POINT('',(183.516453959615,65.8658759669551,1.5));
#12056=CARTESIAN_POINT('',(183.516453959615,73.8239650196444,1.5));
#12057=CARTESIAN_POINT('Origin',(197.516453959615,73.8239650196444,1.5));
#12058=CARTESIAN_POINT('',(197.516453959615,73.8239650196444,3.));
#12059=CARTESIAN_POINT('',(175.005732007728,73.8239650196444,3.));
#12060=CARTESIAN_POINT('',(197.516453959615,73.8239650196444,1.5));
#12061=CARTESIAN_POINT('',(175.005732007728,73.8239650196444,1.5));
#12062=CARTESIAN_POINT('',(197.516453959615,73.8239650196444,1.5));
#12063=CARTESIAN_POINT('Origin',(197.516453959615,59.8239650196444,1.5));
#12064=CARTESIAN_POINT('',(197.516453959615,58.8658759669551,3.));
#12065=CARTESIAN_POINT('',(197.516453959615,58.8658759669551,1.5));
#12066=CARTESIAN_POINT('Origin',(221.616453959615,59.8239650196444,1.5));
#12067=CARTESIAN_POINT('',(235.616453959615,59.8239650196444,3.));
#12068=CARTESIAN_POINT('',(221.616453959615,59.8239650196444,3.));
#12069=CARTESIAN_POINT('',(187.055732007728,59.8239650196444,3.));
#12070=CARTESIAN_POINT('',(235.616453959615,59.8239650196444,1.5));
#12071=CARTESIAN_POINT('',(235.616453959615,59.8239650196444,1.5));
#12072=CARTESIAN_POINT('',(221.616453959615,59.8239650196444,1.5));
#12073=CARTESIAN_POINT('',(187.055732007728,59.8239650196444,1.5));
#12074=CARTESIAN_POINT('',(221.616453959615,59.8239650196444,1.5));
#12075=CARTESIAN_POINT('Origin',(221.616453959615,73.8239650196444,1.5));
#12076=CARTESIAN_POINT('',(221.616453959615,73.8239650196444,3.));
#12077=CARTESIAN_POINT('',(221.616453959615,65.8658759669551,3.));
#12078=CARTESIAN_POINT('',(221.616453959615,73.8239650196444,1.5));
#12079=CARTESIAN_POINT('',(221.616453959615,65.8658759669551,1.5));
#12080=CARTESIAN_POINT('',(221.616453959615,73.8239650196444,1.5));
#12081=CARTESIAN_POINT('Origin',(235.616453959615,73.8239650196444,1.5));
#12082=CARTESIAN_POINT('',(235.616453959615,73.8239650196444,3.));
#12083=CARTESIAN_POINT('',(194.055732007728,73.8239650196444,3.));
#12084=CARTESIAN_POINT('',(235.616453959615,73.8239650196444,1.5));
#12085=CARTESIAN_POINT('',(194.055732007728,73.8239650196444,1.5));
#12086=CARTESIAN_POINT('',(235.616453959615,73.8239650196444,1.5));
#12087=CARTESIAN_POINT('Origin',(235.616453959615,59.8239650196444,1.5));
#12088=CARTESIAN_POINT('',(235.616453959615,58.8658759669551,3.));
#12089=CARTESIAN_POINT('',(235.616453959615,58.8658759669551,1.5));
#12090=CARTESIAN_POINT('Origin',(2.54145395961464,97.9239650196444,1.5));
#12091=CARTESIAN_POINT('',(16.5414539596146,97.9239650196444,3.));
#12092=CARTESIAN_POINT('',(2.54145395961464,97.9239650196444,3.));
#12093=CARTESIAN_POINT('',(77.5182320077283,97.9239650196444,3.));
#12094=CARTESIAN_POINT('',(16.5414539596146,97.9239650196444,1.5));
#12095=CARTESIAN_POINT('',(16.5414539596146,97.9239650196444,1.5));
#12096=CARTESIAN_POINT('',(2.54145395961464,97.9239650196444,1.5));
#12097=CARTESIAN_POINT('',(77.5182320077283,97.9239650196444,1.5));
#12098=CARTESIAN_POINT('',(2.54145395961464,97.9239650196444,1.5));
#12099=CARTESIAN_POINT('Origin',(2.54145395961464,111.923965019644,1.5));
#12100=CARTESIAN_POINT('',(2.54145395961464,111.923965019644,3.));
#12101=CARTESIAN_POINT('',(2.54145395961464,84.9158759669551,3.));
#12102=CARTESIAN_POINT('',(2.54145395961464,111.923965019644,1.5));
#12103=CARTESIAN_POINT('',(2.54145395961464,84.9158759669551,1.5));
#12104=CARTESIAN_POINT('',(2.54145395961464,111.923965019644,1.5));
#12105=CARTESIAN_POINT('Origin',(16.5414539596146,111.923965019644,1.5));
#12106=CARTESIAN_POINT('',(16.5414539596146,111.923965019644,3.));
#12107=CARTESIAN_POINT('',(84.5182320077283,111.923965019644,3.));
#12108=CARTESIAN_POINT('',(16.5414539596146,111.923965019644,1.5));
#12109=CARTESIAN_POINT('',(84.5182320077283,111.923965019644,1.5));
#12110=CARTESIAN_POINT('',(16.5414539596146,111.923965019644,1.5));
#12111=CARTESIAN_POINT('Origin',(16.5414539596146,97.9239650196444,1.5));
#12112=CARTESIAN_POINT('',(16.5414539596146,77.9158759669551,3.));
#12113=CARTESIAN_POINT('',(16.5414539596146,77.9158759669551,1.5));
#12114=CARTESIAN_POINT('Origin',(288.291453959615,59.8239650196444,1.5));
#12115=CARTESIAN_POINT('',(302.291453959615,59.8239650196444,3.));
#12116=CARTESIAN_POINT('',(288.291453959615,59.8239650196444,3.));
#12117=CARTESIAN_POINT('',(220.393232007728,59.8239650196444,3.));
#12118=CARTESIAN_POINT('',(302.291453959615,59.8239650196444,1.5));
#12119=CARTESIAN_POINT('',(302.291453959615,59.8239650196444,1.5));
#12120=CARTESIAN_POINT('',(288.291453959615,59.8239650196444,1.5));
#12121=CARTESIAN_POINT('',(220.393232007728,59.8239650196444,1.5));
#12122=CARTESIAN_POINT('',(288.291453959615,59.8239650196444,1.5));
#12123=CARTESIAN_POINT('Origin',(288.291453959615,73.8239650196444,1.5));
#12124=CARTESIAN_POINT('',(288.291453959615,73.8239650196444,3.));
#12125=CARTESIAN_POINT('',(288.291453959615,65.8658759669551,3.));
#12126=CARTESIAN_POINT('',(288.291453959615,73.8239650196444,1.5));
#12127=CARTESIAN_POINT('',(288.291453959615,65.8658759669551,1.5));
#12128=CARTESIAN_POINT('',(288.291453959615,73.8239650196444,1.5));
#12129=CARTESIAN_POINT('Origin',(302.291453959615,73.8239650196444,1.5));
#12130=CARTESIAN_POINT('',(302.291453959615,73.8239650196444,3.));
#12131=CARTESIAN_POINT('',(227.393232007728,73.8239650196444,3.));
#12132=CARTESIAN_POINT('',(302.291453959615,73.8239650196444,1.5));
#12133=CARTESIAN_POINT('',(227.393232007728,73.8239650196444,1.5));
#12134=CARTESIAN_POINT('',(302.291453959615,73.8239650196444,1.5));
#12135=CARTESIAN_POINT('Origin',(302.291453959615,59.8239650196444,1.5));
#12136=CARTESIAN_POINT('',(302.291453959615,58.8658759669551,3.));
#12137=CARTESIAN_POINT('',(302.291453959615,58.8658759669551,1.5));
#12138=CARTESIAN_POINT('Origin',(35.8789539596146,40.7739650196444,1.5));
#12139=CARTESIAN_POINT('',(49.8789539596146,40.7739650196444,3.));
#12140=CARTESIAN_POINT('',(35.8789539596146,40.7739650196444,3.));
#12141=CARTESIAN_POINT('',(94.1869820077283,40.7739650196444,3.));
#12142=CARTESIAN_POINT('',(49.8789539596146,40.7739650196444,1.5));
#12143=CARTESIAN_POINT('',(49.8789539596146,40.7739650196444,1.5));
#12144=CARTESIAN_POINT('',(35.8789539596146,40.7739650196444,1.5));
#12145=CARTESIAN_POINT('',(94.1869820077283,40.7739650196444,1.5));
#12146=CARTESIAN_POINT('',(35.8789539596146,40.7739650196444,1.5));
#12147=CARTESIAN_POINT('Origin',(35.8789539596146,54.7739650196444,1.5));
#12148=CARTESIAN_POINT('',(35.8789539596146,54.7739650196444,3.));
#12149=CARTESIAN_POINT('',(35.8789539596146,56.3408759669551,3.));
#12150=CARTESIAN_POINT('',(35.8789539596146,54.7739650196444,1.5));
#12151=CARTESIAN_POINT('',(35.8789539596146,56.3408759669551,1.5));
#12152=CARTESIAN_POINT('',(35.8789539596146,54.7739650196444,1.5));
#12153=CARTESIAN_POINT('Origin',(49.8789539596146,54.7739650196444,1.5));
#12154=CARTESIAN_POINT('',(49.8789539596146,54.7739650196444,3.));
#12155=CARTESIAN_POINT('',(101.186982007728,54.7739650196444,3.));
#12156=CARTESIAN_POINT('',(49.8789539596146,54.7739650196444,1.5));
#12157=CARTESIAN_POINT('',(101.186982007728,54.7739650196444,1.5));
#12158=CARTESIAN_POINT('',(49.8789539596146,54.7739650196444,1.5));
#12159=CARTESIAN_POINT('Origin',(49.8789539596146,40.7739650196444,1.5));
#12160=CARTESIAN_POINT('',(49.8789539596146,49.3408759669551,3.));
#12161=CARTESIAN_POINT('',(49.8789539596146,49.3408759669551,1.5));
#12162=CARTESIAN_POINT('Origin',(73.9789539596147,40.7739650196444,1.5));
#12163=CARTESIAN_POINT('',(87.9789539596146,40.7739650196444,3.));
#12164=CARTESIAN_POINT('',(73.9789539596147,40.7739650196444,3.));
#12165=CARTESIAN_POINT('',(113.236982007728,40.7739650196444,3.));
#12166=CARTESIAN_POINT('',(87.9789539596146,40.7739650196444,1.5));
#12167=CARTESIAN_POINT('',(87.9789539596146,40.7739650196444,1.5));
#12168=CARTESIAN_POINT('',(73.9789539596147,40.7739650196444,1.5));
#12169=CARTESIAN_POINT('',(113.236982007728,40.7739650196444,1.5));
#12170=CARTESIAN_POINT('',(73.9789539596147,40.7739650196444,1.5));
#12171=CARTESIAN_POINT('Origin',(73.9789539596147,54.7739650196444,1.5));
#12172=CARTESIAN_POINT('',(73.9789539596147,54.7739650196444,3.));
#12173=CARTESIAN_POINT('',(73.9789539596146,56.3408759669551,3.));
#12174=CARTESIAN_POINT('',(73.9789539596147,54.7739650196444,1.5));
#12175=CARTESIAN_POINT('',(73.9789539596146,56.3408759669551,1.5));
#12176=CARTESIAN_POINT('',(73.9789539596147,54.7739650196444,1.5));
#12177=CARTESIAN_POINT('Origin',(87.9789539596146,54.7739650196444,1.5));
#12178=CARTESIAN_POINT('',(87.9789539596146,54.7739650196444,3.));
#12179=CARTESIAN_POINT('',(120.236982007728,54.7739650196444,3.));
#12180=CARTESIAN_POINT('',(87.9789539596146,54.7739650196444,1.5));
#12181=CARTESIAN_POINT('',(120.236982007728,54.7739650196444,1.5));
#12182=CARTESIAN_POINT('',(87.9789539596146,54.7739650196444,1.5));
#12183=CARTESIAN_POINT('Origin',(87.9789539596146,40.7739650196444,1.5));
#12184=CARTESIAN_POINT('',(87.9789539596146,49.3408759669551,3.));
#12185=CARTESIAN_POINT('',(87.9789539596146,49.3408759669551,1.5));
#12186=CARTESIAN_POINT('Origin',(112.078953959615,40.7739650196444,1.5));
#12187=CARTESIAN_POINT('',(126.078953959615,40.7739650196444,3.));
#12188=CARTESIAN_POINT('',(112.078953959615,40.7739650196444,3.));
#12189=CARTESIAN_POINT('',(132.286982007728,40.7739650196444,3.));
#12190=CARTESIAN_POINT('',(126.078953959615,40.7739650196444,1.5));
#12191=CARTESIAN_POINT('',(126.078953959615,40.7739650196444,1.5));
#12192=CARTESIAN_POINT('',(112.078953959615,40.7739650196444,1.5));
#12193=CARTESIAN_POINT('',(132.286982007728,40.7739650196444,1.5));
#12194=CARTESIAN_POINT('',(112.078953959615,40.7739650196444,1.5));
#12195=CARTESIAN_POINT('Origin',(112.078953959615,54.7739650196444,1.5));
#12196=CARTESIAN_POINT('',(112.078953959615,54.7739650196444,3.));
#12197=CARTESIAN_POINT('',(112.078953959615,56.3408759669551,3.));
#12198=CARTESIAN_POINT('',(112.078953959615,54.7739650196444,1.5));
#12199=CARTESIAN_POINT('',(112.078953959615,56.3408759669551,1.5));
#12200=CARTESIAN_POINT('',(112.078953959615,54.7739650196444,1.5));
#12201=CARTESIAN_POINT('Origin',(126.078953959615,54.7739650196444,1.5));
#12202=CARTESIAN_POINT('',(126.078953959615,54.7739650196444,3.));
#12203=CARTESIAN_POINT('',(139.286982007728,54.7739650196444,3.));
#12204=CARTESIAN_POINT('',(126.078953959615,54.7739650196444,1.5));
#12205=CARTESIAN_POINT('',(139.286982007728,54.7739650196444,1.5));
#12206=CARTESIAN_POINT('',(126.078953959615,54.7739650196444,1.5));
#12207=CARTESIAN_POINT('Origin',(126.078953959615,40.7739650196444,1.5));
#12208=CARTESIAN_POINT('',(126.078953959615,49.3408759669551,3.));
#12209=CARTESIAN_POINT('',(126.078953959615,49.3408759669551,1.5));
#12210=CARTESIAN_POINT('Origin',(150.178953959615,40.7739650196444,1.5));
#12211=CARTESIAN_POINT('',(164.178953959615,40.7739650196444,3.));
#12212=CARTESIAN_POINT('',(150.178953959615,40.7739650196444,3.));
#12213=CARTESIAN_POINT('',(151.336982007728,40.7739650196444,3.));
#12214=CARTESIAN_POINT('',(164.178953959615,40.7739650196444,1.5));
#12215=CARTESIAN_POINT('',(164.178953959615,40.7739650196444,1.5));
#12216=CARTESIAN_POINT('',(150.178953959615,40.7739650196444,1.5));
#12217=CARTESIAN_POINT('',(151.336982007728,40.7739650196444,1.5));
#12218=CARTESIAN_POINT('',(150.178953959615,40.7739650196444,1.5));
#12219=CARTESIAN_POINT('Origin',(150.178953959615,54.7739650196444,1.5));
#12220=CARTESIAN_POINT('',(150.178953959615,54.7739650196444,3.));
#12221=CARTESIAN_POINT('',(150.178953959615,56.3408759669551,3.));
#12222=CARTESIAN_POINT('',(150.178953959615,54.7739650196444,1.5));
#12223=CARTESIAN_POINT('',(150.178953959615,56.3408759669551,1.5));
#12224=CARTESIAN_POINT('',(150.178953959615,54.7739650196444,1.5));
#12225=CARTESIAN_POINT('Origin',(164.178953959615,54.7739650196444,1.5));
#12226=CARTESIAN_POINT('',(164.178953959615,54.7739650196444,3.));
#12227=CARTESIAN_POINT('',(158.336982007728,54.7739650196444,3.));
#12228=CARTESIAN_POINT('',(164.178953959615,54.7739650196444,1.5));
#12229=CARTESIAN_POINT('',(158.336982007728,54.7739650196444,1.5));
#12230=CARTESIAN_POINT('',(164.178953959615,54.7739650196444,1.5));
#12231=CARTESIAN_POINT('Origin',(164.178953959615,40.7739650196444,1.5));
#12232=CARTESIAN_POINT('',(164.178953959615,49.3408759669551,3.));
#12233=CARTESIAN_POINT('',(164.178953959615,49.3408759669551,1.5));
#12234=CARTESIAN_POINT('Origin',(188.278953959615,40.7739650196444,1.5));
#12235=CARTESIAN_POINT('',(202.278953959615,40.7739650196444,3.));
#12236=CARTESIAN_POINT('',(188.278953959615,40.7739650196444,3.));
#12237=CARTESIAN_POINT('',(170.386982007728,40.7739650196444,3.));
#12238=CARTESIAN_POINT('',(202.278953959615,40.7739650196444,1.5));
#12239=CARTESIAN_POINT('',(202.278953959615,40.7739650196444,1.5));
#12240=CARTESIAN_POINT('',(188.278953959615,40.7739650196444,1.5));
#12241=CARTESIAN_POINT('',(170.386982007728,40.7739650196444,1.5));
#12242=CARTESIAN_POINT('',(188.278953959615,40.7739650196444,1.5));
#12243=CARTESIAN_POINT('Origin',(188.278953959615,54.7739650196444,1.5));
#12244=CARTESIAN_POINT('',(188.278953959615,54.7739650196444,3.));
#12245=CARTESIAN_POINT('',(188.278953959615,56.3408759669551,3.));
#12246=CARTESIAN_POINT('',(188.278953959615,54.7739650196444,1.5));
#12247=CARTESIAN_POINT('',(188.278953959615,56.3408759669551,1.5));
#12248=CARTESIAN_POINT('',(188.278953959615,54.7739650196444,1.5));
#12249=CARTESIAN_POINT('Origin',(202.278953959615,54.7739650196444,1.5));
#12250=CARTESIAN_POINT('',(202.278953959615,54.7739650196444,3.));
#12251=CARTESIAN_POINT('',(177.386982007728,54.7739650196444,3.));
#12252=CARTESIAN_POINT('',(202.278953959615,54.7739650196444,1.5));
#12253=CARTESIAN_POINT('',(177.386982007728,54.7739650196444,1.5));
#12254=CARTESIAN_POINT('',(202.278953959615,54.7739650196444,1.5));
#12255=CARTESIAN_POINT('Origin',(202.278953959615,40.7739650196444,1.5));
#12256=CARTESIAN_POINT('',(202.278953959615,49.3408759669551,3.));
#12257=CARTESIAN_POINT('',(202.278953959615,49.3408759669551,1.5));
#12258=CARTESIAN_POINT('Origin',(226.378953959615,40.7739650196444,1.5));
#12259=CARTESIAN_POINT('',(240.378953959615,40.7739650196444,3.));
#12260=CARTESIAN_POINT('',(226.378953959615,40.7739650196444,3.));
#12261=CARTESIAN_POINT('',(189.436982007728,40.7739650196444,3.));
#12262=CARTESIAN_POINT('',(240.378953959615,40.7739650196444,1.5));
#12263=CARTESIAN_POINT('',(240.378953959615,40.7739650196444,1.5));
#12264=CARTESIAN_POINT('',(226.378953959615,40.7739650196444,1.5));
#12265=CARTESIAN_POINT('',(189.436982007728,40.7739650196444,1.5));
#12266=CARTESIAN_POINT('',(226.378953959615,40.7739650196444,1.5));
#12267=CARTESIAN_POINT('Origin',(226.378953959615,54.7739650196444,1.5));
#12268=CARTESIAN_POINT('',(226.378953959615,54.7739650196444,3.));
#12269=CARTESIAN_POINT('',(226.378953959615,56.3408759669551,3.));
#12270=CARTESIAN_POINT('',(226.378953959615,54.7739650196444,1.5));
#12271=CARTESIAN_POINT('',(226.378953959615,56.3408759669551,1.5));
#12272=CARTESIAN_POINT('',(226.378953959615,54.7739650196444,1.5));
#12273=CARTESIAN_POINT('Origin',(240.378953959615,54.7739650196444,1.5));
#12274=CARTESIAN_POINT('',(240.378953959615,54.7739650196444,3.));
#12275=CARTESIAN_POINT('',(196.436982007728,54.7739650196444,3.));
#12276=CARTESIAN_POINT('',(240.378953959615,54.7739650196444,1.5));
#12277=CARTESIAN_POINT('',(196.436982007728,54.7739650196444,1.5));
#12278=CARTESIAN_POINT('',(240.378953959615,54.7739650196444,1.5));
#12279=CARTESIAN_POINT('Origin',(240.378953959615,40.7739650196444,1.5));
#12280=CARTESIAN_POINT('',(240.378953959615,49.3408759669551,3.));
#12281=CARTESIAN_POINT('',(240.378953959615,49.3408759669551,1.5));
#12282=CARTESIAN_POINT('Origin',(248.897203959615,39.7739650196444,1.5));
#12283=CARTESIAN_POINT('',(255.897203959615,39.7739650196444,3.));
#12284=CARTESIAN_POINT('',(248.897203959615,39.7739650196444,3.));
#12285=CARTESIAN_POINT('',(200.696107007728,39.7739650196444,3.));
#12286=CARTESIAN_POINT('',(255.897203959615,39.7739650196444,1.5));
#12287=CARTESIAN_POINT('',(255.897203959615,39.7739650196444,1.5));
#12288=CARTESIAN_POINT('',(248.897203959615,39.7739650196444,1.5));
#12289=CARTESIAN_POINT('',(200.696107007728,39.7739650196444,1.5));
#12290=CARTESIAN_POINT('',(248.897203959615,39.7739650196444,1.5));
#12291=CARTESIAN_POINT('Origin',(248.897203959615,54.7739650196444,1.5));
#12292=CARTESIAN_POINT('',(248.897203959615,54.7739650196444,3.));
#12293=CARTESIAN_POINT('',(248.897203959615,56.3408759669551,3.));
#12294=CARTESIAN_POINT('',(248.897203959615,54.7739650196444,1.5));
#12295=CARTESIAN_POINT('',(248.897203959615,56.3408759669551,1.5));
#12296=CARTESIAN_POINT('',(248.897203959615,54.7739650196444,1.5));
#12297=CARTESIAN_POINT('Origin',(255.897203959615,54.7739650196444,1.5));
#12298=CARTESIAN_POINT('',(255.897203959615,54.7739650196444,3.));
#12299=CARTESIAN_POINT('',(204.196107007728,54.7739650196444,3.));
#12300=CARTESIAN_POINT('',(255.897203959615,54.7739650196444,1.5));
#12301=CARTESIAN_POINT('',(204.196107007728,54.7739650196444,1.5));
#12302=CARTESIAN_POINT('',(255.897203959615,54.7739650196444,1.5));
#12303=CARTESIAN_POINT('Origin',(255.897203959615,39.7739650196444,1.5));
#12304=CARTESIAN_POINT('',(255.897203959615,48.8408759669551,3.));
#12305=CARTESIAN_POINT('',(255.897203959615,48.8408759669551,1.5));
#12306=CARTESIAN_POINT('Origin',(288.291453959615,40.7739650196444,1.5));
#12307=CARTESIAN_POINT('',(302.291453959615,40.7739650196444,3.));
#12308=CARTESIAN_POINT('',(288.291453959615,40.7739650196444,3.));
#12309=CARTESIAN_POINT('',(220.393232007728,40.7739650196444,3.));
#12310=CARTESIAN_POINT('',(302.291453959615,40.7739650196444,1.5));
#12311=CARTESIAN_POINT('',(302.291453959615,40.7739650196444,1.5));
#12312=CARTESIAN_POINT('',(288.291453959615,40.7739650196444,1.5));
#12313=CARTESIAN_POINT('',(220.393232007728,40.7739650196444,1.5));
#12314=CARTESIAN_POINT('',(288.291453959615,40.7739650196444,1.5));
#12315=CARTESIAN_POINT('Origin',(288.291453959615,54.7739650196444,1.5));
#12316=CARTESIAN_POINT('',(288.291453959615,54.7739650196444,3.));
#12317=CARTESIAN_POINT('',(288.291453959615,56.3408759669551,3.));
#12318=CARTESIAN_POINT('',(288.291453959615,54.7739650196444,1.5));
#12319=CARTESIAN_POINT('',(288.291453959615,56.3408759669551,1.5));
#12320=CARTESIAN_POINT('',(288.291453959615,54.7739650196444,1.5));
#12321=CARTESIAN_POINT('Origin',(302.291453959615,54.7739650196444,1.5));
#12322=CARTESIAN_POINT('',(302.291453959615,54.7739650196444,3.));
#12323=CARTESIAN_POINT('',(227.393232007728,54.7739650196444,3.));
#12324=CARTESIAN_POINT('',(302.291453959615,54.7739650196444,1.5));
#12325=CARTESIAN_POINT('',(227.393232007728,54.7739650196444,1.5));
#12326=CARTESIAN_POINT('',(302.291453959615,54.7739650196444,1.5));
#12327=CARTESIAN_POINT('Origin',(302.291453959615,40.7739650196444,1.5));
#12328=CARTESIAN_POINT('',(302.291453959615,49.3408759669551,3.));
#12329=CARTESIAN_POINT('',(302.291453959615,49.3408759669551,1.5));
#12330=CARTESIAN_POINT('Origin',(6.00970395961464,20.7239650196444,1.5));
#12331=CARTESIAN_POINT('',(13.0097039596146,20.7239650196444,3.));
#12332=CARTESIAN_POINT('',(6.00970395961464,20.7239650196444,3.));
#12333=CARTESIAN_POINT('',(79.2523570077283,20.7239650196444,3.));
#12334=CARTESIAN_POINT('',(13.0097039596146,20.7239650196444,1.5));
#12335=CARTESIAN_POINT('',(13.0097039596146,20.7239650196444,1.5));
#12336=CARTESIAN_POINT('',(6.00970395961464,20.7239650196444,1.5));
#12337=CARTESIAN_POINT('',(79.2523570077283,20.7239650196444,1.5));
#12338=CARTESIAN_POINT('',(6.00970395961464,20.7239650196444,1.5));
#12339=CARTESIAN_POINT('Origin',(6.00970395961464,35.7239650196444,1.5));
#12340=CARTESIAN_POINT('',(6.00970395961464,35.7239650196444,3.));
#12341=CARTESIAN_POINT('',(6.00970395961465,46.8158759669551,3.));
#12342=CARTESIAN_POINT('',(6.00970395961464,35.7239650196444,1.5));
#12343=CARTESIAN_POINT('',(6.00970395961465,46.8158759669551,1.5));
#12344=CARTESIAN_POINT('',(6.00970395961464,35.7239650196444,1.5));
#12345=CARTESIAN_POINT('Origin',(13.0097039596146,35.7239650196444,1.5));
#12346=CARTESIAN_POINT('',(13.0097039596146,35.7239650196444,3.));
#12347=CARTESIAN_POINT('',(82.7523570077283,35.7239650196444,3.));
#12348=CARTESIAN_POINT('',(13.0097039596146,35.7239650196444,1.5));
#12349=CARTESIAN_POINT('',(82.7523570077283,35.7239650196444,1.5));
#12350=CARTESIAN_POINT('',(13.0097039596146,35.7239650196444,1.5));
#12351=CARTESIAN_POINT('Origin',(13.0097039596146,20.7239650196444,1.5));
#12352=CARTESIAN_POINT('',(13.0097039596146,39.3158759669551,3.));
#12353=CARTESIAN_POINT('',(13.0097039596146,39.3158759669551,1.5));
#12354=CARTESIAN_POINT('Origin',(45.4039539596146,21.7239650196444,1.5));
#12355=CARTESIAN_POINT('',(59.4039539596147,21.7239650196444,3.));
#12356=CARTESIAN_POINT('',(45.4039539596146,21.7239650196444,3.));
#12357=CARTESIAN_POINT('',(98.9494820077283,21.7239650196444,3.));
#12358=CARTESIAN_POINT('',(59.4039539596147,21.7239650196444,1.5));
#12359=CARTESIAN_POINT('',(59.4039539596147,21.7239650196444,1.5));
#12360=CARTESIAN_POINT('',(45.4039539596146,21.7239650196444,1.5));
#12361=CARTESIAN_POINT('',(98.9494820077283,21.7239650196444,1.5));
#12362=CARTESIAN_POINT('',(45.4039539596146,21.7239650196444,1.5));
#12363=CARTESIAN_POINT('Origin',(45.4039539596146,35.7239650196444,1.5));
#12364=CARTESIAN_POINT('',(45.4039539596146,35.7239650196444,3.));
#12365=CARTESIAN_POINT('',(45.4039539596147,46.8158759669551,3.));
#12366=CARTESIAN_POINT('',(45.4039539596146,35.7239650196444,1.5));
#12367=CARTESIAN_POINT('',(45.4039539596147,46.8158759669551,1.5));
#12368=CARTESIAN_POINT('',(45.4039539596146,35.7239650196444,1.5));
#12369=CARTESIAN_POINT('Origin',(59.4039539596147,35.7239650196444,1.5));
#12370=CARTESIAN_POINT('',(59.4039539596147,35.7239650196444,3.));
#12371=CARTESIAN_POINT('',(105.949482007728,35.7239650196444,3.));
#12372=CARTESIAN_POINT('',(59.4039539596147,35.7239650196444,1.5));
#12373=CARTESIAN_POINT('',(105.949482007728,35.7239650196444,1.5));
#12374=CARTESIAN_POINT('',(59.4039539596147,35.7239650196444,1.5));
#12375=CARTESIAN_POINT('Origin',(59.4039539596147,21.7239650196444,1.5));
#12376=CARTESIAN_POINT('',(59.4039539596147,39.8158759669551,3.));
#12377=CARTESIAN_POINT('',(59.4039539596147,39.8158759669551,1.5));
#12378=CARTESIAN_POINT('Origin',(83.5039539596146,21.7239650196444,1.5));
#12379=CARTESIAN_POINT('',(97.5039539596146,21.7239650196444,3.));
#12380=CARTESIAN_POINT('',(83.5039539596146,21.7239650196444,3.));
#12381=CARTESIAN_POINT('',(117.999482007728,21.7239650196444,3.));
#12382=CARTESIAN_POINT('',(97.5039539596146,21.7239650196444,1.5));
#12383=CARTESIAN_POINT('',(97.5039539596146,21.7239650196444,1.5));
#12384=CARTESIAN_POINT('',(83.5039539596146,21.7239650196444,1.5));
#12385=CARTESIAN_POINT('',(117.999482007728,21.7239650196444,1.5));
#12386=CARTESIAN_POINT('',(83.5039539596146,21.7239650196444,1.5));
#12387=CARTESIAN_POINT('Origin',(83.5039539596146,35.7239650196444,1.5));
#12388=CARTESIAN_POINT('',(83.5039539596146,35.7239650196444,3.));
#12389=CARTESIAN_POINT('',(83.5039539596146,46.8158759669551,3.));
#12390=CARTESIAN_POINT('',(83.5039539596146,35.7239650196444,1.5));
#12391=CARTESIAN_POINT('',(83.5039539596146,46.8158759669551,1.5));
#12392=CARTESIAN_POINT('',(83.5039539596146,35.7239650196444,1.5));
#12393=CARTESIAN_POINT('Origin',(97.5039539596146,35.7239650196444,1.5));
#12394=CARTESIAN_POINT('',(97.5039539596146,35.7239650196444,3.));
#12395=CARTESIAN_POINT('',(124.999482007728,35.7239650196444,3.));
#12396=CARTESIAN_POINT('',(97.5039539596146,35.7239650196444,1.5));
#12397=CARTESIAN_POINT('',(124.999482007728,35.7239650196444,1.5));
#12398=CARTESIAN_POINT('',(97.5039539596146,35.7239650196444,1.5));
#12399=CARTESIAN_POINT('Origin',(97.5039539596146,21.7239650196444,1.5));
#12400=CARTESIAN_POINT('',(97.5039539596146,39.8158759669551,3.));
#12401=CARTESIAN_POINT('',(97.5039539596146,39.8158759669551,1.5));
#12402=CARTESIAN_POINT('Origin',(121.603953959615,21.7239650196444,1.5));
#12403=CARTESIAN_POINT('',(135.603953959615,21.7239650196444,3.));
#12404=CARTESIAN_POINT('',(121.603953959615,21.7239650196444,3.));
#12405=CARTESIAN_POINT('',(137.049482007728,21.7239650196444,3.));
#12406=CARTESIAN_POINT('',(135.603953959615,21.7239650196444,1.5));
#12407=CARTESIAN_POINT('',(135.603953959615,21.7239650196444,1.5));
#12408=CARTESIAN_POINT('',(121.603953959615,21.7239650196444,1.5));
#12409=CARTESIAN_POINT('',(137.049482007728,21.7239650196444,1.5));
#12410=CARTESIAN_POINT('',(121.603953959615,21.7239650196444,1.5));
#12411=CARTESIAN_POINT('Origin',(121.603953959615,35.7239650196444,1.5));
#12412=CARTESIAN_POINT('',(121.603953959615,35.7239650196444,3.));
#12413=CARTESIAN_POINT('',(121.603953959615,46.8158759669551,3.));
#12414=CARTESIAN_POINT('',(121.603953959615,35.7239650196444,1.5));
#12415=CARTESIAN_POINT('',(121.603953959615,46.8158759669551,1.5));
#12416=CARTESIAN_POINT('',(121.603953959615,35.7239650196444,1.5));
#12417=CARTESIAN_POINT('Origin',(135.603953959615,35.7239650196444,1.5));
#12418=CARTESIAN_POINT('',(135.603953959615,35.7239650196444,3.));
#12419=CARTESIAN_POINT('',(144.049482007728,35.7239650196444,3.));
#12420=CARTESIAN_POINT('',(135.603953959615,35.7239650196444,1.5));
#12421=CARTESIAN_POINT('',(144.049482007728,35.7239650196444,1.5));
#12422=CARTESIAN_POINT('',(135.603953959615,35.7239650196444,1.5));
#12423=CARTESIAN_POINT('Origin',(135.603953959615,21.7239650196444,1.5));
#12424=CARTESIAN_POINT('',(135.603953959615,39.8158759669551,3.));
#12425=CARTESIAN_POINT('',(135.603953959615,39.8158759669551,1.5));
#12426=CARTESIAN_POINT('Origin',(159.703953959615,21.7239650196444,1.5));
#12427=CARTESIAN_POINT('',(173.703953959615,21.7239650196444,3.));
#12428=CARTESIAN_POINT('',(159.703953959615,21.7239650196444,3.));
#12429=CARTESIAN_POINT('',(156.099482007728,21.7239650196444,3.));
#12430=CARTESIAN_POINT('',(173.703953959615,21.7239650196444,1.5));
#12431=CARTESIAN_POINT('',(173.703953959615,21.7239650196444,1.5));
#12432=CARTESIAN_POINT('',(159.703953959615,21.7239650196444,1.5));
#12433=CARTESIAN_POINT('',(156.099482007728,21.7239650196444,1.5));
#12434=CARTESIAN_POINT('',(159.703953959615,21.7239650196444,1.5));
#12435=CARTESIAN_POINT('Origin',(159.703953959615,35.7239650196444,1.5));
#12436=CARTESIAN_POINT('',(159.703953959615,35.7239650196444,3.));
#12437=CARTESIAN_POINT('',(159.703953959615,46.8158759669551,3.));
#12438=CARTESIAN_POINT('',(159.703953959615,35.7239650196444,1.5));
#12439=CARTESIAN_POINT('',(159.703953959615,46.8158759669551,1.5));
#12440=CARTESIAN_POINT('',(159.703953959615,35.7239650196444,1.5));
#12441=CARTESIAN_POINT('Origin',(173.703953959615,35.7239650196444,1.5));
#12442=CARTESIAN_POINT('',(173.703953959615,35.7239650196444,3.));
#12443=CARTESIAN_POINT('',(163.099482007728,35.7239650196444,3.));
#12444=CARTESIAN_POINT('',(173.703953959615,35.7239650196444,1.5));
#12445=CARTESIAN_POINT('',(163.099482007728,35.7239650196444,1.5));
#12446=CARTESIAN_POINT('',(173.703953959615,35.7239650196444,1.5));
#12447=CARTESIAN_POINT('Origin',(173.703953959615,21.7239650196444,1.5));
#12448=CARTESIAN_POINT('',(173.703953959615,39.8158759669551,3.));
#12449=CARTESIAN_POINT('',(173.703953959615,39.8158759669551,1.5));
#12450=CARTESIAN_POINT('Origin',(197.803953959615,21.7239650196444,1.5));
#12451=CARTESIAN_POINT('',(211.803953959615,21.7239650196444,3.));
#12452=CARTESIAN_POINT('',(197.803953959615,21.7239650196444,3.));
#12453=CARTESIAN_POINT('',(175.149482007728,21.7239650196444,3.));
#12454=CARTESIAN_POINT('',(211.803953959615,21.7239650196444,1.5));
#12455=CARTESIAN_POINT('',(211.803953959615,21.7239650196444,1.5));
#12456=CARTESIAN_POINT('',(197.803953959615,21.7239650196444,1.5));
#12457=CARTESIAN_POINT('',(175.149482007728,21.7239650196444,1.5));
#12458=CARTESIAN_POINT('',(197.803953959615,21.7239650196444,1.5));
#12459=CARTESIAN_POINT('Origin',(197.803953959615,35.7239650196444,1.5));
#12460=CARTESIAN_POINT('',(197.803953959615,35.7239650196444,3.));
#12461=CARTESIAN_POINT('',(197.803953959615,46.8158759669551,3.));
#12462=CARTESIAN_POINT('',(197.803953959615,35.7239650196444,1.5));
#12463=CARTESIAN_POINT('',(197.803953959615,46.8158759669551,1.5));
#12464=CARTESIAN_POINT('',(197.803953959615,35.7239650196444,1.5));
#12465=CARTESIAN_POINT('Origin',(211.803953959615,35.7239650196444,1.5));
#12466=CARTESIAN_POINT('',(211.803953959615,35.7239650196444,3.));
#12467=CARTESIAN_POINT('',(182.149482007728,35.7239650196444,3.));
#12468=CARTESIAN_POINT('',(211.803953959615,35.7239650196444,1.5));
#12469=CARTESIAN_POINT('',(182.149482007728,35.7239650196444,1.5));
#12470=CARTESIAN_POINT('',(211.803953959615,35.7239650196444,1.5));
#12471=CARTESIAN_POINT('Origin',(211.803953959615,21.7239650196444,1.5));
#12472=CARTESIAN_POINT('',(211.803953959615,39.8158759669551,3.));
#12473=CARTESIAN_POINT('',(211.803953959615,39.8158759669551,1.5));
#12474=CARTESIAN_POINT('Origin',(243.047703959615,21.7239650196444,1.5));
#12475=CARTESIAN_POINT('',(257.047703959615,21.7239650196444,3.));
#12476=CARTESIAN_POINT('',(243.047703959615,21.7239650196444,3.));
#12477=CARTESIAN_POINT('',(197.771357007728,21.7239650196444,3.));
#12478=CARTESIAN_POINT('',(257.047703959615,21.7239650196444,1.5));
#12479=CARTESIAN_POINT('',(257.047703959615,21.7239650196444,1.5));
#12480=CARTESIAN_POINT('',(243.047703959615,21.7239650196444,1.5));
#12481=CARTESIAN_POINT('',(197.771357007728,21.7239650196444,1.5));
#12482=CARTESIAN_POINT('',(243.047703959615,21.7239650196444,1.5));
#12483=CARTESIAN_POINT('Origin',(243.047703959615,35.7239650196444,1.5));
#12484=CARTESIAN_POINT('',(243.047703959615,35.7239650196444,3.));
#12485=CARTESIAN_POINT('',(243.047703959615,46.8158759669551,3.));
#12486=CARTESIAN_POINT('',(243.047703959615,35.7239650196444,1.5));
#12487=CARTESIAN_POINT('',(243.047703959615,46.8158759669551,1.5));
#12488=CARTESIAN_POINT('',(243.047703959615,35.7239650196444,1.5));
#12489=CARTESIAN_POINT('Origin',(257.047703959615,35.7239650196444,1.5));
#12490=CARTESIAN_POINT('',(257.047703959615,35.7239650196444,3.));
#12491=CARTESIAN_POINT('',(204.771357007728,35.7239650196444,3.));
#12492=CARTESIAN_POINT('',(257.047703959615,35.7239650196444,1.5));
#12493=CARTESIAN_POINT('',(204.771357007728,35.7239650196444,1.5));
#12494=CARTESIAN_POINT('',(257.047703959615,35.7239650196444,1.5));
#12495=CARTESIAN_POINT('Origin',(257.047703959615,21.7239650196444,1.5));
#12496=CARTESIAN_POINT('',(257.047703959615,39.8158759669551,3.));
#12497=CARTESIAN_POINT('',(257.047703959615,39.8158759669551,1.5));
#12498=CARTESIAN_POINT('Origin',(288.291453959615,21.7239650196444,1.5));
#12499=CARTESIAN_POINT('',(302.291453959615,21.7239650196444,3.));
#12500=CARTESIAN_POINT('',(288.291453959615,21.7239650196444,3.));
#12501=CARTESIAN_POINT('',(220.393232007728,21.7239650196444,3.));
#12502=CARTESIAN_POINT('',(302.291453959615,21.7239650196444,1.5));
#12503=CARTESIAN_POINT('',(302.291453959615,21.7239650196444,1.5));
#12504=CARTESIAN_POINT('',(288.291453959615,21.7239650196444,1.5));
#12505=CARTESIAN_POINT('',(220.393232007728,21.7239650196444,1.5));
#12506=CARTESIAN_POINT('',(288.291453959615,21.7239650196444,1.5));
#12507=CARTESIAN_POINT('Origin',(288.291453959615,35.7239650196444,1.5));
#12508=CARTESIAN_POINT('',(288.291453959615,35.7239650196444,3.));
#12509=CARTESIAN_POINT('',(288.291453959615,46.8158759669551,3.));
#12510=CARTESIAN_POINT('',(288.291453959615,35.7239650196444,1.5));
#12511=CARTESIAN_POINT('',(288.291453959615,46.8158759669551,1.5));
#12512=CARTESIAN_POINT('',(288.291453959615,35.7239650196444,1.5));
#12513=CARTESIAN_POINT('Origin',(302.291453959615,35.7239650196444,1.5));
#12514=CARTESIAN_POINT('',(302.291453959615,35.7239650196444,3.));
#12515=CARTESIAN_POINT('',(227.393232007728,35.7239650196444,3.));
#12516=CARTESIAN_POINT('',(302.291453959615,35.7239650196444,1.5));
#12517=CARTESIAN_POINT('',(227.393232007728,35.7239650196444,1.5));
#12518=CARTESIAN_POINT('',(302.291453959615,35.7239650196444,1.5));
#12519=CARTESIAN_POINT('Origin',(302.291453959615,21.7239650196444,1.5));
#12520=CARTESIAN_POINT('',(302.291453959615,39.8158759669551,3.));
#12521=CARTESIAN_POINT('',(302.291453959615,39.8158759669551,1.5));
#12522=CARTESIAN_POINT('Origin',(28.7352039596146,2.67396501964438,1.5));
#12523=CARTESIAN_POINT('',(42.7352039596147,2.67396501964438,3.));
#12524=CARTESIAN_POINT('',(28.7352039596146,2.67396501964438,3.));
#12525=CARTESIAN_POINT('',(90.6151070077283,2.67396501964438,3.));
#12526=CARTESIAN_POINT('',(42.7352039596147,2.67396501964438,1.5));
#12527=CARTESIAN_POINT('',(42.7352039596147,2.67396501964438,1.5));
#12528=CARTESIAN_POINT('',(28.7352039596146,2.67396501964438,1.5));
#12529=CARTESIAN_POINT('',(90.6151070077283,2.67396501964438,1.5));
#12530=CARTESIAN_POINT('',(28.7352039596146,2.67396501964438,1.5));
#12531=CARTESIAN_POINT('Origin',(28.7352039596146,16.6739650196444,1.5));
#12532=CARTESIAN_POINT('',(28.7352039596146,16.6739650196444,3.));
#12533=CARTESIAN_POINT('',(28.7352039596147,37.2908759669551,3.));
#12534=CARTESIAN_POINT('',(28.7352039596146,16.6739650196444,1.5));
#12535=CARTESIAN_POINT('',(28.7352039596147,37.2908759669551,1.5));
#12536=CARTESIAN_POINT('',(28.7352039596146,16.6739650196444,1.5));
#12537=CARTESIAN_POINT('Origin',(42.7352039596147,16.6739650196444,1.5));
#12538=CARTESIAN_POINT('',(42.7352039596147,16.6739650196444,3.));
#12539=CARTESIAN_POINT('',(97.6151070077283,16.6739650196444,3.));
#12540=CARTESIAN_POINT('',(42.7352039596147,16.6739650196444,1.5));
#12541=CARTESIAN_POINT('',(97.6151070077283,16.6739650196444,1.5));
#12542=CARTESIAN_POINT('',(42.7352039596147,16.6739650196444,1.5));
#12543=CARTESIAN_POINT('Origin',(42.7352039596147,2.67396501964438,1.5));
#12544=CARTESIAN_POINT('',(42.7352039596146,30.2908759669551,3.));
#12545=CARTESIAN_POINT('',(42.7352039596146,30.2908759669551,1.5));
#12546=CARTESIAN_POINT('Origin',(123.985203959615,2.67396501964438,1.5));
#12547=CARTESIAN_POINT('',(137.985203959615,2.67396501964438,3.));
#12548=CARTESIAN_POINT('',(123.985203959615,2.67396501964438,3.));
#12549=CARTESIAN_POINT('',(138.240107007728,2.67396501964438,3.));
#12550=CARTESIAN_POINT('',(137.985203959615,2.67396501964438,1.5));
#12551=CARTESIAN_POINT('',(137.985203959615,2.67396501964438,1.5));
#12552=CARTESIAN_POINT('',(123.985203959615,2.67396501964438,1.5));
#12553=CARTESIAN_POINT('',(138.240107007728,2.67396501964438,1.5));
#12554=CARTESIAN_POINT('',(123.985203959615,2.67396501964438,1.5));
#12555=CARTESIAN_POINT('Origin',(123.985203959615,16.6739650196444,1.5));
#12556=CARTESIAN_POINT('',(123.985203959615,16.6739650196444,3.));
#12557=CARTESIAN_POINT('',(123.985203959615,37.2908759669551,3.));
#12558=CARTESIAN_POINT('',(123.985203959615,16.6739650196444,1.5));
#12559=CARTESIAN_POINT('',(123.985203959615,37.2908759669551,1.5));
#12560=CARTESIAN_POINT('',(123.985203959615,16.6739650196444,1.5));
#12561=CARTESIAN_POINT('Origin',(137.985203959615,16.6739650196444,1.5));
#12562=CARTESIAN_POINT('',(137.985203959615,16.6739650196444,3.));
#12563=CARTESIAN_POINT('',(145.240107007728,16.6739650196444,3.));
#12564=CARTESIAN_POINT('',(137.985203959615,16.6739650196444,1.5));
#12565=CARTESIAN_POINT('',(145.240107007728,16.6739650196444,1.5));
#12566=CARTESIAN_POINT('',(137.985203959615,16.6739650196444,1.5));
#12567=CARTESIAN_POINT('Origin',(137.985203959615,2.67396501964438,1.5));
#12568=CARTESIAN_POINT('',(137.985203959615,30.2908759669551,3.));
#12569=CARTESIAN_POINT('',(137.985203959615,30.2908759669551,1.5));
#12570=CARTESIAN_POINT('Origin',(177.485203959615,1.67396501964438,1.5));
#12571=CARTESIAN_POINT('',(184.485203959615,1.67396501964438,3.));
#12572=CARTESIAN_POINT('',(177.485203959615,1.67396501964438,3.));
#12573=CARTESIAN_POINT('',(164.990107007728,1.67396501964438,3.));
#12574=CARTESIAN_POINT('',(184.485203959615,1.67396501964438,1.5));
#12575=CARTESIAN_POINT('',(184.485203959615,1.67396501964438,1.5));
#12576=CARTESIAN_POINT('',(177.485203959615,1.67396501964438,1.5));
#12577=CARTESIAN_POINT('',(164.990107007728,1.67396501964438,1.5));
#12578=CARTESIAN_POINT('',(177.485203959615,1.67396501964438,1.5));
#12579=CARTESIAN_POINT('Origin',(177.485203959615,16.6739650196444,1.5));
#12580=CARTESIAN_POINT('',(177.485203959615,16.6739650196444,3.));
#12581=CARTESIAN_POINT('',(177.485203959615,37.2908759669551,3.));
#12582=CARTESIAN_POINT('',(177.485203959615,16.6739650196444,1.5));
#12583=CARTESIAN_POINT('',(177.485203959615,37.2908759669551,1.5));
#12584=CARTESIAN_POINT('',(177.485203959615,16.6739650196444,1.5));
#12585=CARTESIAN_POINT('Origin',(184.485203959615,16.6739650196444,1.5));
#12586=CARTESIAN_POINT('',(184.485203959615,16.6739650196444,3.));
#12587=CARTESIAN_POINT('',(168.490107007728,16.6739650196444,3.));
#12588=CARTESIAN_POINT('',(184.485203959615,16.6739650196444,1.5));
#12589=CARTESIAN_POINT('',(168.490107007728,16.6739650196444,1.5));
#12590=CARTESIAN_POINT('',(184.485203959615,16.6739650196444,1.5));
#12591=CARTESIAN_POINT('Origin',(184.485203959615,1.67396501964438,1.5));
#12592=CARTESIAN_POINT('',(184.485203959615,29.7908759669551,3.));
#12593=CARTESIAN_POINT('',(184.485203959615,29.7908759669551,1.5));
#12594=CARTESIAN_POINT('Origin',(212.091453959615,2.67396501964438,1.5));
#12595=CARTESIAN_POINT('',(226.091453959615,2.67396501964438,3.));
#12596=CARTESIAN_POINT('',(212.091453959615,2.67396501964438,3.));
#12597=CARTESIAN_POINT('',(182.293232007728,2.67396501964438,3.));
#12598=CARTESIAN_POINT('',(226.091453959615,2.67396501964438,1.5));
#12599=CARTESIAN_POINT('',(226.091453959615,2.67396501964438,1.5));
#12600=CARTESIAN_POINT('',(212.091453959615,2.67396501964438,1.5));
#12601=CARTESIAN_POINT('',(182.293232007728,2.67396501964438,1.5));
#12602=CARTESIAN_POINT('',(212.091453959615,2.67396501964438,1.5));
#12603=CARTESIAN_POINT('Origin',(212.091453959615,16.6739650196444,1.5));
#12604=CARTESIAN_POINT('',(212.091453959615,16.6739650196444,3.));
#12605=CARTESIAN_POINT('',(212.091453959615,37.2908759669551,3.));
#12606=CARTESIAN_POINT('',(212.091453959615,16.6739650196444,1.5));
#12607=CARTESIAN_POINT('',(212.091453959615,37.2908759669551,1.5));
#12608=CARTESIAN_POINT('',(212.091453959615,16.6739650196444,1.5));
#12609=CARTESIAN_POINT('Origin',(226.091453959615,16.6739650196444,1.5));
#12610=CARTESIAN_POINT('',(226.091453959615,16.6739650196444,3.));
#12611=CARTESIAN_POINT('',(189.293232007728,16.6739650196444,3.));
#12612=CARTESIAN_POINT('',(226.091453959615,16.6739650196444,1.5));
#12613=CARTESIAN_POINT('',(189.293232007728,16.6739650196444,1.5));
#12614=CARTESIAN_POINT('',(226.091453959615,16.6739650196444,1.5));
#12615=CARTESIAN_POINT('Origin',(226.091453959615,2.67396501964438,1.5));
#12616=CARTESIAN_POINT('',(226.091453959615,30.2908759669551,3.));
#12617=CARTESIAN_POINT('',(226.091453959615,30.2908759669551,1.5));
#12618=CARTESIAN_POINT('Origin',(250.191453959615,2.67396501964438,1.5));
#12619=CARTESIAN_POINT('',(264.191453959615,2.67396501964438,3.));
#12620=CARTESIAN_POINT('',(250.191453959615,2.67396501964438,3.));
#12621=CARTESIAN_POINT('',(201.343232007728,2.67396501964438,3.));
#12622=CARTESIAN_POINT('',(264.191453959615,2.67396501964438,1.5));
#12623=CARTESIAN_POINT('',(264.191453959615,2.67396501964438,1.5));
#12624=CARTESIAN_POINT('',(250.191453959615,2.67396501964438,1.5));
#12625=CARTESIAN_POINT('',(201.343232007728,2.67396501964438,1.5));
#12626=CARTESIAN_POINT('',(250.191453959615,2.67396501964438,1.5));
#12627=CARTESIAN_POINT('Origin',(250.191453959615,16.6739650196444,1.5));
#12628=CARTESIAN_POINT('',(250.191453959615,16.6739650196444,3.));
#12629=CARTESIAN_POINT('',(250.191453959615,37.2908759669551,3.));
#12630=CARTESIAN_POINT('',(250.191453959615,16.6739650196444,1.5));
#12631=CARTESIAN_POINT('',(250.191453959615,37.2908759669551,1.5));
#12632=CARTESIAN_POINT('',(250.191453959615,16.6739650196444,1.5));
#12633=CARTESIAN_POINT('Origin',(264.191453959615,16.6739650196444,1.5));
#12634=CARTESIAN_POINT('',(264.191453959615,16.6739650196444,3.));
#12635=CARTESIAN_POINT('',(208.343232007728,16.6739650196444,3.));
#12636=CARTESIAN_POINT('',(264.191453959615,16.6739650196444,1.5));
#12637=CARTESIAN_POINT('',(208.343232007728,16.6739650196444,1.5));
#12638=CARTESIAN_POINT('',(264.191453959615,16.6739650196444,1.5));
#12639=CARTESIAN_POINT('Origin',(264.191453959615,2.67396501964438,1.5));
#12640=CARTESIAN_POINT('',(264.191453959615,30.2908759669551,3.));
#12641=CARTESIAN_POINT('',(264.191453959615,30.2908759669551,1.5));
#12642=CARTESIAN_POINT('Origin',(288.291453959615,2.67396501964438,1.5));
#12643=CARTESIAN_POINT('',(302.291453959615,2.67396501964438,3.));
#12644=CARTESIAN_POINT('',(288.291453959615,2.67396501964438,3.));
#12645=CARTESIAN_POINT('',(220.393232007728,2.67396501964438,3.));
#12646=CARTESIAN_POINT('',(302.291453959615,2.67396501964438,1.5));
#12647=CARTESIAN_POINT('',(302.291453959615,2.67396501964438,1.5));
#12648=CARTESIAN_POINT('',(288.291453959615,2.67396501964438,1.5));
#12649=CARTESIAN_POINT('',(220.393232007728,2.67396501964438,1.5));
#12650=CARTESIAN_POINT('',(288.291453959615,2.67396501964438,1.5));
#12651=CARTESIAN_POINT('Origin',(288.291453959615,16.6739650196444,1.5));
#12652=CARTESIAN_POINT('',(288.291453959615,16.6739650196444,3.));
#12653=CARTESIAN_POINT('',(288.291453959615,37.2908759669551,3.));
#12654=CARTESIAN_POINT('',(288.291453959615,16.6739650196444,1.5));
#12655=CARTESIAN_POINT('',(288.291453959615,37.2908759669551,1.5));
#12656=CARTESIAN_POINT('',(288.291453959615,16.6739650196444,1.5));
#12657=CARTESIAN_POINT('Origin',(302.291453959615,16.6739650196444,1.5));
#12658=CARTESIAN_POINT('',(302.291453959615,16.6739650196444,3.));
#12659=CARTESIAN_POINT('',(227.393232007728,16.6739650196444,3.));
#12660=CARTESIAN_POINT('',(302.291453959615,16.6739650196444,1.5));
#12661=CARTESIAN_POINT('',(227.393232007728,16.6739650196444,1.5));
#12662=CARTESIAN_POINT('',(302.291453959615,16.6739650196444,1.5));
#12663=CARTESIAN_POINT('Origin',(302.291453959615,2.67396501964438,1.5));
#12664=CARTESIAN_POINT('',(302.291453959615,30.2908759669551,3.));
#12665=CARTESIAN_POINT('',(302.291453959615,30.2908759669551,1.5));
#12666=CARTESIAN_POINT('Origin',(-1.90500345867267,121.057816759797,1.5));
#12667=CARTESIAN_POINT('',(-1.90500345867267,-5.24224293126565,1.5));
#12668=CARTESIAN_POINT('',(-1.90500345867267,121.057816759797,1.5));
#12669=CARTESIAN_POINT('',(-1.90500345867267,-5.24224293126565,1.5));
#12670=CARTESIAN_POINT('',(-1.90500345867267,-5.24224293126565,3.));
#12671=CARTESIAN_POINT('',(-1.90500345867267,-5.24224293126565,1.5));
#12672=CARTESIAN_POINT('',(-1.90500345867267,121.057816759797,3.));
#12673=CARTESIAN_POINT('',(-1.90500345867267,-5.24224293126565,3.));
#12674=CARTESIAN_POINT('',(-1.90500345867267,121.057816759797,1.5));
#12675=CARTESIAN_POINT('Origin',(306.895023570357,121.057816759797,1.5));
#12676=CARTESIAN_POINT('',(306.895023570357,121.057816759797,1.5));
#12677=CARTESIAN_POINT('',(-1.90500345867267,121.057816759797,1.5));
#12678=CARTESIAN_POINT('',(306.895023570357,121.057816759797,3.));
#12679=CARTESIAN_POINT('',(-1.90500345867267,121.057816759797,3.));
#12680=CARTESIAN_POINT('',(306.895023570357,121.057816759797,1.5));
#12681=CARTESIAN_POINT('Origin',(306.895023570357,-5.24224293126565,1.5));
#12682=CARTESIAN_POINT('',(306.895023570357,-5.24224293126565,1.5));
#12683=CARTESIAN_POINT('',(306.895023570357,121.057816759797,1.5));
#12684=CARTESIAN_POINT('',(306.895023570357,-5.24224293126565,3.));
#12685=CARTESIAN_POINT('',(306.895023570357,121.057816759797,3.));
#12686=CARTESIAN_POINT('',(306.895023570357,-5.24224293126565,1.5));
#12687=CARTESIAN_POINT('Origin',(-1.90500345867267,-5.24224293126565,1.5));
#12688=CARTESIAN_POINT('',(306.895023570357,-5.24224293126565,1.5));
#12689=CARTESIAN_POINT('',(306.895023570357,-5.24224293126565,3.));
#12690=CARTESIAN_POINT('Origin',(152.495010055842,57.9077869142659,3.));
#12691=CARTESIAN_POINT('Origin',(152.495010055842,57.9077869142659,1.5));
#12692=UNCERTAINTY_MEASURE_WITH_UNIT(LENGTH_MEASURE(0.01),#12696,
'DISTANCE_ACCURACY_VALUE',
'Maximum model space distance between geometric entities at asserted c
onnectivities');
#12693=UNCERTAINTY_MEASURE_WITH_UNIT(LENGTH_MEASURE(0.01),#12696,
'DISTANCE_ACCURACY_VALUE',
'Maximum model space distance between geometric entities at asserted c
onnectivities');
#12694=(
GEOMETRIC_REPRESENTATION_CONTEXT(3)
GLOBAL_UNCERTAINTY_ASSIGNED_CONTEXT((#12692))
GLOBAL_UNIT_ASSIGNED_CONTEXT((#12696,#12698,#12699))
REPRESENTATION_CONTEXT('','3D')
);
#12695=(
GEOMETRIC_REPRESENTATION_CONTEXT(3)
GLOBAL_UNCERTAINTY_ASSIGNED_CONTEXT((#12693))
GLOBAL_UNIT_ASSIGNED_CONTEXT((#12696,#12698,#12699))
REPRESENTATION_CONTEXT('','3D')
);
#12696=(
LENGTH_UNIT()
NAMED_UNIT(*)
SI_UNIT(.MILLI.,.METRE.)
);
#12697=(
LENGTH_UNIT()
NAMED_UNIT(*)
SI_UNIT($,.METRE.)
);
#12698=(
NAMED_UNIT(*)
PLANE_ANGLE_UNIT()
SI_UNIT($,.RADIAN.)
);
#12699=(
NAMED_UNIT(*)
SI_UNIT($,.STERADIAN.)
SOLID_ANGLE_UNIT()
);
#12700=SHAPE_DEFINITION_REPRESENTATION(#12701,#12702);
#12701=PRODUCT_DEFINITION_SHAPE('',$,#12704);
#12702=SHAPE_REPRESENTATION('',(#8216),#12694);
#12703=PRODUCT_DEFINITION_CONTEXT('part definition',#12708,'design');
#12704=PRODUCT_DEFINITION('2026-09-12-19-19-31-612','Kboard_plate',#12705,
#12703);
#12705=PRODUCT_DEFINITION_FORMATION('',$,#12710);
#12706=PRODUCT_RELATED_PRODUCT_CATEGORY('Kboard_plate','Kboard_plate',(#12710));
#12707=APPLICATION_PROTOCOL_DEFINITION('international standard',
'automotive_design',2009,#12708);
#12708=APPLICATION_CONTEXT(
'Core Data for Automotive Mechanical Design Process');
#12709=PRODUCT_CONTEXT('part definition',#12708,'mechanical');
#12710=PRODUCT('2026-09-12-19-19-31-612','Kboard_plate',$,(#12709));
#12711=PRESENTATION_STYLE_ASSIGNMENT((#12714));
#12712=PRESENTATION_STYLE_ASSIGNMENT((#12715));
#12713=PRESENTATION_STYLE_ASSIGNMENT((#12716));
#12714=SURFACE_STYLE_USAGE(.BOTH.,#12717);
#12715=SURFACE_STYLE_USAGE(.BOTH.,#12718);
#12716=SURFACE_STYLE_USAGE(.BOTH.,#12719);
#12717=SURFACE_SIDE_STYLE('',(#12720));
#12718=SURFACE_SIDE_STYLE('',(#12721));
#12719=SURFACE_SIDE_STYLE('',(#12722));
#12720=SURFACE_STYLE_FILL_AREA(#12723);
#12721=SURFACE_STYLE_FILL_AREA(#12724);
#12722=SURFACE_STYLE_FILL_AREA(#12725);
#12723=FILL_AREA_STYLE('Steel - Satin',(#12726));
#12724=FILL_AREA_STYLE('Opaque(179,174,159)',(#12727));
#12725=FILL_AREA_STYLE('Opaque(250,182,1)',(#12728));
#12726=FILL_AREA_STYLE_COLOUR('Steel - Satin',#12729);
#12727=FILL_AREA_STYLE_COLOUR('Opaque(179,174,159)',#12730);
#12728=FILL_AREA_STYLE_COLOUR('Opaque(250,182,1)',#12731);
#12729=COLOUR_RGB('Steel - Satin',0.627450980392157,0.627450980392157,0.627450980392157);
#12730=COLOUR_RGB('Opaque(179,174,159)',0.701960784313725,0.682352941176471,
0.623529411764706);
#12731=COLOUR_RGB('Opaque(250,182,1)',0.980392156862745,0.713725490196078,
0.00392156862745098);
ENDSEC;
END-ISO-10303-21;
