ISO-10303-21;
HEADER;
/* Generated by software containing ST-Developer
 * from STEP Tools, Inc. (www.steptools.com) 
 */

FILE_DESCRIPTION(
/* description */ (''),
/* implementation_level */ '2;1');

FILE_NAME(
/* name */ 'KBoard_Case.step',
/* time_stamp */ '2026-09-26T21:00:57-04:00',
/* author */ (''),
/* organization */ (''),
/* preprocessor_version */ 'ST-DEVELOPER v20.2',
/* originating_system */ 'Autodesk Translation Framework v15.15.0.0',
/* authorisation */ '');

FILE_SCHEMA (('AUTOMOTIVE_DESIGN { 1 0 10303 214 3 1 1 }'));
ENDSEC;

DATA;
#10=MECHANICAL_DESIGN_GEOMETRIC_PRESENTATION_REPRESENTATION('',(#13),#2767);
#11=SHAPE_REPRESENTATION_RELATIONSHIP('SRR','None',#2773,#12);
#12=ADVANCED_BREP_SHAPE_REPRESENTATION('',(#14),#2766);
#13=STYLED_ITEM('',(#2782),#14);
#14=MANIFOLD_SOLID_BREP('Body85',#1615);
#15=(
BOUNDED_SURFACE()
B_SPLINE_SURFACE(2,2,((#2408,#2409,#2410),(#2411,#2412,#2413),(#2414,#2415,
#2416)),.UNSPECIFIED.,.F.,.F.,.F.)
B_SPLINE_SURFACE_WITH_KNOTS((3,3),(3,3),(-1.5707963267949,0.),(-1.5707963267949,
0.),.UNSPECIFIED.)
GEOMETRIC_REPRESENTATION_ITEM()
RATIONAL_B_SPLINE_SURFACE(((1.,0.707106781186548,1.),(0.707106781186564,
0.500000000000011,0.707106781186564),(1.,0.707106781186548,1.)))
REPRESENTATION_ITEM('')
SURFACE()
);
#16=(
BOUNDED_SURFACE()
B_SPLINE_SURFACE(2,2,((#2424,#2425,#2426),(#2427,#2428,#2429),(#2430,#2431,
#2432)),.UNSPECIFIED.,.F.,.F.,.F.)
B_SPLINE_SURFACE_WITH_KNOTS((3,3),(3,3),(-1.5707963267949,0.),(0.,1.5707963267949),
 .UNSPECIFIED.)
GEOMETRIC_REPRESENTATION_ITEM()
RATIONAL_B_SPLINE_SURFACE(((1.,0.707106781186548,1.),(0.707106781186564,
0.500000000000012,0.707106781186564),(1.,0.707106781186548,1.)))
REPRESENTATION_ITEM('')
SURFACE()
);
#17=(
BOUNDED_SURFACE()
B_SPLINE_SURFACE(2,2,((#2437,#2438,#2439),(#2440,#2441,#2442),(#2443,#2444,
#2445)),.UNSPECIFIED.,.F.,.F.,.F.)
B_SPLINE_SURFACE_WITH_KNOTS((3,3),(3,3),(-1.5707963267949,2.22044604925031E-16),
(1.5707963267949,3.14159265358979),.UNSPECIFIED.)
GEOMETRIC_REPRESENTATION_ITEM()
RATIONAL_B_SPLINE_SURFACE(((1.,0.707106781186548,1.),(0.707106781186549,
0.500000000000001,0.707106781186549),(1.,0.707106781186548,1.)))
REPRESENTATION_ITEM('')
SURFACE()
);
#18=(
BOUNDED_SURFACE()
B_SPLINE_SURFACE(2,2,((#2453,#2454,#2455),(#2456,#2457,#2458),(#2459,#2460,
#2461)),.UNSPECIFIED.,.F.,.F.,.F.)
B_SPLINE_SURFACE_WITH_KNOTS((3,3),(3,3),(-1.5707963267949,0.),(-3.14159265358979,
-1.5707963267949),.UNSPECIFIED.)
GEOMETRIC_REPRESENTATION_ITEM()
RATIONAL_B_SPLINE_SURFACE(((1.,0.707106781186548,1.),(0.707106781186546,
0.499999999999999,0.707106781186546),(1.,0.707106781186548,1.)))
REPRESENTATION_ITEM('')
SURFACE()
);
#19=(
BOUNDED_SURFACE()
B_SPLINE_SURFACE(2,2,((#2474,#2475,#2476),(#2477,#2478,#2479),(#2480,#2481,
#2482)),.UNSPECIFIED.,.F.,.F.,.F.)
B_SPLINE_SURFACE_WITH_KNOTS((3,3),(3,3),(0.,1.5707963267949),(-1.5707963267949,
0.),.UNSPECIFIED.)
GEOMETRIC_REPRESENTATION_ITEM()
RATIONAL_B_SPLINE_SURFACE(((1.,0.707106781186548,1.),(0.707106781186527,
0.499999999999985,0.707106781186527),(1.,0.707106781186548,1.)))
REPRESENTATION_ITEM('')
SURFACE()
);
#20=(
BOUNDED_SURFACE()
B_SPLINE_SURFACE(2,2,((#2496,#2497,#2498),(#2499,#2500,#2501),(#2502,#2503,
#2504)),.UNSPECIFIED.,.F.,.F.,.F.)
B_SPLINE_SURFACE_WITH_KNOTS((3,3),(3,3),(-1.5707963267949,0.),(-1.5707963267949,
0.),.UNSPECIFIED.)
GEOMETRIC_REPRESENTATION_ITEM()
RATIONAL_B_SPLINE_SURFACE(((1.,0.707106781186548,1.),(0.707106781186547,
0.5,0.707106781186547),(1.,0.707106781186548,1.)))
REPRESENTATION_ITEM('')
SURFACE()
);
#21=(
BOUNDED_SURFACE()
B_SPLINE_SURFACE(2,2,((#2512,#2513,#2514),(#2515,#2516,#2517),(#2518,#2519,
#2520)),.UNSPECIFIED.,.F.,.F.,.F.)
B_SPLINE_SURFACE_WITH_KNOTS((3,3),(3,3),(-1.5707963267949,0.),(0.,1.5707963267949),
 .UNSPECIFIED.)
GEOMETRIC_REPRESENTATION_ITEM()
RATIONAL_B_SPLINE_SURFACE(((1.,0.707106781186548,1.),(0.70710678118655,
0.500000000000002,0.70710678118655),(1.,0.707106781186548,1.)))
REPRESENTATION_ITEM('')
SURFACE()
);
#22=(
BOUNDED_SURFACE()
B_SPLINE_SURFACE(2,2,((#2549,#2550,#2551),(#2552,#2553,#2554),(#2555,#2556,
#2557)),.UNSPECIFIED.,.F.,.F.,.F.)
B_SPLINE_SURFACE_WITH_KNOTS((3,3),(3,3),(0.,1.5707963267949),(0.,1.5707963267949),
 .UNSPECIFIED.)
GEOMETRIC_REPRESENTATION_ITEM()
RATIONAL_B_SPLINE_SURFACE(((1.,0.707106781186548,1.),(0.707106781186527,
0.499999999999985,0.707106781186527),(1.,0.707106781186548,1.)))
REPRESENTATION_ITEM('')
SURFACE()
);
#23=FACE_BOUND('',#199,.T.);
#24=FACE_BOUND('',#219,.T.);
#25=FACE_BOUND('',#227,.T.);
#26=FACE_BOUND('',#228,.T.);
#27=FACE_BOUND('',#229,.T.);
#28=FACE_BOUND('',#230,.T.);
#29=FACE_BOUND('',#231,.T.);
#30=FACE_BOUND('',#232,.T.);
#31=FACE_BOUND('',#233,.T.);
#32=FACE_BOUND('',#255,.T.);
#33=FACE_BOUND('',#260,.T.);
#34=FACE_BOUND('',#281,.T.);
#35=FACE_BOUND('',#283,.T.);
#36=FACE_BOUND('',#285,.T.);
#37=FACE_BOUND('',#287,.T.);
#38=FACE_BOUND('',#289,.T.);
#39=FACE_BOUND('',#291,.T.);
#40=ELLIPSE('',#1636,1.4142135623731,1.);
#41=ELLIPSE('',#1637,1.41421356237309,1.);
#42=ELLIPSE('',#1639,1.41421356237309,1.);
#43=ELLIPSE('',#1641,1.4142135623731,1.);
#44=PLANE('',#1620);
#45=PLANE('',#1621);
#46=PLANE('',#1625);
#47=PLANE('',#1626);
#48=PLANE('',#1634);
#49=PLANE('',#1643);
#50=PLANE('',#1644);
#51=PLANE('',#1645);
#52=PLANE('',#1665);
#53=PLANE('',#1684);
#54=PLANE('',#1691);
#55=PLANE('',#1692);
#56=PLANE('',#1693);
#57=PLANE('',#1701);
#58=PLANE('',#1702);
#59=PLANE('',#1703);
#60=PLANE('',#1704);
#61=PLANE('',#1705);
#62=PLANE('',#1706);
#63=PLANE('',#1707);
#64=PLANE('',#1708);
#65=PLANE('',#1709);
#66=PLANE('',#1710);
#67=PLANE('',#1711);
#68=PLANE('',#1712);
#69=PLANE('',#1713);
#70=PLANE('',#1714);
#71=PLANE('',#1715);
#72=PLANE('',#1716);
#73=PLANE('',#1717);
#74=PLANE('',#1718);
#75=PLANE('',#1719);
#76=PLANE('',#1720);
#77=PLANE('',#1721);
#78=PLANE('',#1722);
#79=PLANE('',#1728);
#80=PLANE('',#1729);
#81=PLANE('',#1733);
#82=PLANE('',#1737);
#83=PLANE('',#1741);
#84=PLANE('',#1745);
#85=PLANE('',#1749);
#86=PLANE('',#1753);
#87=PLANE('',#1766);
#88=PLANE('',#1767);
#89=PLANE('',#1768);
#90=PLANE('',#1769);
#91=PLANE('',#1770);
#92=PLANE('',#1771);
#93=FACE_OUTER_BOUND('',#184,.T.);
#94=FACE_OUTER_BOUND('',#185,.T.);
#95=FACE_OUTER_BOUND('',#186,.T.);
#96=FACE_OUTER_BOUND('',#187,.T.);
#97=FACE_OUTER_BOUND('',#188,.T.);
#98=FACE_OUTER_BOUND('',#189,.T.);
#99=FACE_OUTER_BOUND('',#190,.T.);
#100=FACE_OUTER_BOUND('',#191,.T.);
#101=FACE_OUTER_BOUND('',#192,.T.);
#102=FACE_OUTER_BOUND('',#193,.T.);
#103=FACE_OUTER_BOUND('',#194,.T.);
#104=FACE_OUTER_BOUND('',#195,.T.);
#105=FACE_OUTER_BOUND('',#196,.T.);
#106=FACE_OUTER_BOUND('',#197,.T.);
#107=FACE_OUTER_BOUND('',#198,.T.);
#108=FACE_OUTER_BOUND('',#200,.T.);
#109=FACE_OUTER_BOUND('',#201,.T.);
#110=FACE_OUTER_BOUND('',#202,.T.);
#111=FACE_OUTER_BOUND('',#203,.T.);
#112=FACE_OUTER_BOUND('',#204,.T.);
#113=FACE_OUTER_BOUND('',#205,.T.);
#114=FACE_OUTER_BOUND('',#206,.T.);
#115=FACE_OUTER_BOUND('',#207,.T.);
#116=FACE_OUTER_BOUND('',#208,.T.);
#117=FACE_OUTER_BOUND('',#209,.T.);
#118=FACE_OUTER_BOUND('',#210,.T.);
#119=FACE_OUTER_BOUND('',#211,.T.);
#120=FACE_OUTER_BOUND('',#212,.T.);
#121=FACE_OUTER_BOUND('',#213,.T.);
#122=FACE_OUTER_BOUND('',#214,.T.);
#123=FACE_OUTER_BOUND('',#215,.T.);
#124=FACE_OUTER_BOUND('',#216,.T.);
#125=FACE_OUTER_BOUND('',#217,.T.);
#126=FACE_OUTER_BOUND('',#218,.T.);
#127=FACE_OUTER_BOUND('',#220,.T.);
#128=FACE_OUTER_BOUND('',#221,.T.);
#129=FACE_OUTER_BOUND('',#222,.T.);
#130=FACE_OUTER_BOUND('',#223,.T.);
#131=FACE_OUTER_BOUND('',#224,.T.);
#132=FACE_OUTER_BOUND('',#225,.T.);
#133=FACE_OUTER_BOUND('',#226,.T.);
#134=FACE_OUTER_BOUND('',#234,.T.);
#135=FACE_OUTER_BOUND('',#235,.T.);
#136=FACE_OUTER_BOUND('',#236,.T.);
#137=FACE_OUTER_BOUND('',#237,.T.);
#138=FACE_OUTER_BOUND('',#238,.T.);
#139=FACE_OUTER_BOUND('',#239,.T.);
#140=FACE_OUTER_BOUND('',#240,.T.);
#141=FACE_OUTER_BOUND('',#241,.T.);
#142=FACE_OUTER_BOUND('',#242,.T.);
#143=FACE_OUTER_BOUND('',#243,.T.);
#144=FACE_OUTER_BOUND('',#244,.T.);
#145=FACE_OUTER_BOUND('',#245,.T.);
#146=FACE_OUTER_BOUND('',#246,.T.);
#147=FACE_OUTER_BOUND('',#247,.T.);
#148=FACE_OUTER_BOUND('',#248,.T.);
#149=FACE_OUTER_BOUND('',#249,.T.);
#150=FACE_OUTER_BOUND('',#250,.T.);
#151=FACE_OUTER_BOUND('',#251,.T.);
#152=FACE_OUTER_BOUND('',#252,.T.);
#153=FACE_OUTER_BOUND('',#253,.T.);
#154=FACE_OUTER_BOUND('',#254,.T.);
#155=FACE_OUTER_BOUND('',#256,.T.);
#156=FACE_OUTER_BOUND('',#257,.T.);
#157=FACE_OUTER_BOUND('',#258,.T.);
#158=FACE_OUTER_BOUND('',#259,.T.);
#159=FACE_OUTER_BOUND('',#261,.T.);
#160=FACE_OUTER_BOUND('',#262,.T.);
#161=FACE_OUTER_BOUND('',#263,.T.);
#162=FACE_OUTER_BOUND('',#264,.T.);
#163=FACE_OUTER_BOUND('',#265,.T.);
#164=FACE_OUTER_BOUND('',#266,.T.);
#165=FACE_OUTER_BOUND('',#267,.T.);
#166=FACE_OUTER_BOUND('',#268,.T.);
#167=FACE_OUTER_BOUND('',#269,.T.);
#168=FACE_OUTER_BOUND('',#270,.T.);
#169=FACE_OUTER_BOUND('',#271,.T.);
#170=FACE_OUTER_BOUND('',#272,.T.);
#171=FACE_OUTER_BOUND('',#273,.T.);
#172=FACE_OUTER_BOUND('',#274,.T.);
#173=FACE_OUTER_BOUND('',#275,.T.);
#174=FACE_OUTER_BOUND('',#276,.T.);
#175=FACE_OUTER_BOUND('',#277,.T.);
#176=FACE_OUTER_BOUND('',#278,.T.);
#177=FACE_OUTER_BOUND('',#279,.T.);
#178=FACE_OUTER_BOUND('',#280,.T.);
#179=FACE_OUTER_BOUND('',#282,.T.);
#180=FACE_OUTER_BOUND('',#284,.T.);
#181=FACE_OUTER_BOUND('',#286,.T.);
#182=FACE_OUTER_BOUND('',#288,.T.);
#183=FACE_OUTER_BOUND('',#290,.T.);
#184=EDGE_LOOP('',(#1038,#1039,#1040,#1041));
#185=EDGE_LOOP('',(#1042,#1043,#1044,#1045,#1046,#1047,#1048));
#186=EDGE_LOOP('',(#1049,#1050,#1051,#1052,#1053,#1054,#1055,#1056,#1057,
#1058,#1059,#1060,#1061,#1062,#1063,#1064,#1065,#1066,#1067,#1068));
#187=EDGE_LOOP('',(#1069,#1070,#1071,#1072));
#188=EDGE_LOOP('',(#1073,#1074,#1075,#1076,#1077,#1078,#1079));
#189=EDGE_LOOP('',(#1080,#1081,#1082,#1083,#1084,#1085,#1086,#1087,#1088,
#1089,#1090,#1091,#1092,#1093,#1094,#1095,#1096,#1097,#1098,#1099,#1100,
#1101,#1102,#1103));
#190=EDGE_LOOP('',(#1104,#1105,#1106,#1107));
#191=EDGE_LOOP('',(#1108,#1109,#1110,#1111,#1112,#1113,#1114));
#192=EDGE_LOOP('',(#1115,#1116,#1117,#1118));
#193=EDGE_LOOP('',(#1119,#1120,#1121,#1122));
#194=EDGE_LOOP('',(#1123,#1124,#1125,#1126));
#195=EDGE_LOOP('',(#1127,#1128,#1129,#1130));
#196=EDGE_LOOP('',(#1131,#1132,#1133,#1134));
#197=EDGE_LOOP('',(#1135,#1136,#1137,#1138));
#198=EDGE_LOOP('',(#1139,#1140,#1141,#1142));
#199=EDGE_LOOP('',(#1143,#1144,#1145,#1146));
#200=EDGE_LOOP('',(#1147,#1148,#1149,#1150));
#201=EDGE_LOOP('',(#1151,#1152,#1153,#1154));
#202=EDGE_LOOP('',(#1155,#1156,#1157,#1158));
#203=EDGE_LOOP('',(#1159,#1160,#1161,#1162));
#204=EDGE_LOOP('',(#1163,#1164,#1165,#1166));
#205=EDGE_LOOP('',(#1167,#1168,#1169,#1170));
#206=EDGE_LOOP('',(#1171,#1172,#1173,#1174));
#207=EDGE_LOOP('',(#1175,#1176,#1177,#1178));
#208=EDGE_LOOP('',(#1179,#1180,#1181,#1182));
#209=EDGE_LOOP('',(#1183,#1184,#1185,#1186,#1187,#1188,#1189));
#210=EDGE_LOOP('',(#1190,#1191,#1192,#1193));
#211=EDGE_LOOP('',(#1194,#1195,#1196,#1197));
#212=EDGE_LOOP('',(#1198,#1199,#1200,#1201));
#213=EDGE_LOOP('',(#1202,#1203,#1204,#1205));
#214=EDGE_LOOP('',(#1206,#1207,#1208,#1209));
#215=EDGE_LOOP('',(#1210,#1211,#1212,#1213));
#216=EDGE_LOOP('',(#1214,#1215,#1216,#1217));
#217=EDGE_LOOP('',(#1218,#1219,#1220,#1221));
#218=EDGE_LOOP('',(#1222,#1223,#1224,#1225,#1226,#1227,#1228,#1229));
#219=EDGE_LOOP('',(#1230,#1231,#1232,#1233));
#220=EDGE_LOOP('',(#1234,#1235,#1236,#1237));
#221=EDGE_LOOP('',(#1238,#1239,#1240,#1241));
#222=EDGE_LOOP('',(#1242,#1243,#1244,#1245));
#223=EDGE_LOOP('',(#1246,#1247,#1248,#1249));
#224=EDGE_LOOP('',(#1250,#1251,#1252,#1253));
#225=EDGE_LOOP('',(#1254,#1255,#1256,#1257,#1258,#1259,#1260,#1261,#1262,
#1263,#1264,#1265,#1266,#1267,#1268,#1269,#1270,#1271,#1272,#1273));
#226=EDGE_LOOP('',(#1274,#1275,#1276,#1277,#1278,#1279,#1280,#1281,#1282,
#1283,#1284,#1285,#1286,#1287,#1288,#1289,#1290,#1291,#1292,#1293));
#227=EDGE_LOOP('',(#1294));
#228=EDGE_LOOP('',(#1295));
#229=EDGE_LOOP('',(#1296));
#230=EDGE_LOOP('',(#1297));
#231=EDGE_LOOP('',(#1298));
#232=EDGE_LOOP('',(#1299));
#233=EDGE_LOOP('',(#1300));
#234=EDGE_LOOP('',(#1301,#1302,#1303,#1304,#1305,#1306,#1307));
#235=EDGE_LOOP('',(#1308,#1309,#1310,#1311,#1312,#1313,#1314));
#236=EDGE_LOOP('',(#1315,#1316,#1317,#1318));
#237=EDGE_LOOP('',(#1319,#1320,#1321,#1322,#1323,#1324,#1325));
#238=EDGE_LOOP('',(#1326,#1327,#1328,#1329));
#239=EDGE_LOOP('',(#1330,#1331,#1332,#1333));
#240=EDGE_LOOP('',(#1334,#1335,#1336,#1337));
#241=EDGE_LOOP('',(#1338,#1339,#1340,#1341));
#242=EDGE_LOOP('',(#1342,#1343,#1344,#1345));
#243=EDGE_LOOP('',(#1346,#1347,#1348,#1349));
#244=EDGE_LOOP('',(#1350,#1351,#1352,#1353,#1354,#1355,#1356));
#245=EDGE_LOOP('',(#1357,#1358,#1359,#1360));
#246=EDGE_LOOP('',(#1361,#1362,#1363,#1364));
#247=EDGE_LOOP('',(#1365,#1366,#1367,#1368));
#248=EDGE_LOOP('',(#1369,#1370,#1371,#1372));
#249=EDGE_LOOP('',(#1373,#1374,#1375,#1376,#1377,#1378,#1379,#1380));
#250=EDGE_LOOP('',(#1381,#1382,#1383,#1384,#1385,#1386,#1387,#1388));
#251=EDGE_LOOP('',(#1389,#1390,#1391,#1392));
#252=EDGE_LOOP('',(#1393,#1394,#1395,#1396));
#253=EDGE_LOOP('',(#1397,#1398,#1399,#1400));
#254=EDGE_LOOP('',(#1401,#1402,#1403,#1404));
#255=EDGE_LOOP('',(#1405,#1406,#1407,#1408));
#256=EDGE_LOOP('',(#1409,#1410,#1411,#1412));
#257=EDGE_LOOP('',(#1413,#1414,#1415,#1416));
#258=EDGE_LOOP('',(#1417,#1418,#1419,#1420));
#259=EDGE_LOOP('',(#1421));
#260=EDGE_LOOP('',(#1422));
#261=EDGE_LOOP('',(#1423));
#262=EDGE_LOOP('',(#1424,#1425,#1426,#1427));
#263=EDGE_LOOP('',(#1428));
#264=EDGE_LOOP('',(#1429,#1430,#1431,#1432));
#265=EDGE_LOOP('',(#1433));
#266=EDGE_LOOP('',(#1434,#1435,#1436,#1437));
#267=EDGE_LOOP('',(#1438));
#268=EDGE_LOOP('',(#1439,#1440,#1441,#1442));
#269=EDGE_LOOP('',(#1443));
#270=EDGE_LOOP('',(#1444,#1445,#1446,#1447));
#271=EDGE_LOOP('',(#1448));
#272=EDGE_LOOP('',(#1449,#1450,#1451,#1452));
#273=EDGE_LOOP('',(#1453));
#274=EDGE_LOOP('',(#1454,#1455,#1456,#1457));
#275=EDGE_LOOP('',(#1458,#1459,#1460,#1461));
#276=EDGE_LOOP('',(#1462,#1463,#1464,#1465));
#277=EDGE_LOOP('',(#1466,#1467,#1468,#1469));
#278=EDGE_LOOP('',(#1470,#1471,#1472,#1473));
#279=EDGE_LOOP('',(#1474,#1475,#1476,#1477));
#280=EDGE_LOOP('',(#1478));
#281=EDGE_LOOP('',(#1479));
#282=EDGE_LOOP('',(#1480));
#283=EDGE_LOOP('',(#1481));
#284=EDGE_LOOP('',(#1482));
#285=EDGE_LOOP('',(#1483));
#286=EDGE_LOOP('',(#1484));
#287=EDGE_LOOP('',(#1485));
#288=EDGE_LOOP('',(#1486));
#289=EDGE_LOOP('',(#1487));
#290=EDGE_LOOP('',(#1488));
#291=EDGE_LOOP('',(#1489));
#292=LINE('',#2244,#446);
#293=LINE('',#2247,#447);
#294=LINE('',#2250,#448);
#295=LINE('',#2252,#449);
#296=LINE('',#2254,#450);
#297=LINE('',#2256,#451);
#298=LINE('',#2258,#452);
#299=LINE('',#2259,#453);
#300=LINE('',#2262,#454);
#301=LINE('',#2264,#455);
#302=LINE('',#2266,#456);
#303=LINE('',#2268,#457);
#304=LINE('',#2270,#458);
#305=LINE('',#2272,#459);
#306=LINE('',#2274,#460);
#307=LINE('',#2276,#461);
#308=LINE('',#2278,#462);
#309=LINE('',#2280,#463);
#310=LINE('',#2282,#464);
#311=LINE('',#2284,#465);
#312=LINE('',#2286,#466);
#313=LINE('',#2288,#467);
#314=LINE('',#2290,#468);
#315=LINE('',#2292,#469);
#316=LINE('',#2294,#470);
#317=LINE('',#2295,#471);
#318=LINE('',#2301,#472);
#319=LINE('',#2304,#473);
#320=LINE('',#2306,#474);
#321=LINE('',#2308,#475);
#322=LINE('',#2310,#476);
#323=LINE('',#2311,#477);
#324=LINE('',#2313,#478);
#325=LINE('',#2315,#479);
#326=LINE('',#2317,#480);
#327=LINE('',#2319,#481);
#328=LINE('',#2321,#482);
#329=LINE('',#2323,#483);
#330=LINE('',#2325,#484);
#331=LINE('',#2327,#485);
#332=LINE('',#2329,#486);
#333=LINE('',#2333,#487);
#334=LINE('',#2337,#488);
#335=LINE('',#2341,#489);
#336=LINE('',#2345,#490);
#337=LINE('',#2347,#491);
#338=LINE('',#2349,#492);
#339=LINE('',#2350,#493);
#340=LINE('',#2356,#494);
#341=LINE('',#2358,#495);
#342=LINE('',#2360,#496);
#343=LINE('',#2361,#497);
#344=LINE('',#2365,#498);
#345=LINE('',#2369,#499);
#346=LINE('',#2373,#500);
#347=LINE('',#2375,#501);
#348=LINE('',#2379,#502);
#349=LINE('',#2381,#503);
#350=LINE('',#2384,#504);
#351=LINE('',#2385,#505);
#352=LINE('',#2388,#506);
#353=LINE('',#2390,#507);
#354=LINE('',#2391,#508);
#355=LINE('',#2394,#509);
#356=LINE('',#2395,#510);
#357=LINE('',#2399,#511);
#358=LINE('',#2401,#512);
#359=LINE('',#2403,#513);
#360=LINE('',#2404,#514);
#361=LINE('',#2423,#515);
#362=LINE('',#2452,#516);
#363=LINE('',#2468,#517);
#364=LINE('',#2470,#518);
#365=LINE('',#2472,#519);
#366=LINE('',#2473,#520);
#367=LINE('',#2491,#521);
#368=LINE('',#2494,#522);
#369=LINE('',#2511,#523);
#370=LINE('',#2529,#524);
#371=LINE('',#2532,#525);
#372=LINE('',#2536,#526);
#373=LINE('',#2538,#527);
#374=LINE('',#2541,#528);
#375=LINE('',#2543,#529);
#376=LINE('',#2545,#530);
#377=LINE('',#2546,#531);
#378=LINE('',#2548,#532);
#379=LINE('',#2562,#533);
#380=LINE('',#2564,#534);
#381=LINE('',#2568,#535);
#382=LINE('',#2570,#536);
#383=LINE('',#2571,#537);
#384=LINE('',#2572,#538);
#385=LINE('',#2574,#539);
#386=LINE('',#2576,#540);
#387=LINE('',#2578,#541);
#388=LINE('',#2580,#542);
#389=LINE('',#2581,#543);
#390=LINE('',#2583,#544);
#391=LINE('',#2585,#545);
#392=LINE('',#2587,#546);
#393=LINE('',#2589,#547);
#394=LINE('',#2591,#548);
#395=LINE('',#2593,#549);
#396=LINE('',#2594,#550);
#397=LINE('',#2597,#551);
#398=LINE('',#2599,#552);
#399=LINE('',#2600,#553);
#400=LINE('',#2602,#554);
#401=LINE('',#2603,#555);
#402=LINE('',#2605,#556);
#403=LINE('',#2607,#557);
#404=LINE('',#2608,#558);
#405=LINE('',#2609,#559);
#406=LINE('',#2611,#560);
#407=LINE('',#2612,#561);
#408=LINE('',#2628,#562);
#409=LINE('',#2629,#563);
#410=LINE('',#2631,#564);
#411=LINE('',#2632,#565);
#412=LINE('',#2634,#566);
#413=LINE('',#2636,#567);
#414=LINE('',#2643,#568);
#415=LINE('',#2645,#569);
#416=LINE('',#2649,#570);
#417=LINE('',#2651,#571);
#418=LINE('',#2652,#572);
#419=LINE('',#2654,#573);
#420=LINE('',#2655,#574);
#421=LINE('',#2659,#575);
#422=LINE('',#2660,#576);
#423=LINE('',#2661,#577);
#424=LINE('',#2664,#578);
#425=LINE('',#2665,#579);
#426=LINE('',#2668,#580);
#427=LINE('',#2669,#581);
#428=LINE('',#2671,#582);
#429=LINE('',#2674,#583);
#430=LINE('',#2675,#584);
#431=LINE('',#2677,#585);
#432=LINE('',#2684,#586);
#433=LINE('',#2689,#587);
#434=LINE('',#2696,#588);
#435=LINE('',#2703,#589);
#436=LINE('',#2710,#590);
#437=LINE('',#2717,#591);
#438=LINE('',#2724,#592);
#439=LINE('',#2731,#593);
#440=LINE('',#2737,#594);
#441=LINE('',#2741,#595);
#442=LINE('',#2745,#596);
#443=LINE('',#2749,#597);
#444=LINE('',#2753,#598);
#445=LINE('',#2757,#599);
#446=VECTOR('',#1778,10.);
#447=VECTOR('',#1781,10.);
#448=VECTOR('',#1784,10.);
#449=VECTOR('',#1785,10.);
#450=VECTOR('',#1786,10.);
#451=VECTOR('',#1787,10.);
#452=VECTOR('',#1788,10.);
#453=VECTOR('',#1789,10.);
#454=VECTOR('',#1792,10.);
#455=VECTOR('',#1793,10.);
#456=VECTOR('',#1794,10.);
#457=VECTOR('',#1795,10.);
#458=VECTOR('',#1796,10.);
#459=VECTOR('',#1797,10.);
#460=VECTOR('',#1798,10.);
#461=VECTOR('',#1799,10.);
#462=VECTOR('',#1800,10.);
#463=VECTOR('',#1801,10.);
#464=VECTOR('',#1802,10.);
#465=VECTOR('',#1803,10.);
#466=VECTOR('',#1804,10.);
#467=VECTOR('',#1805,10.);
#468=VECTOR('',#1806,10.);
#469=VECTOR('',#1807,10.);
#470=VECTOR('',#1808,10.);
#471=VECTOR('',#1809,10.);
#472=VECTOR('',#1816,10.);
#473=VECTOR('',#1819,10.);
#474=VECTOR('',#1820,10.);
#475=VECTOR('',#1821,10.);
#476=VECTOR('',#1822,10.);
#477=VECTOR('',#1823,10.);
#478=VECTOR('',#1826,10.);
#479=VECTOR('',#1827,10.);
#480=VECTOR('',#1828,10.);
#481=VECTOR('',#1829,10.);
#482=VECTOR('',#1830,10.);
#483=VECTOR('',#1831,10.);
#484=VECTOR('',#1832,10.);
#485=VECTOR('',#1833,10.);
#486=VECTOR('',#1834,10.);
#487=VECTOR('',#1837,10.);
#488=VECTOR('',#1840,10.);
#489=VECTOR('',#1843,10.);
#490=VECTOR('',#1846,10.);
#491=VECTOR('',#1847,10.);
#492=VECTOR('',#1848,10.);
#493=VECTOR('',#1849,10.);
#494=VECTOR('',#1858,10.);
#495=VECTOR('',#1859,10.);
#496=VECTOR('',#1860,10.);
#497=VECTOR('',#1861,10.);
#498=VECTOR('',#1864,10.);
#499=VECTOR('',#1867,10.);
#500=VECTOR('',#1872,10.);
#501=VECTOR('',#1873,10.);
#502=VECTOR('',#1878,10.);
#503=VECTOR('',#1879,10.);
#504=VECTOR('',#1884,10.);
#505=VECTOR('',#1885,10.);
#506=VECTOR('',#1888,10.);
#507=VECTOR('',#1889,10.);
#508=VECTOR('',#1890,10.);
#509=VECTOR('',#1893,10.);
#510=VECTOR('',#1894,10.);
#511=VECTOR('',#1897,10.);
#512=VECTOR('',#1898,10.);
#513=VECTOR('',#1899,10.);
#514=VECTOR('',#1900,10.);
#515=VECTOR('',#1915,10.);
#516=VECTOR('',#1932,10.);
#517=VECTOR('',#1943,10.);
#518=VECTOR('',#1944,10.);
#519=VECTOR('',#1945,10.);
#520=VECTOR('',#1946,10.);
#521=VECTOR('',#1957,10.);
#522=VECTOR('',#1960,10.);
#523=VECTOR('',#1971,10.);
#524=VECTOR('',#1982,10.);
#525=VECTOR('',#1985,10.);
#526=VECTOR('',#1990,10.);
#527=VECTOR('',#1993,10.);
#528=VECTOR('',#1994,10.);
#529=VECTOR('',#1995,10.);
#530=VECTOR('',#1996,10.);
#531=VECTOR('',#1997,10.);
#532=VECTOR('',#2000,10.);
#533=VECTOR('',#2007,10.);
#534=VECTOR('',#2010,10.);
#535=VECTOR('',#2015,10.);
#536=VECTOR('',#2016,10.);
#537=VECTOR('',#2017,10.);
#538=VECTOR('',#2018,10.);
#539=VECTOR('',#2019,10.);
#540=VECTOR('',#2020,10.);
#541=VECTOR('',#2021,10.);
#542=VECTOR('',#2022,10.);
#543=VECTOR('',#2023,10.);
#544=VECTOR('',#2024,10.);
#545=VECTOR('',#2025,10.);
#546=VECTOR('',#2026,10.);
#547=VECTOR('',#2027,10.);
#548=VECTOR('',#2028,10.);
#549=VECTOR('',#2029,10.);
#550=VECTOR('',#2030,10.);
#551=VECTOR('',#2033,10.);
#552=VECTOR('',#2034,10.);
#553=VECTOR('',#2035,10.);
#554=VECTOR('',#2036,10.);
#555=VECTOR('',#2037,10.);
#556=VECTOR('',#2038,10.);
#557=VECTOR('',#2039,10.);
#558=VECTOR('',#2040,10.);
#559=VECTOR('',#2041,10.);
#560=VECTOR('',#2042,10.);
#561=VECTOR('',#2043,10.);
#562=VECTOR('',#2060,10.);
#563=VECTOR('',#2061,10.);
#564=VECTOR('',#2064,10.);
#565=VECTOR('',#2065,10.);
#566=VECTOR('',#2068,10.);
#567=VECTOR('',#2071,10.);
#568=VECTOR('',#2084,10.);
#569=VECTOR('',#2087,10.);
#570=VECTOR('',#2092,10.);
#571=VECTOR('',#2093,10.);
#572=VECTOR('',#2094,10.);
#573=VECTOR('',#2097,10.);
#574=VECTOR('',#2098,10.);
#575=VECTOR('',#2101,10.);
#576=VECTOR('',#2102,10.);
#577=VECTOR('',#2103,10.);
#578=VECTOR('',#2106,10.);
#579=VECTOR('',#2107,10.);
#580=VECTOR('',#2110,10.);
#581=VECTOR('',#2111,10.);
#582=VECTOR('',#2114,10.);
#583=VECTOR('',#2117,10.);
#584=VECTOR('',#2118,10.);
#585=VECTOR('',#2121,10.);
#586=VECTOR('',#2130,1.49999999999999);
#587=VECTOR('',#2137,3.00000000000001);
#588=VECTOR('',#2146,1.49999999999999);
#589=VECTOR('',#2155,1.49999999999999);
#590=VECTOR('',#2164,1.50000000000002);
#591=VECTOR('',#2173,1.49999999999999);
#592=VECTOR('',#2182,1.50000000000002);
#593=VECTOR('',#2191,1.5);
#594=VECTOR('',#2200,3.00000000000001);
#595=VECTOR('',#2205,3.);
#596=VECTOR('',#2210,2.99999999999997);
#597=VECTOR('',#2215,3.00000000000004);
#598=VECTOR('',#2220,3.);
#599=VECTOR('',#2225,3.00000000000004);
#600=CIRCLE('',#1618,2.75);
#601=CIRCLE('',#1619,2.75);
#602=CIRCLE('',#1623,2.75);
#603=CIRCLE('',#1624,2.75);
#604=CIRCLE('',#1627,2.);
#605=CIRCLE('',#1628,2.);
#606=CIRCLE('',#1629,2.);
#607=CIRCLE('',#1630,2.);
#608=CIRCLE('',#1632,2.75);
#609=CIRCLE('',#1633,2.75);
#610=CIRCLE('',#1647,2.5);
#611=CIRCLE('',#1648,2.5);
#612=CIRCLE('',#1649,2.5);
#613=CIRCLE('',#1650,4.5);
#614=CIRCLE('',#1652,2.5);
#615=CIRCLE('',#1653,2.5);
#616=CIRCLE('',#1654,4.5);
#617=CIRCLE('',#1656,2.5);
#618=CIRCLE('',#1657,2.5);
#619=CIRCLE('',#1658,4.5);
#620=CIRCLE('',#1660,2.5);
#621=CIRCLE('',#1661,2.5);
#622=CIRCLE('',#1662,4.5);
#623=CIRCLE('',#1664,2.5);
#624=CIRCLE('',#1666,2.99999999999997);
#625=CIRCLE('',#1667,1.5);
#626=CIRCLE('',#1668,3.);
#627=CIRCLE('',#1669,4.5);
#628=CIRCLE('',#1672,3.00000000000001);
#629=CIRCLE('',#1673,3.);
#630=CIRCLE('',#1674,4.5);
#631=CIRCLE('',#1675,1.5);
#632=CIRCLE('',#1677,3.);
#633=CIRCLE('',#1678,4.5);
#634=CIRCLE('',#1679,3.);
#635=CIRCLE('',#1680,1.5);
#636=CIRCLE('',#1683,3.);
#637=CIRCLE('',#1685,1.5);
#638=CIRCLE('',#1687,3.);
#639=CIRCLE('',#1688,4.5);
#640=CIRCLE('',#1694,3.00000000000001);
#641=CIRCLE('',#1695,3.00000000000001);
#642=CIRCLE('',#1696,3.);
#643=CIRCLE('',#1697,2.99999999999997);
#644=CIRCLE('',#1698,3.00000000000004);
#645=CIRCLE('',#1699,3.);
#646=CIRCLE('',#1700,3.00000000000004);
#647=CIRCLE('',#1724,1.49999999999999);
#648=CIRCLE('',#1725,1.49999999999999);
#649=CIRCLE('',#1727,3.00000000000001);
#650=CIRCLE('',#1731,1.49999999999999);
#651=CIRCLE('',#1732,1.49999999999999);
#652=CIRCLE('',#1735,1.49999999999999);
#653=CIRCLE('',#1736,1.49999999999999);
#654=CIRCLE('',#1739,1.50000000000002);
#655=CIRCLE('',#1740,1.50000000000002);
#656=CIRCLE('',#1743,1.49999999999999);
#657=CIRCLE('',#1744,1.49999999999999);
#658=CIRCLE('',#1747,1.50000000000002);
#659=CIRCLE('',#1748,1.50000000000002);
#660=CIRCLE('',#1751,1.5);
#661=CIRCLE('',#1752,1.5);
#662=CIRCLE('',#1755,3.00000000000001);
#663=CIRCLE('',#1757,3.);
#664=CIRCLE('',#1759,2.99999999999997);
#665=CIRCLE('',#1761,3.00000000000004);
#666=CIRCLE('',#1763,3.);
#667=CIRCLE('',#1765,3.00000000000004);
#668=VERTEX_POINT('',#2240);
#669=VERTEX_POINT('',#2241);
#670=VERTEX_POINT('',#2243);
#671=VERTEX_POINT('',#2245);
#672=VERTEX_POINT('',#2249);
#673=VERTEX_POINT('',#2251);
#674=VERTEX_POINT('',#2253);
#675=VERTEX_POINT('',#2255);
#676=VERTEX_POINT('',#2257);
#677=VERTEX_POINT('',#2261);
#678=VERTEX_POINT('',#2263);
#679=VERTEX_POINT('',#2265);
#680=VERTEX_POINT('',#2267);
#681=VERTEX_POINT('',#2269);
#682=VERTEX_POINT('',#2271);
#683=VERTEX_POINT('',#2273);
#684=VERTEX_POINT('',#2275);
#685=VERTEX_POINT('',#2277);
#686=VERTEX_POINT('',#2279);
#687=VERTEX_POINT('',#2281);
#688=VERTEX_POINT('',#2283);
#689=VERTEX_POINT('',#2285);
#690=VERTEX_POINT('',#2287);
#691=VERTEX_POINT('',#2289);
#692=VERTEX_POINT('',#2291);
#693=VERTEX_POINT('',#2293);
#694=VERTEX_POINT('',#2297);
#695=VERTEX_POINT('',#2299);
#696=VERTEX_POINT('',#2303);
#697=VERTEX_POINT('',#2305);
#698=VERTEX_POINT('',#2307);
#699=VERTEX_POINT('',#2309);
#700=VERTEX_POINT('',#2314);
#701=VERTEX_POINT('',#2316);
#702=VERTEX_POINT('',#2318);
#703=VERTEX_POINT('',#2320);
#704=VERTEX_POINT('',#2322);
#705=VERTEX_POINT('',#2324);
#706=VERTEX_POINT('',#2326);
#707=VERTEX_POINT('',#2328);
#708=VERTEX_POINT('',#2330);
#709=VERTEX_POINT('',#2332);
#710=VERTEX_POINT('',#2334);
#711=VERTEX_POINT('',#2336);
#712=VERTEX_POINT('',#2338);
#713=VERTEX_POINT('',#2340);
#714=VERTEX_POINT('',#2342);
#715=VERTEX_POINT('',#2344);
#716=VERTEX_POINT('',#2346);
#717=VERTEX_POINT('',#2348);
#718=VERTEX_POINT('',#2355);
#719=VERTEX_POINT('',#2357);
#720=VERTEX_POINT('',#2359);
#721=VERTEX_POINT('',#2363);
#722=VERTEX_POINT('',#2364);
#723=VERTEX_POINT('',#2366);
#724=VERTEX_POINT('',#2368);
#725=VERTEX_POINT('',#2372);
#726=VERTEX_POINT('',#2374);
#727=VERTEX_POINT('',#2378);
#728=VERTEX_POINT('',#2380);
#729=VERTEX_POINT('',#2387);
#730=VERTEX_POINT('',#2389);
#731=VERTEX_POINT('',#2393);
#732=VERTEX_POINT('',#2397);
#733=VERTEX_POINT('',#2398);
#734=VERTEX_POINT('',#2400);
#735=VERTEX_POINT('',#2402);
#736=VERTEX_POINT('',#2417);
#737=VERTEX_POINT('',#2421);
#738=VERTEX_POINT('',#2446);
#739=VERTEX_POINT('',#2450);
#740=VERTEX_POINT('',#2467);
#741=VERTEX_POINT('',#2469);
#742=VERTEX_POINT('',#2471);
#743=VERTEX_POINT('',#2483);
#744=VERTEX_POINT('',#2484);
#745=VERTEX_POINT('',#2486);
#746=VERTEX_POINT('',#2493);
#747=VERTEX_POINT('',#2505);
#748=VERTEX_POINT('',#2506);
#749=VERTEX_POINT('',#2521);
#750=VERTEX_POINT('',#2523);
#751=VERTEX_POINT('',#2525);
#752=VERTEX_POINT('',#2531);
#753=VERTEX_POINT('',#2535);
#754=VERTEX_POINT('',#2539);
#755=VERTEX_POINT('',#2540);
#756=VERTEX_POINT('',#2542);
#757=VERTEX_POINT('',#2544);
#758=VERTEX_POINT('',#2558);
#759=VERTEX_POINT('',#2567);
#760=VERTEX_POINT('',#2569);
#761=VERTEX_POINT('',#2573);
#762=VERTEX_POINT('',#2575);
#763=VERTEX_POINT('',#2577);
#764=VERTEX_POINT('',#2579);
#765=VERTEX_POINT('',#2582);
#766=VERTEX_POINT('',#2584);
#767=VERTEX_POINT('',#2586);
#768=VERTEX_POINT('',#2588);
#769=VERTEX_POINT('',#2590);
#770=VERTEX_POINT('',#2592);
#771=VERTEX_POINT('',#2596);
#772=VERTEX_POINT('',#2598);
#773=VERTEX_POINT('',#2601);
#774=VERTEX_POINT('',#2604);
#775=VERTEX_POINT('',#2606);
#776=VERTEX_POINT('',#2610);
#777=VERTEX_POINT('',#2613);
#778=VERTEX_POINT('',#2615);
#779=VERTEX_POINT('',#2617);
#780=VERTEX_POINT('',#2619);
#781=VERTEX_POINT('',#2621);
#782=VERTEX_POINT('',#2623);
#783=VERTEX_POINT('',#2625);
#784=VERTEX_POINT('',#2648);
#785=VERTEX_POINT('',#2650);
#786=VERTEX_POINT('',#2657);
#787=VERTEX_POINT('',#2658);
#788=VERTEX_POINT('',#2663);
#789=VERTEX_POINT('',#2667);
#790=VERTEX_POINT('',#2673);
#791=VERTEX_POINT('',#2681);
#792=VERTEX_POINT('',#2683);
#793=VERTEX_POINT('',#2687);
#794=VERTEX_POINT('',#2693);
#795=VERTEX_POINT('',#2695);
#796=VERTEX_POINT('',#2700);
#797=VERTEX_POINT('',#2702);
#798=VERTEX_POINT('',#2707);
#799=VERTEX_POINT('',#2709);
#800=VERTEX_POINT('',#2714);
#801=VERTEX_POINT('',#2716);
#802=VERTEX_POINT('',#2721);
#803=VERTEX_POINT('',#2723);
#804=VERTEX_POINT('',#2728);
#805=VERTEX_POINT('',#2730);
#806=VERTEX_POINT('',#2735);
#807=VERTEX_POINT('',#2739);
#808=VERTEX_POINT('',#2743);
#809=VERTEX_POINT('',#2747);
#810=VERTEX_POINT('',#2751);
#811=VERTEX_POINT('',#2755);
#812=EDGE_CURVE('',#668,#669,#600,.T.);
#813=EDGE_CURVE('',#669,#670,#292,.T.);
#814=EDGE_CURVE('',#670,#671,#601,.T.);
#815=EDGE_CURVE('',#671,#668,#293,.T.);
#816=EDGE_CURVE('',#672,#670,#294,.T.);
#817=EDGE_CURVE('',#672,#673,#295,.T.);
#818=EDGE_CURVE('',#673,#674,#296,.T.);
#819=EDGE_CURVE('',#674,#675,#297,.T.);
#820=EDGE_CURVE('',#675,#676,#298,.T.);
#821=EDGE_CURVE('',#671,#676,#299,.T.);
#822=EDGE_CURVE('',#669,#677,#300,.T.);
#823=EDGE_CURVE('',#677,#678,#301,.T.);
#824=EDGE_CURVE('',#678,#679,#302,.T.);
#825=EDGE_CURVE('',#680,#679,#303,.T.);
#826=EDGE_CURVE('',#681,#680,#304,.T.);
#827=EDGE_CURVE('',#682,#681,#305,.T.);
#828=EDGE_CURVE('',#683,#682,#306,.T.);
#829=EDGE_CURVE('',#684,#683,#307,.T.);
#830=EDGE_CURVE('',#684,#685,#308,.T.);
#831=EDGE_CURVE('',#685,#686,#309,.T.);
#832=EDGE_CURVE('',#686,#687,#310,.T.);
#833=EDGE_CURVE('',#688,#687,#311,.T.);
#834=EDGE_CURVE('',#688,#689,#312,.T.);
#835=EDGE_CURVE('',#689,#690,#313,.T.);
#836=EDGE_CURVE('',#690,#691,#314,.T.);
#837=EDGE_CURVE('',#692,#691,#315,.T.);
#838=EDGE_CURVE('',#692,#693,#316,.T.);
#839=EDGE_CURVE('',#693,#672,#317,.T.);
#840=EDGE_CURVE('',#694,#692,#602,.T.);
#841=EDGE_CURVE('',#691,#695,#603,.T.);
#842=EDGE_CURVE('',#695,#694,#318,.T.);
#843=EDGE_CURVE('',#696,#694,#319,.T.);
#844=EDGE_CURVE('',#696,#697,#320,.T.);
#845=EDGE_CURVE('',#697,#698,#321,.T.);
#846=EDGE_CURVE('',#698,#699,#322,.T.);
#847=EDGE_CURVE('',#693,#699,#323,.T.);
#848=EDGE_CURVE('',#676,#696,#324,.T.);
#849=EDGE_CURVE('',#695,#700,#325,.T.);
#850=EDGE_CURVE('',#700,#701,#326,.T.);
#851=EDGE_CURVE('',#701,#702,#327,.T.);
#852=EDGE_CURVE('',#703,#702,#328,.T.);
#853=EDGE_CURVE('',#703,#704,#329,.T.);
#854=EDGE_CURVE('',#704,#705,#330,.T.);
#855=EDGE_CURVE('',#705,#706,#331,.T.);
#856=EDGE_CURVE('',#707,#706,#332,.T.);
#857=EDGE_CURVE('',#708,#707,#604,.T.);
#858=EDGE_CURVE('',#709,#708,#333,.T.);
#859=EDGE_CURVE('',#710,#709,#605,.T.);
#860=EDGE_CURVE('',#711,#710,#334,.T.);
#861=EDGE_CURVE('',#712,#711,#606,.T.);
#862=EDGE_CURVE('',#713,#712,#335,.T.);
#863=EDGE_CURVE('',#714,#713,#607,.T.);
#864=EDGE_CURVE('',#715,#714,#336,.T.);
#865=EDGE_CURVE('',#715,#716,#337,.T.);
#866=EDGE_CURVE('',#716,#717,#338,.T.);
#867=EDGE_CURVE('',#717,#668,#339,.T.);
#868=EDGE_CURVE('',#702,#688,#608,.T.);
#869=EDGE_CURVE('',#687,#703,#609,.T.);
#870=EDGE_CURVE('',#686,#718,#340,.T.);
#871=EDGE_CURVE('',#718,#719,#341,.T.);
#872=EDGE_CURVE('',#719,#720,#342,.T.);
#873=EDGE_CURVE('',#720,#704,#343,.T.);
#874=EDGE_CURVE('',#721,#722,#344,.T.);
#875=EDGE_CURVE('',#722,#723,#40,.T.);
#876=EDGE_CURVE('',#723,#724,#345,.T.);
#877=EDGE_CURVE('',#721,#724,#41,.T.);
#878=EDGE_CURVE('',#725,#723,#346,.T.);
#879=EDGE_CURVE('',#722,#726,#347,.T.);
#880=EDGE_CURVE('',#726,#725,#42,.T.);
#881=EDGE_CURVE('',#727,#725,#348,.T.);
#882=EDGE_CURVE('',#726,#728,#349,.T.);
#883=EDGE_CURVE('',#728,#727,#43,.T.);
#884=EDGE_CURVE('',#724,#727,#350,.T.);
#885=EDGE_CURVE('',#728,#721,#351,.T.);
#886=EDGE_CURVE('',#724,#729,#352,.T.);
#887=EDGE_CURVE('',#730,#729,#353,.T.);
#888=EDGE_CURVE('',#727,#730,#354,.T.);
#889=EDGE_CURVE('',#723,#731,#355,.T.);
#890=EDGE_CURVE('',#729,#731,#356,.T.);
#891=EDGE_CURVE('',#732,#733,#357,.T.);
#892=EDGE_CURVE('',#734,#732,#358,.T.);
#893=EDGE_CURVE('',#735,#734,#359,.T.);
#894=EDGE_CURVE('',#733,#735,#360,.T.);
#895=EDGE_CURVE('',#679,#715,#610,.T.);
#896=EDGE_CURVE('',#714,#680,#611,.T.);
#897=EDGE_CURVE('',#713,#736,#612,.T.);
#898=EDGE_CURVE('',#736,#680,#613,.T.);
#899=EDGE_CURVE('',#712,#737,#614,.T.);
#900=EDGE_CURVE('',#737,#736,#361,.T.);
#901=EDGE_CURVE('',#711,#733,#615,.T.);
#902=EDGE_CURVE('',#733,#737,#616,.T.);
#903=EDGE_CURVE('',#710,#732,#617,.T.);
#904=EDGE_CURVE('',#709,#738,#618,.T.);
#905=EDGE_CURVE('',#738,#732,#619,.T.);
#906=EDGE_CURVE('',#708,#739,#620,.T.);
#907=EDGE_CURVE('',#739,#738,#362,.T.);
#908=EDGE_CURVE('',#707,#683,#621,.T.);
#909=EDGE_CURVE('',#683,#739,#622,.T.);
#910=EDGE_CURVE('',#706,#684,#623,.T.);
#911=EDGE_CURVE('',#678,#740,#363,.T.);
#912=EDGE_CURVE('',#740,#741,#364,.T.);
#913=EDGE_CURVE('',#741,#742,#365,.T.);
#914=EDGE_CURVE('',#742,#716,#366,.T.);
#915=EDGE_CURVE('',#743,#744,#624,.T.);
#916=EDGE_CURVE('',#744,#745,#625,.T.);
#917=EDGE_CURVE('',#745,#681,#626,.T.);
#918=EDGE_CURVE('',#681,#743,#627,.T.);
#919=EDGE_CURVE('',#736,#743,#367,.T.);
#920=EDGE_CURVE('',#745,#746,#368,.T.);
#921=EDGE_CURVE('',#682,#746,#628,.T.);
#922=EDGE_CURVE('',#747,#748,#629,.T.);
#923=EDGE_CURVE('',#748,#682,#630,.T.);
#924=EDGE_CURVE('',#746,#747,#631,.T.);
#925=EDGE_CURVE('',#748,#739,#369,.T.);
#926=EDGE_CURVE('',#749,#734,#632,.T.);
#927=EDGE_CURVE('',#734,#750,#633,.T.);
#928=EDGE_CURVE('',#750,#751,#634,.T.);
#929=EDGE_CURVE('',#751,#749,#635,.T.);
#930=EDGE_CURVE('',#738,#750,#370,.T.);
#931=EDGE_CURVE('',#749,#752,#371,.T.);
#932=EDGE_CURVE('',#735,#752,#636,.T.);
#933=EDGE_CURVE('',#753,#744,#372,.T.);
#934=EDGE_CURVE('',#752,#753,#637,.T.);
#935=EDGE_CURVE('',#747,#751,#373,.T.);
#936=EDGE_CURVE('',#754,#755,#374,.T.);
#937=EDGE_CURVE('',#755,#756,#375,.T.);
#938=EDGE_CURVE('',#756,#757,#376,.T.);
#939=EDGE_CURVE('',#757,#754,#377,.T.);
#940=EDGE_CURVE('',#750,#748,#378,.T.);
#941=EDGE_CURVE('',#753,#758,#638,.T.);
#942=EDGE_CURVE('',#758,#735,#639,.T.);
#943=EDGE_CURVE('',#758,#737,#379,.T.);
#944=EDGE_CURVE('',#743,#758,#380,.T.);
#945=EDGE_CURVE('',#759,#740,#381,.T.);
#946=EDGE_CURVE('',#760,#759,#382,.T.);
#947=EDGE_CURVE('',#674,#760,#383,.T.);
#948=EDGE_CURVE('',#699,#673,#384,.T.);
#949=EDGE_CURVE('',#761,#698,#385,.T.);
#950=EDGE_CURVE('',#762,#761,#386,.T.);
#951=EDGE_CURVE('',#763,#762,#387,.T.);
#952=EDGE_CURVE('',#764,#763,#388,.T.);
#953=EDGE_CURVE('',#719,#764,#389,.T.);
#954=EDGE_CURVE('',#765,#718,#390,.T.);
#955=EDGE_CURVE('',#766,#765,#391,.T.);
#956=EDGE_CURVE('',#767,#766,#392,.T.);
#957=EDGE_CURVE('',#767,#768,#393,.T.);
#958=EDGE_CURVE('',#768,#769,#394,.T.);
#959=EDGE_CURVE('',#770,#769,#395,.T.);
#960=EDGE_CURVE('',#741,#770,#396,.T.);
#961=EDGE_CURVE('',#770,#771,#397,.T.);
#962=EDGE_CURVE('',#771,#772,#398,.T.);
#963=EDGE_CURVE('',#772,#767,#399,.T.);
#964=EDGE_CURVE('',#773,#766,#400,.T.);
#965=EDGE_CURVE('',#720,#773,#401,.T.);
#966=EDGE_CURVE('',#774,#764,#402,.T.);
#967=EDGE_CURVE('',#775,#774,#403,.T.);
#968=EDGE_CURVE('',#761,#775,#404,.T.);
#969=EDGE_CURVE('',#675,#697,#405,.T.);
#970=EDGE_CURVE('',#776,#760,#406,.T.);
#971=EDGE_CURVE('',#742,#776,#407,.T.);
#972=EDGE_CURVE('',#777,#777,#640,.T.);
#973=EDGE_CURVE('',#778,#778,#641,.T.);
#974=EDGE_CURVE('',#779,#779,#642,.T.);
#975=EDGE_CURVE('',#780,#780,#643,.T.);
#976=EDGE_CURVE('',#781,#781,#644,.T.);
#977=EDGE_CURVE('',#782,#782,#645,.T.);
#978=EDGE_CURVE('',#783,#783,#646,.T.);
#979=EDGE_CURVE('',#690,#762,#408,.T.);
#980=EDGE_CURVE('',#775,#700,#409,.T.);
#981=EDGE_CURVE('',#705,#773,#410,.T.);
#982=EDGE_CURVE('',#685,#765,#411,.T.);
#983=EDGE_CURVE('',#689,#763,#412,.T.);
#984=EDGE_CURVE('',#701,#774,#413,.T.);
#985=EDGE_CURVE('',#677,#759,#414,.T.);
#986=EDGE_CURVE('',#717,#776,#415,.T.);
#987=EDGE_CURVE('',#754,#784,#416,.T.);
#988=EDGE_CURVE('',#785,#757,#417,.T.);
#989=EDGE_CURVE('',#784,#785,#418,.T.);
#990=EDGE_CURVE('',#769,#785,#419,.T.);
#991=EDGE_CURVE('',#784,#768,#420,.T.);
#992=EDGE_CURVE('',#786,#787,#421,.T.);
#993=EDGE_CURVE('',#756,#786,#422,.T.);
#994=EDGE_CURVE('',#787,#755,#423,.T.);
#995=EDGE_CURVE('',#772,#788,#424,.T.);
#996=EDGE_CURVE('',#788,#787,#425,.T.);
#997=EDGE_CURVE('',#786,#789,#426,.T.);
#998=EDGE_CURVE('',#789,#771,#427,.T.);
#999=EDGE_CURVE('',#789,#788,#428,.T.);
#1000=EDGE_CURVE('',#790,#730,#429,.T.);
#1001=EDGE_CURVE('',#725,#790,#430,.T.);
#1002=EDGE_CURVE('',#731,#790,#431,.T.);
#1003=EDGE_CURVE('',#791,#791,#647,.T.);
#1004=EDGE_CURVE('',#791,#792,#432,.T.);
#1005=EDGE_CURVE('',#792,#792,#648,.T.);
#1006=EDGE_CURVE('',#793,#793,#649,.T.);
#1007=EDGE_CURVE('',#793,#777,#433,.T.);
#1008=EDGE_CURVE('',#794,#794,#650,.T.);
#1009=EDGE_CURVE('',#794,#795,#434,.T.);
#1010=EDGE_CURVE('',#795,#795,#651,.T.);
#1011=EDGE_CURVE('',#796,#796,#652,.T.);
#1012=EDGE_CURVE('',#796,#797,#435,.T.);
#1013=EDGE_CURVE('',#797,#797,#653,.T.);
#1014=EDGE_CURVE('',#798,#798,#654,.T.);
#1015=EDGE_CURVE('',#798,#799,#436,.T.);
#1016=EDGE_CURVE('',#799,#799,#655,.T.);
#1017=EDGE_CURVE('',#800,#800,#656,.T.);
#1018=EDGE_CURVE('',#800,#801,#437,.T.);
#1019=EDGE_CURVE('',#801,#801,#657,.T.);
#1020=EDGE_CURVE('',#802,#802,#658,.T.);
#1021=EDGE_CURVE('',#802,#803,#438,.T.);
#1022=EDGE_CURVE('',#803,#803,#659,.T.);
#1023=EDGE_CURVE('',#804,#804,#660,.T.);
#1024=EDGE_CURVE('',#804,#805,#439,.T.);
#1025=EDGE_CURVE('',#805,#805,#661,.T.);
#1026=EDGE_CURVE('',#806,#806,#662,.T.);
#1027=EDGE_CURVE('',#806,#778,#440,.T.);
#1028=EDGE_CURVE('',#807,#807,#663,.T.);
#1029=EDGE_CURVE('',#807,#779,#441,.T.);
#1030=EDGE_CURVE('',#808,#808,#664,.T.);
#1031=EDGE_CURVE('',#808,#780,#442,.T.);
#1032=EDGE_CURVE('',#809,#809,#665,.T.);
#1033=EDGE_CURVE('',#809,#781,#443,.T.);
#1034=EDGE_CURVE('',#810,#810,#666,.T.);
#1035=EDGE_CURVE('',#810,#782,#444,.T.);
#1036=EDGE_CURVE('',#811,#811,#667,.T.);
#1037=EDGE_CURVE('',#811,#783,#445,.T.);
#1038=ORIENTED_EDGE('',*,*,#812,.T.);
#1039=ORIENTED_EDGE('',*,*,#813,.T.);
#1040=ORIENTED_EDGE('',*,*,#814,.T.);
#1041=ORIENTED_EDGE('',*,*,#815,.T.);
#1042=ORIENTED_EDGE('',*,*,#814,.F.);
#1043=ORIENTED_EDGE('',*,*,#816,.F.);
#1044=ORIENTED_EDGE('',*,*,#817,.T.);
#1045=ORIENTED_EDGE('',*,*,#818,.T.);
#1046=ORIENTED_EDGE('',*,*,#819,.T.);
#1047=ORIENTED_EDGE('',*,*,#820,.T.);
#1048=ORIENTED_EDGE('',*,*,#821,.F.);
#1049=ORIENTED_EDGE('',*,*,#813,.F.);
#1050=ORIENTED_EDGE('',*,*,#822,.T.);
#1051=ORIENTED_EDGE('',*,*,#823,.T.);
#1052=ORIENTED_EDGE('',*,*,#824,.T.);
#1053=ORIENTED_EDGE('',*,*,#825,.F.);
#1054=ORIENTED_EDGE('',*,*,#826,.F.);
#1055=ORIENTED_EDGE('',*,*,#827,.F.);
#1056=ORIENTED_EDGE('',*,*,#828,.F.);
#1057=ORIENTED_EDGE('',*,*,#829,.F.);
#1058=ORIENTED_EDGE('',*,*,#830,.T.);
#1059=ORIENTED_EDGE('',*,*,#831,.T.);
#1060=ORIENTED_EDGE('',*,*,#832,.T.);
#1061=ORIENTED_EDGE('',*,*,#833,.F.);
#1062=ORIENTED_EDGE('',*,*,#834,.T.);
#1063=ORIENTED_EDGE('',*,*,#835,.T.);
#1064=ORIENTED_EDGE('',*,*,#836,.T.);
#1065=ORIENTED_EDGE('',*,*,#837,.F.);
#1066=ORIENTED_EDGE('',*,*,#838,.T.);
#1067=ORIENTED_EDGE('',*,*,#839,.T.);
#1068=ORIENTED_EDGE('',*,*,#816,.T.);
#1069=ORIENTED_EDGE('',*,*,#840,.T.);
#1070=ORIENTED_EDGE('',*,*,#837,.T.);
#1071=ORIENTED_EDGE('',*,*,#841,.T.);
#1072=ORIENTED_EDGE('',*,*,#842,.T.);
#1073=ORIENTED_EDGE('',*,*,#840,.F.);
#1074=ORIENTED_EDGE('',*,*,#843,.F.);
#1075=ORIENTED_EDGE('',*,*,#844,.T.);
#1076=ORIENTED_EDGE('',*,*,#845,.T.);
#1077=ORIENTED_EDGE('',*,*,#846,.T.);
#1078=ORIENTED_EDGE('',*,*,#847,.F.);
#1079=ORIENTED_EDGE('',*,*,#838,.F.);
#1080=ORIENTED_EDGE('',*,*,#815,.F.);
#1081=ORIENTED_EDGE('',*,*,#821,.T.);
#1082=ORIENTED_EDGE('',*,*,#848,.T.);
#1083=ORIENTED_EDGE('',*,*,#843,.T.);
#1084=ORIENTED_EDGE('',*,*,#842,.F.);
#1085=ORIENTED_EDGE('',*,*,#849,.T.);
#1086=ORIENTED_EDGE('',*,*,#850,.T.);
#1087=ORIENTED_EDGE('',*,*,#851,.T.);
#1088=ORIENTED_EDGE('',*,*,#852,.F.);
#1089=ORIENTED_EDGE('',*,*,#853,.T.);
#1090=ORIENTED_EDGE('',*,*,#854,.T.);
#1091=ORIENTED_EDGE('',*,*,#855,.T.);
#1092=ORIENTED_EDGE('',*,*,#856,.F.);
#1093=ORIENTED_EDGE('',*,*,#857,.F.);
#1094=ORIENTED_EDGE('',*,*,#858,.F.);
#1095=ORIENTED_EDGE('',*,*,#859,.F.);
#1096=ORIENTED_EDGE('',*,*,#860,.F.);
#1097=ORIENTED_EDGE('',*,*,#861,.F.);
#1098=ORIENTED_EDGE('',*,*,#862,.F.);
#1099=ORIENTED_EDGE('',*,*,#863,.F.);
#1100=ORIENTED_EDGE('',*,*,#864,.F.);
#1101=ORIENTED_EDGE('',*,*,#865,.T.);
#1102=ORIENTED_EDGE('',*,*,#866,.T.);
#1103=ORIENTED_EDGE('',*,*,#867,.T.);
#1104=ORIENTED_EDGE('',*,*,#868,.T.);
#1105=ORIENTED_EDGE('',*,*,#833,.T.);
#1106=ORIENTED_EDGE('',*,*,#869,.T.);
#1107=ORIENTED_EDGE('',*,*,#852,.T.);
#1108=ORIENTED_EDGE('',*,*,#869,.F.);
#1109=ORIENTED_EDGE('',*,*,#832,.F.);
#1110=ORIENTED_EDGE('',*,*,#870,.T.);
#1111=ORIENTED_EDGE('',*,*,#871,.T.);
#1112=ORIENTED_EDGE('',*,*,#872,.T.);
#1113=ORIENTED_EDGE('',*,*,#873,.T.);
#1114=ORIENTED_EDGE('',*,*,#853,.F.);
#1115=ORIENTED_EDGE('',*,*,#874,.T.);
#1116=ORIENTED_EDGE('',*,*,#875,.T.);
#1117=ORIENTED_EDGE('',*,*,#876,.T.);
#1118=ORIENTED_EDGE('',*,*,#877,.F.);
#1119=ORIENTED_EDGE('',*,*,#878,.T.);
#1120=ORIENTED_EDGE('',*,*,#875,.F.);
#1121=ORIENTED_EDGE('',*,*,#879,.T.);
#1122=ORIENTED_EDGE('',*,*,#880,.T.);
#1123=ORIENTED_EDGE('',*,*,#881,.T.);
#1124=ORIENTED_EDGE('',*,*,#880,.F.);
#1125=ORIENTED_EDGE('',*,*,#882,.T.);
#1126=ORIENTED_EDGE('',*,*,#883,.T.);
#1127=ORIENTED_EDGE('',*,*,#884,.T.);
#1128=ORIENTED_EDGE('',*,*,#883,.F.);
#1129=ORIENTED_EDGE('',*,*,#885,.T.);
#1130=ORIENTED_EDGE('',*,*,#877,.T.);
#1131=ORIENTED_EDGE('',*,*,#884,.F.);
#1132=ORIENTED_EDGE('',*,*,#886,.T.);
#1133=ORIENTED_EDGE('',*,*,#887,.F.);
#1134=ORIENTED_EDGE('',*,*,#888,.F.);
#1135=ORIENTED_EDGE('',*,*,#876,.F.);
#1136=ORIENTED_EDGE('',*,*,#889,.T.);
#1137=ORIENTED_EDGE('',*,*,#890,.F.);
#1138=ORIENTED_EDGE('',*,*,#886,.F.);
#1139=ORIENTED_EDGE('',*,*,#891,.F.);
#1140=ORIENTED_EDGE('',*,*,#892,.F.);
#1141=ORIENTED_EDGE('',*,*,#893,.F.);
#1142=ORIENTED_EDGE('',*,*,#894,.F.);
#1143=ORIENTED_EDGE('',*,*,#874,.F.);
#1144=ORIENTED_EDGE('',*,*,#885,.F.);
#1145=ORIENTED_EDGE('',*,*,#882,.F.);
#1146=ORIENTED_EDGE('',*,*,#879,.F.);
#1147=ORIENTED_EDGE('',*,*,#895,.T.);
#1148=ORIENTED_EDGE('',*,*,#864,.T.);
#1149=ORIENTED_EDGE('',*,*,#896,.T.);
#1150=ORIENTED_EDGE('',*,*,#825,.T.);
#1151=ORIENTED_EDGE('',*,*,#897,.T.);
#1152=ORIENTED_EDGE('',*,*,#898,.T.);
#1153=ORIENTED_EDGE('',*,*,#896,.F.);
#1154=ORIENTED_EDGE('',*,*,#863,.T.);
#1155=ORIENTED_EDGE('',*,*,#899,.T.);
#1156=ORIENTED_EDGE('',*,*,#900,.T.);
#1157=ORIENTED_EDGE('',*,*,#897,.F.);
#1158=ORIENTED_EDGE('',*,*,#862,.T.);
#1159=ORIENTED_EDGE('',*,*,#901,.T.);
#1160=ORIENTED_EDGE('',*,*,#902,.T.);
#1161=ORIENTED_EDGE('',*,*,#899,.F.);
#1162=ORIENTED_EDGE('',*,*,#861,.T.);
#1163=ORIENTED_EDGE('',*,*,#903,.T.);
#1164=ORIENTED_EDGE('',*,*,#891,.T.);
#1165=ORIENTED_EDGE('',*,*,#901,.F.);
#1166=ORIENTED_EDGE('',*,*,#860,.T.);
#1167=ORIENTED_EDGE('',*,*,#904,.T.);
#1168=ORIENTED_EDGE('',*,*,#905,.T.);
#1169=ORIENTED_EDGE('',*,*,#903,.F.);
#1170=ORIENTED_EDGE('',*,*,#859,.T.);
#1171=ORIENTED_EDGE('',*,*,#906,.T.);
#1172=ORIENTED_EDGE('',*,*,#907,.T.);
#1173=ORIENTED_EDGE('',*,*,#904,.F.);
#1174=ORIENTED_EDGE('',*,*,#858,.T.);
#1175=ORIENTED_EDGE('',*,*,#908,.T.);
#1176=ORIENTED_EDGE('',*,*,#909,.T.);
#1177=ORIENTED_EDGE('',*,*,#906,.F.);
#1178=ORIENTED_EDGE('',*,*,#857,.T.);
#1179=ORIENTED_EDGE('',*,*,#910,.T.);
#1180=ORIENTED_EDGE('',*,*,#829,.T.);
#1181=ORIENTED_EDGE('',*,*,#908,.F.);
#1182=ORIENTED_EDGE('',*,*,#856,.T.);
#1183=ORIENTED_EDGE('',*,*,#895,.F.);
#1184=ORIENTED_EDGE('',*,*,#824,.F.);
#1185=ORIENTED_EDGE('',*,*,#911,.T.);
#1186=ORIENTED_EDGE('',*,*,#912,.T.);
#1187=ORIENTED_EDGE('',*,*,#913,.T.);
#1188=ORIENTED_EDGE('',*,*,#914,.T.);
#1189=ORIENTED_EDGE('',*,*,#865,.F.);
#1190=ORIENTED_EDGE('',*,*,#915,.T.);
#1191=ORIENTED_EDGE('',*,*,#916,.T.);
#1192=ORIENTED_EDGE('',*,*,#917,.T.);
#1193=ORIENTED_EDGE('',*,*,#918,.T.);
#1194=ORIENTED_EDGE('',*,*,#898,.F.);
#1195=ORIENTED_EDGE('',*,*,#919,.T.);
#1196=ORIENTED_EDGE('',*,*,#918,.F.);
#1197=ORIENTED_EDGE('',*,*,#826,.T.);
#1198=ORIENTED_EDGE('',*,*,#917,.F.);
#1199=ORIENTED_EDGE('',*,*,#920,.T.);
#1200=ORIENTED_EDGE('',*,*,#921,.F.);
#1201=ORIENTED_EDGE('',*,*,#827,.T.);
#1202=ORIENTED_EDGE('',*,*,#922,.T.);
#1203=ORIENTED_EDGE('',*,*,#923,.T.);
#1204=ORIENTED_EDGE('',*,*,#921,.T.);
#1205=ORIENTED_EDGE('',*,*,#924,.T.);
#1206=ORIENTED_EDGE('',*,*,#909,.F.);
#1207=ORIENTED_EDGE('',*,*,#828,.T.);
#1208=ORIENTED_EDGE('',*,*,#923,.F.);
#1209=ORIENTED_EDGE('',*,*,#925,.T.);
#1210=ORIENTED_EDGE('',*,*,#926,.T.);
#1211=ORIENTED_EDGE('',*,*,#927,.T.);
#1212=ORIENTED_EDGE('',*,*,#928,.T.);
#1213=ORIENTED_EDGE('',*,*,#929,.T.);
#1214=ORIENTED_EDGE('',*,*,#905,.F.);
#1215=ORIENTED_EDGE('',*,*,#930,.T.);
#1216=ORIENTED_EDGE('',*,*,#927,.F.);
#1217=ORIENTED_EDGE('',*,*,#892,.T.);
#1218=ORIENTED_EDGE('',*,*,#926,.F.);
#1219=ORIENTED_EDGE('',*,*,#931,.T.);
#1220=ORIENTED_EDGE('',*,*,#932,.F.);
#1221=ORIENTED_EDGE('',*,*,#893,.T.);
#1222=ORIENTED_EDGE('',*,*,#916,.F.);
#1223=ORIENTED_EDGE('',*,*,#933,.F.);
#1224=ORIENTED_EDGE('',*,*,#934,.F.);
#1225=ORIENTED_EDGE('',*,*,#931,.F.);
#1226=ORIENTED_EDGE('',*,*,#929,.F.);
#1227=ORIENTED_EDGE('',*,*,#935,.F.);
#1228=ORIENTED_EDGE('',*,*,#924,.F.);
#1229=ORIENTED_EDGE('',*,*,#920,.F.);
#1230=ORIENTED_EDGE('',*,*,#936,.T.);
#1231=ORIENTED_EDGE('',*,*,#937,.T.);
#1232=ORIENTED_EDGE('',*,*,#938,.T.);
#1233=ORIENTED_EDGE('',*,*,#939,.T.);
#1234=ORIENTED_EDGE('',*,*,#922,.F.);
#1235=ORIENTED_EDGE('',*,*,#935,.T.);
#1236=ORIENTED_EDGE('',*,*,#928,.F.);
#1237=ORIENTED_EDGE('',*,*,#940,.T.);
#1238=ORIENTED_EDGE('',*,*,#932,.T.);
#1239=ORIENTED_EDGE('',*,*,#934,.T.);
#1240=ORIENTED_EDGE('',*,*,#941,.T.);
#1241=ORIENTED_EDGE('',*,*,#942,.T.);
#1242=ORIENTED_EDGE('',*,*,#902,.F.);
#1243=ORIENTED_EDGE('',*,*,#894,.T.);
#1244=ORIENTED_EDGE('',*,*,#942,.F.);
#1245=ORIENTED_EDGE('',*,*,#943,.T.);
#1246=ORIENTED_EDGE('',*,*,#915,.F.);
#1247=ORIENTED_EDGE('',*,*,#944,.T.);
#1248=ORIENTED_EDGE('',*,*,#941,.F.);
#1249=ORIENTED_EDGE('',*,*,#933,.T.);
#1250=ORIENTED_EDGE('',*,*,#907,.F.);
#1251=ORIENTED_EDGE('',*,*,#925,.F.);
#1252=ORIENTED_EDGE('',*,*,#940,.F.);
#1253=ORIENTED_EDGE('',*,*,#930,.F.);
#1254=ORIENTED_EDGE('',*,*,#945,.F.);
#1255=ORIENTED_EDGE('',*,*,#946,.F.);
#1256=ORIENTED_EDGE('',*,*,#947,.F.);
#1257=ORIENTED_EDGE('',*,*,#818,.F.);
#1258=ORIENTED_EDGE('',*,*,#948,.F.);
#1259=ORIENTED_EDGE('',*,*,#846,.F.);
#1260=ORIENTED_EDGE('',*,*,#949,.F.);
#1261=ORIENTED_EDGE('',*,*,#950,.F.);
#1262=ORIENTED_EDGE('',*,*,#951,.F.);
#1263=ORIENTED_EDGE('',*,*,#952,.F.);
#1264=ORIENTED_EDGE('',*,*,#953,.F.);
#1265=ORIENTED_EDGE('',*,*,#871,.F.);
#1266=ORIENTED_EDGE('',*,*,#954,.F.);
#1267=ORIENTED_EDGE('',*,*,#955,.F.);
#1268=ORIENTED_EDGE('',*,*,#956,.F.);
#1269=ORIENTED_EDGE('',*,*,#957,.T.);
#1270=ORIENTED_EDGE('',*,*,#958,.T.);
#1271=ORIENTED_EDGE('',*,*,#959,.F.);
#1272=ORIENTED_EDGE('',*,*,#960,.F.);
#1273=ORIENTED_EDGE('',*,*,#912,.F.);
#1274=ORIENTED_EDGE('',*,*,#913,.F.);
#1275=ORIENTED_EDGE('',*,*,#960,.T.);
#1276=ORIENTED_EDGE('',*,*,#961,.T.);
#1277=ORIENTED_EDGE('',*,*,#962,.T.);
#1278=ORIENTED_EDGE('',*,*,#963,.T.);
#1279=ORIENTED_EDGE('',*,*,#956,.T.);
#1280=ORIENTED_EDGE('',*,*,#964,.F.);
#1281=ORIENTED_EDGE('',*,*,#965,.F.);
#1282=ORIENTED_EDGE('',*,*,#872,.F.);
#1283=ORIENTED_EDGE('',*,*,#953,.T.);
#1284=ORIENTED_EDGE('',*,*,#966,.F.);
#1285=ORIENTED_EDGE('',*,*,#967,.F.);
#1286=ORIENTED_EDGE('',*,*,#968,.F.);
#1287=ORIENTED_EDGE('',*,*,#949,.T.);
#1288=ORIENTED_EDGE('',*,*,#845,.F.);
#1289=ORIENTED_EDGE('',*,*,#969,.F.);
#1290=ORIENTED_EDGE('',*,*,#819,.F.);
#1291=ORIENTED_EDGE('',*,*,#947,.T.);
#1292=ORIENTED_EDGE('',*,*,#970,.F.);
#1293=ORIENTED_EDGE('',*,*,#971,.F.);
#1294=ORIENTED_EDGE('',*,*,#972,.T.);
#1295=ORIENTED_EDGE('',*,*,#973,.T.);
#1296=ORIENTED_EDGE('',*,*,#974,.T.);
#1297=ORIENTED_EDGE('',*,*,#975,.T.);
#1298=ORIENTED_EDGE('',*,*,#976,.T.);
#1299=ORIENTED_EDGE('',*,*,#977,.T.);
#1300=ORIENTED_EDGE('',*,*,#978,.T.);
#1301=ORIENTED_EDGE('',*,*,#841,.F.);
#1302=ORIENTED_EDGE('',*,*,#836,.F.);
#1303=ORIENTED_EDGE('',*,*,#979,.T.);
#1304=ORIENTED_EDGE('',*,*,#950,.T.);
#1305=ORIENTED_EDGE('',*,*,#968,.T.);
#1306=ORIENTED_EDGE('',*,*,#980,.T.);
#1307=ORIENTED_EDGE('',*,*,#849,.F.);
#1308=ORIENTED_EDGE('',*,*,#910,.F.);
#1309=ORIENTED_EDGE('',*,*,#855,.F.);
#1310=ORIENTED_EDGE('',*,*,#981,.T.);
#1311=ORIENTED_EDGE('',*,*,#964,.T.);
#1312=ORIENTED_EDGE('',*,*,#955,.T.);
#1313=ORIENTED_EDGE('',*,*,#982,.F.);
#1314=ORIENTED_EDGE('',*,*,#830,.F.);
#1315=ORIENTED_EDGE('',*,*,#951,.T.);
#1316=ORIENTED_EDGE('',*,*,#979,.F.);
#1317=ORIENTED_EDGE('',*,*,#835,.F.);
#1318=ORIENTED_EDGE('',*,*,#983,.T.);
#1319=ORIENTED_EDGE('',*,*,#868,.F.);
#1320=ORIENTED_EDGE('',*,*,#851,.F.);
#1321=ORIENTED_EDGE('',*,*,#984,.T.);
#1322=ORIENTED_EDGE('',*,*,#966,.T.);
#1323=ORIENTED_EDGE('',*,*,#952,.T.);
#1324=ORIENTED_EDGE('',*,*,#983,.F.);
#1325=ORIENTED_EDGE('',*,*,#834,.F.);
#1326=ORIENTED_EDGE('',*,*,#967,.T.);
#1327=ORIENTED_EDGE('',*,*,#984,.F.);
#1328=ORIENTED_EDGE('',*,*,#850,.F.);
#1329=ORIENTED_EDGE('',*,*,#980,.F.);
#1330=ORIENTED_EDGE('',*,*,#948,.T.);
#1331=ORIENTED_EDGE('',*,*,#817,.F.);
#1332=ORIENTED_EDGE('',*,*,#839,.F.);
#1333=ORIENTED_EDGE('',*,*,#847,.T.);
#1334=ORIENTED_EDGE('',*,*,#969,.T.);
#1335=ORIENTED_EDGE('',*,*,#844,.F.);
#1336=ORIENTED_EDGE('',*,*,#848,.F.);
#1337=ORIENTED_EDGE('',*,*,#820,.F.);
#1338=ORIENTED_EDGE('',*,*,#954,.T.);
#1339=ORIENTED_EDGE('',*,*,#870,.F.);
#1340=ORIENTED_EDGE('',*,*,#831,.F.);
#1341=ORIENTED_EDGE('',*,*,#982,.T.);
#1342=ORIENTED_EDGE('',*,*,#965,.T.);
#1343=ORIENTED_EDGE('',*,*,#981,.F.);
#1344=ORIENTED_EDGE('',*,*,#854,.F.);
#1345=ORIENTED_EDGE('',*,*,#873,.F.);
#1346=ORIENTED_EDGE('',*,*,#945,.T.);
#1347=ORIENTED_EDGE('',*,*,#911,.F.);
#1348=ORIENTED_EDGE('',*,*,#823,.F.);
#1349=ORIENTED_EDGE('',*,*,#985,.T.);
#1350=ORIENTED_EDGE('',*,*,#812,.F.);
#1351=ORIENTED_EDGE('',*,*,#867,.F.);
#1352=ORIENTED_EDGE('',*,*,#986,.T.);
#1353=ORIENTED_EDGE('',*,*,#970,.T.);
#1354=ORIENTED_EDGE('',*,*,#946,.T.);
#1355=ORIENTED_EDGE('',*,*,#985,.F.);
#1356=ORIENTED_EDGE('',*,*,#822,.F.);
#1357=ORIENTED_EDGE('',*,*,#971,.T.);
#1358=ORIENTED_EDGE('',*,*,#986,.F.);
#1359=ORIENTED_EDGE('',*,*,#866,.F.);
#1360=ORIENTED_EDGE('',*,*,#914,.F.);
#1361=ORIENTED_EDGE('',*,*,#987,.F.);
#1362=ORIENTED_EDGE('',*,*,#939,.F.);
#1363=ORIENTED_EDGE('',*,*,#988,.F.);
#1364=ORIENTED_EDGE('',*,*,#989,.F.);
#1365=ORIENTED_EDGE('',*,*,#989,.T.);
#1366=ORIENTED_EDGE('',*,*,#990,.F.);
#1367=ORIENTED_EDGE('',*,*,#958,.F.);
#1368=ORIENTED_EDGE('',*,*,#991,.F.);
#1369=ORIENTED_EDGE('',*,*,#992,.F.);
#1370=ORIENTED_EDGE('',*,*,#993,.F.);
#1371=ORIENTED_EDGE('',*,*,#937,.F.);
#1372=ORIENTED_EDGE('',*,*,#994,.F.);
#1373=ORIENTED_EDGE('',*,*,#936,.F.);
#1374=ORIENTED_EDGE('',*,*,#987,.T.);
#1375=ORIENTED_EDGE('',*,*,#991,.T.);
#1376=ORIENTED_EDGE('',*,*,#957,.F.);
#1377=ORIENTED_EDGE('',*,*,#963,.F.);
#1378=ORIENTED_EDGE('',*,*,#995,.T.);
#1379=ORIENTED_EDGE('',*,*,#996,.T.);
#1380=ORIENTED_EDGE('',*,*,#994,.T.);
#1381=ORIENTED_EDGE('',*,*,#990,.T.);
#1382=ORIENTED_EDGE('',*,*,#988,.T.);
#1383=ORIENTED_EDGE('',*,*,#938,.F.);
#1384=ORIENTED_EDGE('',*,*,#993,.T.);
#1385=ORIENTED_EDGE('',*,*,#997,.T.);
#1386=ORIENTED_EDGE('',*,*,#998,.T.);
#1387=ORIENTED_EDGE('',*,*,#961,.F.);
#1388=ORIENTED_EDGE('',*,*,#959,.T.);
#1389=ORIENTED_EDGE('',*,*,#992,.T.);
#1390=ORIENTED_EDGE('',*,*,#996,.F.);
#1391=ORIENTED_EDGE('',*,*,#999,.F.);
#1392=ORIENTED_EDGE('',*,*,#997,.F.);
#1393=ORIENTED_EDGE('',*,*,#881,.F.);
#1394=ORIENTED_EDGE('',*,*,#888,.T.);
#1395=ORIENTED_EDGE('',*,*,#1000,.F.);
#1396=ORIENTED_EDGE('',*,*,#1001,.F.);
#1397=ORIENTED_EDGE('',*,*,#878,.F.);
#1398=ORIENTED_EDGE('',*,*,#1001,.T.);
#1399=ORIENTED_EDGE('',*,*,#1002,.F.);
#1400=ORIENTED_EDGE('',*,*,#889,.F.);
#1401=ORIENTED_EDGE('',*,*,#999,.T.);
#1402=ORIENTED_EDGE('',*,*,#995,.F.);
#1403=ORIENTED_EDGE('',*,*,#962,.F.);
#1404=ORIENTED_EDGE('',*,*,#998,.F.);
#1405=ORIENTED_EDGE('',*,*,#887,.T.);
#1406=ORIENTED_EDGE('',*,*,#890,.T.);
#1407=ORIENTED_EDGE('',*,*,#1002,.T.);
#1408=ORIENTED_EDGE('',*,*,#1000,.T.);
#1409=ORIENTED_EDGE('',*,*,#900,.F.);
#1410=ORIENTED_EDGE('',*,*,#943,.F.);
#1411=ORIENTED_EDGE('',*,*,#944,.F.);
#1412=ORIENTED_EDGE('',*,*,#919,.F.);
#1413=ORIENTED_EDGE('',*,*,#1003,.F.);
#1414=ORIENTED_EDGE('',*,*,#1004,.T.);
#1415=ORIENTED_EDGE('',*,*,#1005,.F.);
#1416=ORIENTED_EDGE('',*,*,#1004,.F.);
#1417=ORIENTED_EDGE('',*,*,#1006,.F.);
#1418=ORIENTED_EDGE('',*,*,#1007,.T.);
#1419=ORIENTED_EDGE('',*,*,#972,.F.);
#1420=ORIENTED_EDGE('',*,*,#1007,.F.);
#1421=ORIENTED_EDGE('',*,*,#1006,.T.);
#1422=ORIENTED_EDGE('',*,*,#1003,.T.);
#1423=ORIENTED_EDGE('',*,*,#1005,.T.);
#1424=ORIENTED_EDGE('',*,*,#1008,.F.);
#1425=ORIENTED_EDGE('',*,*,#1009,.T.);
#1426=ORIENTED_EDGE('',*,*,#1010,.T.);
#1427=ORIENTED_EDGE('',*,*,#1009,.F.);
#1428=ORIENTED_EDGE('',*,*,#1010,.F.);
#1429=ORIENTED_EDGE('',*,*,#1011,.F.);
#1430=ORIENTED_EDGE('',*,*,#1012,.T.);
#1431=ORIENTED_EDGE('',*,*,#1013,.T.);
#1432=ORIENTED_EDGE('',*,*,#1012,.F.);
#1433=ORIENTED_EDGE('',*,*,#1013,.F.);
#1434=ORIENTED_EDGE('',*,*,#1014,.F.);
#1435=ORIENTED_EDGE('',*,*,#1015,.T.);
#1436=ORIENTED_EDGE('',*,*,#1016,.T.);
#1437=ORIENTED_EDGE('',*,*,#1015,.F.);
#1438=ORIENTED_EDGE('',*,*,#1016,.F.);
#1439=ORIENTED_EDGE('',*,*,#1017,.F.);
#1440=ORIENTED_EDGE('',*,*,#1018,.T.);
#1441=ORIENTED_EDGE('',*,*,#1019,.T.);
#1442=ORIENTED_EDGE('',*,*,#1018,.F.);
#1443=ORIENTED_EDGE('',*,*,#1019,.F.);
#1444=ORIENTED_EDGE('',*,*,#1020,.F.);
#1445=ORIENTED_EDGE('',*,*,#1021,.T.);
#1446=ORIENTED_EDGE('',*,*,#1022,.T.);
#1447=ORIENTED_EDGE('',*,*,#1021,.F.);
#1448=ORIENTED_EDGE('',*,*,#1022,.F.);
#1449=ORIENTED_EDGE('',*,*,#1023,.F.);
#1450=ORIENTED_EDGE('',*,*,#1024,.T.);
#1451=ORIENTED_EDGE('',*,*,#1025,.T.);
#1452=ORIENTED_EDGE('',*,*,#1024,.F.);
#1453=ORIENTED_EDGE('',*,*,#1025,.F.);
#1454=ORIENTED_EDGE('',*,*,#1026,.F.);
#1455=ORIENTED_EDGE('',*,*,#1027,.T.);
#1456=ORIENTED_EDGE('',*,*,#973,.F.);
#1457=ORIENTED_EDGE('',*,*,#1027,.F.);
#1458=ORIENTED_EDGE('',*,*,#1028,.F.);
#1459=ORIENTED_EDGE('',*,*,#1029,.T.);
#1460=ORIENTED_EDGE('',*,*,#974,.F.);
#1461=ORIENTED_EDGE('',*,*,#1029,.F.);
#1462=ORIENTED_EDGE('',*,*,#1030,.F.);
#1463=ORIENTED_EDGE('',*,*,#1031,.T.);
#1464=ORIENTED_EDGE('',*,*,#975,.F.);
#1465=ORIENTED_EDGE('',*,*,#1031,.F.);
#1466=ORIENTED_EDGE('',*,*,#1032,.F.);
#1467=ORIENTED_EDGE('',*,*,#1033,.T.);
#1468=ORIENTED_EDGE('',*,*,#976,.F.);
#1469=ORIENTED_EDGE('',*,*,#1033,.F.);
#1470=ORIENTED_EDGE('',*,*,#1034,.F.);
#1471=ORIENTED_EDGE('',*,*,#1035,.T.);
#1472=ORIENTED_EDGE('',*,*,#977,.F.);
#1473=ORIENTED_EDGE('',*,*,#1035,.F.);
#1474=ORIENTED_EDGE('',*,*,#1036,.F.);
#1475=ORIENTED_EDGE('',*,*,#1037,.T.);
#1476=ORIENTED_EDGE('',*,*,#978,.F.);
#1477=ORIENTED_EDGE('',*,*,#1037,.F.);
#1478=ORIENTED_EDGE('',*,*,#1034,.T.);
#1479=ORIENTED_EDGE('',*,*,#1008,.T.);
#1480=ORIENTED_EDGE('',*,*,#1030,.T.);
#1481=ORIENTED_EDGE('',*,*,#1014,.T.);
#1482=ORIENTED_EDGE('',*,*,#1036,.T.);
#1483=ORIENTED_EDGE('',*,*,#1017,.T.);
#1484=ORIENTED_EDGE('',*,*,#1026,.T.);
#1485=ORIENTED_EDGE('',*,*,#1020,.T.);
#1486=ORIENTED_EDGE('',*,*,#1028,.T.);
#1487=ORIENTED_EDGE('',*,*,#1023,.T.);
#1488=ORIENTED_EDGE('',*,*,#1032,.T.);
#1489=ORIENTED_EDGE('',*,*,#1011,.T.);
#1490=CYLINDRICAL_SURFACE('',#1617,2.75);
#1491=CYLINDRICAL_SURFACE('',#1622,2.75);
#1492=CYLINDRICAL_SURFACE('',#1631,2.75);
#1493=CYLINDRICAL_SURFACE('',#1635,1.);
#1494=CYLINDRICAL_SURFACE('',#1638,1.);
#1495=CYLINDRICAL_SURFACE('',#1640,1.);
#1496=CYLINDRICAL_SURFACE('',#1642,1.);
#1497=CYLINDRICAL_SURFACE('',#1646,2.5);
#1498=CYLINDRICAL_SURFACE('',#1651,2.5);
#1499=CYLINDRICAL_SURFACE('',#1655,2.5);
#1500=CYLINDRICAL_SURFACE('',#1659,2.5);
#1501=CYLINDRICAL_SURFACE('',#1663,2.5);
#1502=CYLINDRICAL_SURFACE('',#1670,4.5);
#1503=CYLINDRICAL_SURFACE('',#1671,3.);
#1504=CYLINDRICAL_SURFACE('',#1676,4.5);
#1505=CYLINDRICAL_SURFACE('',#1681,4.5);
#1506=CYLINDRICAL_SURFACE('',#1682,3.);
#1507=CYLINDRICAL_SURFACE('',#1686,3.);
#1508=CYLINDRICAL_SURFACE('',#1689,4.5);
#1509=CYLINDRICAL_SURFACE('',#1690,3.);
#1510=CYLINDRICAL_SURFACE('',#1723,1.49999999999999);
#1511=CYLINDRICAL_SURFACE('',#1726,3.00000000000001);
#1512=CYLINDRICAL_SURFACE('',#1730,1.49999999999999);
#1513=CYLINDRICAL_SURFACE('',#1734,1.49999999999999);
#1514=CYLINDRICAL_SURFACE('',#1738,1.50000000000002);
#1515=CYLINDRICAL_SURFACE('',#1742,1.49999999999999);
#1516=CYLINDRICAL_SURFACE('',#1746,1.50000000000002);
#1517=CYLINDRICAL_SURFACE('',#1750,1.5);
#1518=CYLINDRICAL_SURFACE('',#1754,3.00000000000001);
#1519=CYLINDRICAL_SURFACE('',#1756,3.);
#1520=CYLINDRICAL_SURFACE('',#1758,2.99999999999997);
#1521=CYLINDRICAL_SURFACE('',#1760,3.00000000000004);
#1522=CYLINDRICAL_SURFACE('',#1762,3.);
#1523=CYLINDRICAL_SURFACE('',#1764,3.00000000000004);
#1524=ADVANCED_FACE('',(#93),#1490,.T.);
#1525=ADVANCED_FACE('',(#94),#44,.F.);
#1526=ADVANCED_FACE('',(#95),#45,.T.);
#1527=ADVANCED_FACE('',(#96),#1491,.T.);
#1528=ADVANCED_FACE('',(#97),#46,.F.);
#1529=ADVANCED_FACE('',(#98),#47,.T.);
#1530=ADVANCED_FACE('',(#99),#1492,.T.);
#1531=ADVANCED_FACE('',(#100),#48,.F.);
#1532=ADVANCED_FACE('',(#101),#1493,.T.);
#1533=ADVANCED_FACE('',(#102),#1494,.T.);
#1534=ADVANCED_FACE('',(#103),#1495,.T.);
#1535=ADVANCED_FACE('',(#104),#1496,.T.);
#1536=ADVANCED_FACE('',(#105),#49,.F.);
#1537=ADVANCED_FACE('',(#106),#50,.F.);
#1538=ADVANCED_FACE('',(#107,#23),#51,.F.);
#1539=ADVANCED_FACE('',(#108),#1497,.T.);
#1540=ADVANCED_FACE('',(#109),#15,.F.);
#1541=ADVANCED_FACE('',(#110),#1498,.T.);
#1542=ADVANCED_FACE('',(#111),#16,.F.);
#1543=ADVANCED_FACE('',(#112),#1499,.T.);
#1544=ADVANCED_FACE('',(#113),#17,.F.);
#1545=ADVANCED_FACE('',(#114),#1500,.T.);
#1546=ADVANCED_FACE('',(#115),#18,.F.);
#1547=ADVANCED_FACE('',(#116),#1501,.T.);
#1548=ADVANCED_FACE('',(#117),#52,.F.);
#1549=ADVANCED_FACE('',(#118),#19,.F.);
#1550=ADVANCED_FACE('',(#119),#1502,.T.);
#1551=ADVANCED_FACE('',(#120),#1503,.T.);
#1552=ADVANCED_FACE('',(#121),#20,.F.);
#1553=ADVANCED_FACE('',(#122),#1504,.T.);
#1554=ADVANCED_FACE('',(#123),#21,.F.);
#1555=ADVANCED_FACE('',(#124),#1505,.T.);
#1556=ADVANCED_FACE('',(#125),#1506,.T.);
#1557=ADVANCED_FACE('',(#126,#24),#53,.T.);
#1558=ADVANCED_FACE('',(#127),#1507,.T.);
#1559=ADVANCED_FACE('',(#128),#22,.F.);
#1560=ADVANCED_FACE('',(#129),#1508,.T.);
#1561=ADVANCED_FACE('',(#130),#1509,.T.);
#1562=ADVANCED_FACE('',(#131),#54,.T.);
#1563=ADVANCED_FACE('',(#132),#55,.T.);
#1564=ADVANCED_FACE('',(#133,#25,#26,#27,#28,#29,#30,#31),#56,.F.);
#1565=ADVANCED_FACE('',(#134),#57,.F.);
#1566=ADVANCED_FACE('',(#135),#58,.F.);
#1567=ADVANCED_FACE('',(#136),#59,.F.);
#1568=ADVANCED_FACE('',(#137),#60,.F.);
#1569=ADVANCED_FACE('',(#138),#61,.F.);
#1570=ADVANCED_FACE('',(#139),#62,.F.);
#1571=ADVANCED_FACE('',(#140),#63,.F.);
#1572=ADVANCED_FACE('',(#141),#64,.F.);
#1573=ADVANCED_FACE('',(#142),#65,.F.);
#1574=ADVANCED_FACE('',(#143),#66,.F.);
#1575=ADVANCED_FACE('',(#144),#67,.F.);
#1576=ADVANCED_FACE('',(#145),#68,.F.);
#1577=ADVANCED_FACE('',(#146),#69,.F.);
#1578=ADVANCED_FACE('',(#147),#70,.T.);
#1579=ADVANCED_FACE('',(#148),#71,.F.);
#1580=ADVANCED_FACE('',(#149),#72,.T.);
#1581=ADVANCED_FACE('',(#150),#73,.T.);
#1582=ADVANCED_FACE('',(#151),#74,.T.);
#1583=ADVANCED_FACE('',(#152),#75,.F.);
#1584=ADVANCED_FACE('',(#153),#76,.F.);
#1585=ADVANCED_FACE('',(#154,#32),#77,.T.);
#1586=ADVANCED_FACE('',(#155),#78,.T.);
#1587=ADVANCED_FACE('',(#156),#1510,.F.);
#1588=ADVANCED_FACE('',(#157),#1511,.T.);
#1589=ADVANCED_FACE('',(#158,#33),#79,.T.);
#1590=ADVANCED_FACE('',(#159),#80,.T.);
#1591=ADVANCED_FACE('',(#160),#1512,.F.);
#1592=ADVANCED_FACE('',(#161),#81,.T.);
#1593=ADVANCED_FACE('',(#162),#1513,.F.);
#1594=ADVANCED_FACE('',(#163),#82,.T.);
#1595=ADVANCED_FACE('',(#164),#1514,.F.);
#1596=ADVANCED_FACE('',(#165),#83,.T.);
#1597=ADVANCED_FACE('',(#166),#1515,.F.);
#1598=ADVANCED_FACE('',(#167),#84,.T.);
#1599=ADVANCED_FACE('',(#168),#1516,.F.);
#1600=ADVANCED_FACE('',(#169),#85,.T.);
#1601=ADVANCED_FACE('',(#170),#1517,.F.);
#1602=ADVANCED_FACE('',(#171),#86,.T.);
#1603=ADVANCED_FACE('',(#172),#1518,.T.);
#1604=ADVANCED_FACE('',(#173),#1519,.T.);
#1605=ADVANCED_FACE('',(#174),#1520,.T.);
#1606=ADVANCED_FACE('',(#175),#1521,.T.);
#1607=ADVANCED_FACE('',(#176),#1522,.T.);
#1608=ADVANCED_FACE('',(#177),#1523,.T.);
#1609=ADVANCED_FACE('',(#178,#34),#87,.T.);
#1610=ADVANCED_FACE('',(#179,#35),#88,.T.);
#1611=ADVANCED_FACE('',(#180,#36),#89,.T.);
#1612=ADVANCED_FACE('',(#181,#37),#90,.T.);
#1613=ADVANCED_FACE('',(#182,#38),#91,.T.);
#1614=ADVANCED_FACE('',(#183,#39),#92,.T.);
#1615=CLOSED_SHELL('',(#1524,#1525,#1526,#1527,#1528,#1529,#1530,#1531,
#1532,#1533,#1534,#1535,#1536,#1537,#1538,#1539,#1540,#1541,#1542,#1543,
#1544,#1545,#1546,#1547,#1548,#1549,#1550,#1551,#1552,#1553,#1554,#1555,
#1556,#1557,#1558,#1559,#1560,#1561,#1562,#1563,#1564,#1565,#1566,#1567,
#1568,#1569,#1570,#1571,#1572,#1573,#1574,#1575,#1576,#1577,#1578,#1579,
#1580,#1581,#1582,#1583,#1584,#1585,#1586,#1587,#1588,#1589,#1590,#1591,
#1592,#1593,#1594,#1595,#1596,#1597,#1598,#1599,#1600,#1601,#1602,#1603,
#1604,#1605,#1606,#1607,#1608,#1609,#1610,#1611,#1612,#1613,#1614));
#1616=AXIS2_PLACEMENT_3D('',#2238,#1772,#1773);
#1617=AXIS2_PLACEMENT_3D('',#2239,#1774,#1775);
#1618=AXIS2_PLACEMENT_3D('',#2242,#1776,#1777);
#1619=AXIS2_PLACEMENT_3D('',#2246,#1779,#1780);
#1620=AXIS2_PLACEMENT_3D('',#2248,#1782,#1783);
#1621=AXIS2_PLACEMENT_3D('',#2260,#1790,#1791);
#1622=AXIS2_PLACEMENT_3D('',#2296,#1810,#1811);
#1623=AXIS2_PLACEMENT_3D('',#2298,#1812,#1813);
#1624=AXIS2_PLACEMENT_3D('',#2300,#1814,#1815);
#1625=AXIS2_PLACEMENT_3D('',#2302,#1817,#1818);
#1626=AXIS2_PLACEMENT_3D('',#2312,#1824,#1825);
#1627=AXIS2_PLACEMENT_3D('',#2331,#1835,#1836);
#1628=AXIS2_PLACEMENT_3D('',#2335,#1838,#1839);
#1629=AXIS2_PLACEMENT_3D('',#2339,#1841,#1842);
#1630=AXIS2_PLACEMENT_3D('',#2343,#1844,#1845);
#1631=AXIS2_PLACEMENT_3D('',#2351,#1850,#1851);
#1632=AXIS2_PLACEMENT_3D('',#2352,#1852,#1853);
#1633=AXIS2_PLACEMENT_3D('',#2353,#1854,#1855);
#1634=AXIS2_PLACEMENT_3D('',#2354,#1856,#1857);
#1635=AXIS2_PLACEMENT_3D('',#2362,#1862,#1863);
#1636=AXIS2_PLACEMENT_3D('',#2367,#1865,#1866);
#1637=AXIS2_PLACEMENT_3D('',#2370,#1868,#1869);
#1638=AXIS2_PLACEMENT_3D('',#2371,#1870,#1871);
#1639=AXIS2_PLACEMENT_3D('',#2376,#1874,#1875);
#1640=AXIS2_PLACEMENT_3D('',#2377,#1876,#1877);
#1641=AXIS2_PLACEMENT_3D('',#2382,#1880,#1881);
#1642=AXIS2_PLACEMENT_3D('',#2383,#1882,#1883);
#1643=AXIS2_PLACEMENT_3D('',#2386,#1886,#1887);
#1644=AXIS2_PLACEMENT_3D('',#2392,#1891,#1892);
#1645=AXIS2_PLACEMENT_3D('',#2396,#1895,#1896);
#1646=AXIS2_PLACEMENT_3D('',#2405,#1901,#1902);
#1647=AXIS2_PLACEMENT_3D('',#2406,#1903,#1904);
#1648=AXIS2_PLACEMENT_3D('',#2407,#1905,#1906);
#1649=AXIS2_PLACEMENT_3D('',#2418,#1907,#1908);
#1650=AXIS2_PLACEMENT_3D('',#2419,#1909,#1910);
#1651=AXIS2_PLACEMENT_3D('',#2420,#1911,#1912);
#1652=AXIS2_PLACEMENT_3D('',#2422,#1913,#1914);
#1653=AXIS2_PLACEMENT_3D('',#2433,#1916,#1917);
#1654=AXIS2_PLACEMENT_3D('',#2434,#1918,#1919);
#1655=AXIS2_PLACEMENT_3D('',#2435,#1920,#1921);
#1656=AXIS2_PLACEMENT_3D('',#2436,#1922,#1923);
#1657=AXIS2_PLACEMENT_3D('',#2447,#1924,#1925);
#1658=AXIS2_PLACEMENT_3D('',#2448,#1926,#1927);
#1659=AXIS2_PLACEMENT_3D('',#2449,#1928,#1929);
#1660=AXIS2_PLACEMENT_3D('',#2451,#1930,#1931);
#1661=AXIS2_PLACEMENT_3D('',#2462,#1933,#1934);
#1662=AXIS2_PLACEMENT_3D('',#2463,#1935,#1936);
#1663=AXIS2_PLACEMENT_3D('',#2464,#1937,#1938);
#1664=AXIS2_PLACEMENT_3D('',#2465,#1939,#1940);
#1665=AXIS2_PLACEMENT_3D('',#2466,#1941,#1942);
#1666=AXIS2_PLACEMENT_3D('',#2485,#1947,#1948);
#1667=AXIS2_PLACEMENT_3D('',#2487,#1949,#1950);
#1668=AXIS2_PLACEMENT_3D('',#2488,#1951,#1952);
#1669=AXIS2_PLACEMENT_3D('',#2489,#1953,#1954);
#1670=AXIS2_PLACEMENT_3D('',#2490,#1955,#1956);
#1671=AXIS2_PLACEMENT_3D('',#2492,#1958,#1959);
#1672=AXIS2_PLACEMENT_3D('',#2495,#1961,#1962);
#1673=AXIS2_PLACEMENT_3D('',#2507,#1963,#1964);
#1674=AXIS2_PLACEMENT_3D('',#2508,#1965,#1966);
#1675=AXIS2_PLACEMENT_3D('',#2509,#1967,#1968);
#1676=AXIS2_PLACEMENT_3D('',#2510,#1969,#1970);
#1677=AXIS2_PLACEMENT_3D('',#2522,#1972,#1973);
#1678=AXIS2_PLACEMENT_3D('',#2524,#1974,#1975);
#1679=AXIS2_PLACEMENT_3D('',#2526,#1976,#1977);
#1680=AXIS2_PLACEMENT_3D('',#2527,#1978,#1979);
#1681=AXIS2_PLACEMENT_3D('',#2528,#1980,#1981);
#1682=AXIS2_PLACEMENT_3D('',#2530,#1983,#1984);
#1683=AXIS2_PLACEMENT_3D('',#2533,#1986,#1987);
#1684=AXIS2_PLACEMENT_3D('',#2534,#1988,#1989);
#1685=AXIS2_PLACEMENT_3D('',#2537,#1991,#1992);
#1686=AXIS2_PLACEMENT_3D('',#2547,#1998,#1999);
#1687=AXIS2_PLACEMENT_3D('',#2559,#2001,#2002);
#1688=AXIS2_PLACEMENT_3D('',#2560,#2003,#2004);
#1689=AXIS2_PLACEMENT_3D('',#2561,#2005,#2006);
#1690=AXIS2_PLACEMENT_3D('',#2563,#2008,#2009);
#1691=AXIS2_PLACEMENT_3D('',#2565,#2011,#2012);
#1692=AXIS2_PLACEMENT_3D('',#2566,#2013,#2014);
#1693=AXIS2_PLACEMENT_3D('',#2595,#2031,#2032);
#1694=AXIS2_PLACEMENT_3D('',#2614,#2044,#2045);
#1695=AXIS2_PLACEMENT_3D('',#2616,#2046,#2047);
#1696=AXIS2_PLACEMENT_3D('',#2618,#2048,#2049);
#1697=AXIS2_PLACEMENT_3D('',#2620,#2050,#2051);
#1698=AXIS2_PLACEMENT_3D('',#2622,#2052,#2053);
#1699=AXIS2_PLACEMENT_3D('',#2624,#2054,#2055);
#1700=AXIS2_PLACEMENT_3D('',#2626,#2056,#2057);
#1701=AXIS2_PLACEMENT_3D('',#2627,#2058,#2059);
#1702=AXIS2_PLACEMENT_3D('',#2630,#2062,#2063);
#1703=AXIS2_PLACEMENT_3D('',#2633,#2066,#2067);
#1704=AXIS2_PLACEMENT_3D('',#2635,#2069,#2070);
#1705=AXIS2_PLACEMENT_3D('',#2637,#2072,#2073);
#1706=AXIS2_PLACEMENT_3D('',#2638,#2074,#2075);
#1707=AXIS2_PLACEMENT_3D('',#2639,#2076,#2077);
#1708=AXIS2_PLACEMENT_3D('',#2640,#2078,#2079);
#1709=AXIS2_PLACEMENT_3D('',#2641,#2080,#2081);
#1710=AXIS2_PLACEMENT_3D('',#2642,#2082,#2083);
#1711=AXIS2_PLACEMENT_3D('',#2644,#2085,#2086);
#1712=AXIS2_PLACEMENT_3D('',#2646,#2088,#2089);
#1713=AXIS2_PLACEMENT_3D('',#2647,#2090,#2091);
#1714=AXIS2_PLACEMENT_3D('',#2653,#2095,#2096);
#1715=AXIS2_PLACEMENT_3D('',#2656,#2099,#2100);
#1716=AXIS2_PLACEMENT_3D('',#2662,#2104,#2105);
#1717=AXIS2_PLACEMENT_3D('',#2666,#2108,#2109);
#1718=AXIS2_PLACEMENT_3D('',#2670,#2112,#2113);
#1719=AXIS2_PLACEMENT_3D('',#2672,#2115,#2116);
#1720=AXIS2_PLACEMENT_3D('',#2676,#2119,#2120);
#1721=AXIS2_PLACEMENT_3D('',#2678,#2122,#2123);
#1722=AXIS2_PLACEMENT_3D('',#2679,#2124,#2125);
#1723=AXIS2_PLACEMENT_3D('',#2680,#2126,#2127);
#1724=AXIS2_PLACEMENT_3D('',#2682,#2128,#2129);
#1725=AXIS2_PLACEMENT_3D('',#2685,#2131,#2132);
#1726=AXIS2_PLACEMENT_3D('',#2686,#2133,#2134);
#1727=AXIS2_PLACEMENT_3D('',#2688,#2135,#2136);
#1728=AXIS2_PLACEMENT_3D('',#2690,#2138,#2139);
#1729=AXIS2_PLACEMENT_3D('',#2691,#2140,#2141);
#1730=AXIS2_PLACEMENT_3D('',#2692,#2142,#2143);
#1731=AXIS2_PLACEMENT_3D('',#2694,#2144,#2145);
#1732=AXIS2_PLACEMENT_3D('',#2697,#2147,#2148);
#1733=AXIS2_PLACEMENT_3D('',#2698,#2149,#2150);
#1734=AXIS2_PLACEMENT_3D('',#2699,#2151,#2152);
#1735=AXIS2_PLACEMENT_3D('',#2701,#2153,#2154);
#1736=AXIS2_PLACEMENT_3D('',#2704,#2156,#2157);
#1737=AXIS2_PLACEMENT_3D('',#2705,#2158,#2159);
#1738=AXIS2_PLACEMENT_3D('',#2706,#2160,#2161);
#1739=AXIS2_PLACEMENT_3D('',#2708,#2162,#2163);
#1740=AXIS2_PLACEMENT_3D('',#2711,#2165,#2166);
#1741=AXIS2_PLACEMENT_3D('',#2712,#2167,#2168);
#1742=AXIS2_PLACEMENT_3D('',#2713,#2169,#2170);
#1743=AXIS2_PLACEMENT_3D('',#2715,#2171,#2172);
#1744=AXIS2_PLACEMENT_3D('',#2718,#2174,#2175);
#1745=AXIS2_PLACEMENT_3D('',#2719,#2176,#2177);
#1746=AXIS2_PLACEMENT_3D('',#2720,#2178,#2179);
#1747=AXIS2_PLACEMENT_3D('',#2722,#2180,#2181);
#1748=AXIS2_PLACEMENT_3D('',#2725,#2183,#2184);
#1749=AXIS2_PLACEMENT_3D('',#2726,#2185,#2186);
#1750=AXIS2_PLACEMENT_3D('',#2727,#2187,#2188);
#1751=AXIS2_PLACEMENT_3D('',#2729,#2189,#2190);
#1752=AXIS2_PLACEMENT_3D('',#2732,#2192,#2193);
#1753=AXIS2_PLACEMENT_3D('',#2733,#2194,#2195);
#1754=AXIS2_PLACEMENT_3D('',#2734,#2196,#2197);
#1755=AXIS2_PLACEMENT_3D('',#2736,#2198,#2199);
#1756=AXIS2_PLACEMENT_3D('',#2738,#2201,#2202);
#1757=AXIS2_PLACEMENT_3D('',#2740,#2203,#2204);
#1758=AXIS2_PLACEMENT_3D('',#2742,#2206,#2207);
#1759=AXIS2_PLACEMENT_3D('',#2744,#2208,#2209);
#1760=AXIS2_PLACEMENT_3D('',#2746,#2211,#2212);
#1761=AXIS2_PLACEMENT_3D('',#2748,#2213,#2214);
#1762=AXIS2_PLACEMENT_3D('',#2750,#2216,#2217);
#1763=AXIS2_PLACEMENT_3D('',#2752,#2218,#2219);
#1764=AXIS2_PLACEMENT_3D('',#2754,#2221,#2222);
#1765=AXIS2_PLACEMENT_3D('',#2756,#2223,#2224);
#1766=AXIS2_PLACEMENT_3D('',#2758,#2226,#2227);
#1767=AXIS2_PLACEMENT_3D('',#2759,#2228,#2229);
#1768=AXIS2_PLACEMENT_3D('',#2760,#2230,#2231);
#1769=AXIS2_PLACEMENT_3D('',#2761,#2232,#2233);
#1770=AXIS2_PLACEMENT_3D('',#2762,#2234,#2235);
#1771=AXIS2_PLACEMENT_3D('',#2763,#2236,#2237);
#1772=DIRECTION('axis',(0.,0.,1.));
#1773=DIRECTION('refdir',(1.,0.,0.));
#1774=DIRECTION('center_axis',(1.,0.,0.));
#1775=DIRECTION('ref_axis',(0.,-0.707106781186546,-0.707106781186549));
#1776=DIRECTION('center_axis',(-1.,0.,0.));
#1777=DIRECTION('ref_axis',(0.,-0.707106781186546,-0.707106781186549));
#1778=DIRECTION('',(-1.,0.,0.));
#1779=DIRECTION('center_axis',(1.,0.,0.));
#1780=DIRECTION('ref_axis',(0.,-0.707106781186546,-0.707106781186549));
#1781=DIRECTION('',(1.,0.,0.));
#1782=DIRECTION('center_axis',(1.,0.,0.));
#1783=DIRECTION('ref_axis',(0.,0.,-1.));
#1784=DIRECTION('',(0.,0.,-1.));
#1785=DIRECTION('',(0.,1.,0.));
#1786=DIRECTION('',(0.,0.,-1.));
#1787=DIRECTION('',(0.,1.,0.));
#1788=DIRECTION('',(0.,0.,-1.));
#1789=DIRECTION('',(0.,1.,0.));
#1790=DIRECTION('center_axis',(0.,-1.,0.));
#1791=DIRECTION('ref_axis',(0.,0.,-1.));
#1792=DIRECTION('',(0.,0.,1.));
#1793=DIRECTION('',(1.,0.,0.));
#1794=DIRECTION('',(0.,0.,-1.));
#1795=DIRECTION('',(-1.,0.,0.));
#1796=DIRECTION('',(0.,0.,-1.));
#1797=DIRECTION('',(1.,0.,0.));
#1798=DIRECTION('',(0.,0.,1.));
#1799=DIRECTION('',(-1.,0.,0.));
#1800=DIRECTION('',(0.,0.,1.));
#1801=DIRECTION('',(1.,0.,0.));
#1802=DIRECTION('',(0.,0.,-1.));
#1803=DIRECTION('',(-1.,0.,0.));
#1804=DIRECTION('',(0.,0.,1.));
#1805=DIRECTION('',(1.,0.,0.));
#1806=DIRECTION('',(0.,0.,-1.));
#1807=DIRECTION('',(-1.,0.,0.));
#1808=DIRECTION('',(0.,0.,1.));
#1809=DIRECTION('',(1.,0.,0.));
#1810=DIRECTION('center_axis',(1.,0.,0.));
#1811=DIRECTION('ref_axis',(0.,-0.707106781186546,-0.707106781186549));
#1812=DIRECTION('center_axis',(-1.,0.,0.));
#1813=DIRECTION('ref_axis',(0.,-0.707106781186546,-0.707106781186549));
#1814=DIRECTION('center_axis',(1.,0.,0.));
#1815=DIRECTION('ref_axis',(0.,-0.707106781186546,-0.707106781186549));
#1816=DIRECTION('',(1.,0.,0.));
#1817=DIRECTION('center_axis',(-1.,0.,0.));
#1818=DIRECTION('ref_axis',(0.,0.,1.));
#1819=DIRECTION('',(0.,-1.,0.));
#1820=DIRECTION('',(0.,0.,1.));
#1821=DIRECTION('',(0.,-1.,0.));
#1822=DIRECTION('',(0.,0.,1.));
#1823=DIRECTION('',(0.,1.,0.));
#1824=DIRECTION('center_axis',(0.,0.,-1.));
#1825=DIRECTION('ref_axis',(-1.,0.,0.));
#1826=DIRECTION('',(-1.,0.,0.));
#1827=DIRECTION('',(0.,1.,0.));
#1828=DIRECTION('',(-1.,0.,0.));
#1829=DIRECTION('',(0.,-1.,0.));
#1830=DIRECTION('',(1.,0.,0.));
#1831=DIRECTION('',(0.,1.,0.));
#1832=DIRECTION('',(-1.,0.,0.));
#1833=DIRECTION('',(0.,-1.,0.));
#1834=DIRECTION('',(1.,0.,0.));
#1835=DIRECTION('center_axis',(0.,0.,1.));
#1836=DIRECTION('ref_axis',(-0.707106781186548,-0.707106781186547,0.));
#1837=DIRECTION('',(0.,-1.,0.));
#1838=DIRECTION('center_axis',(0.,0.,1.));
#1839=DIRECTION('ref_axis',(-0.707106781186547,0.707106781186548,0.));
#1840=DIRECTION('',(-1.,0.,0.));
#1841=DIRECTION('center_axis',(0.,0.,1.));
#1842=DIRECTION('ref_axis',(0.707106781186549,0.707106781186546,0.));
#1843=DIRECTION('',(0.,1.,0.));
#1844=DIRECTION('center_axis',(0.,0.,1.));
#1845=DIRECTION('ref_axis',(0.707106781186547,-0.707106781186547,0.));
#1846=DIRECTION('',(1.,0.,0.));
#1847=DIRECTION('',(0.,1.,0.));
#1848=DIRECTION('',(-1.,0.,0.));
#1849=DIRECTION('',(0.,-1.,0.));
#1850=DIRECTION('center_axis',(1.,0.,0.));
#1851=DIRECTION('ref_axis',(0.,-0.707106781186546,-0.707106781186549));
#1852=DIRECTION('center_axis',(-1.,0.,0.));
#1853=DIRECTION('ref_axis',(0.,-0.707106781186546,-0.707106781186549));
#1854=DIRECTION('center_axis',(1.,0.,0.));
#1855=DIRECTION('ref_axis',(0.,-0.707106781186546,-0.707106781186549));
#1856=DIRECTION('center_axis',(1.,0.,0.));
#1857=DIRECTION('ref_axis',(0.,0.,-1.));
#1858=DIRECTION('',(0.,1.,0.));
#1859=DIRECTION('',(0.,0.,-1.));
#1860=DIRECTION('',(0.,1.,0.));
#1861=DIRECTION('',(0.,0.,-1.));
#1862=DIRECTION('center_axis',(1.,0.,0.));
#1863=DIRECTION('ref_axis',(0.,0.707106781186548,-0.707106781186548));
#1864=DIRECTION('',(1.,0.,0.));
#1865=DIRECTION('center_axis',(-0.707106781186543,0.,0.707106781186552));
#1866=DIRECTION('ref_axis',(-0.707106781186552,0.,-0.707106781186543));
#1867=DIRECTION('',(-1.,0.,0.));
#1868=DIRECTION('center_axis',(-0.707106781186543,0.,-0.707106781186552));
#1869=DIRECTION('ref_axis',(0.707106781186552,0.,-0.707106781186543));
#1870=DIRECTION('center_axis',(0.,0.,-1.));
#1871=DIRECTION('ref_axis',(-0.707106781186552,0.707106781186543,0.));
#1872=DIRECTION('',(0.,0.,1.));
#1873=DIRECTION('',(0.,0.,-1.));
#1874=DIRECTION('center_axis',(0.707106781186543,0.,0.707106781186552));
#1875=DIRECTION('ref_axis',(-0.707106781186552,0.,0.707106781186543));
#1876=DIRECTION('center_axis',(-1.,0.,0.));
#1877=DIRECTION('ref_axis',(0.,0.707106781186548,0.707106781186548));
#1878=DIRECTION('',(1.,0.,0.));
#1879=DIRECTION('',(-1.,0.,0.));
#1880=DIRECTION('center_axis',(0.707106781186543,0.,-0.707106781186552));
#1881=DIRECTION('ref_axis',(0.707106781186552,0.,0.707106781186543));
#1882=DIRECTION('center_axis',(0.,0.,1.));
#1883=DIRECTION('ref_axis',(0.707106781186552,0.707106781186543,0.));
#1884=DIRECTION('',(0.,0.,-1.));
#1885=DIRECTION('',(0.,0.,1.));
#1886=DIRECTION('center_axis',(-1.,0.,0.));
#1887=DIRECTION('ref_axis',(0.,0.,-1.));
#1888=DIRECTION('',(0.,-1.,0.));
#1889=DIRECTION('',(0.,0.,1.));
#1890=DIRECTION('',(0.,-1.,0.));
#1891=DIRECTION('center_axis',(0.,0.,1.));
#1892=DIRECTION('ref_axis',(-1.,0.,0.));
#1893=DIRECTION('',(0.,-1.,0.));
#1894=DIRECTION('',(1.,0.,0.));
#1895=DIRECTION('center_axis',(0.,-1.,0.));
#1896=DIRECTION('ref_axis',(0.,0.,-1.));
#1897=DIRECTION('',(1.,0.,0.));
#1898=DIRECTION('',(0.,0.,-1.));
#1899=DIRECTION('',(-1.,0.,0.));
#1900=DIRECTION('',(0.,0.,1.));
#1901=DIRECTION('center_axis',(1.,0.,0.));
#1902=DIRECTION('ref_axis',(0.,-0.707106781186547,-0.707106781186547));
#1903=DIRECTION('center_axis',(1.,0.,0.));
#1904=DIRECTION('ref_axis',(0.,-0.707106781186547,-0.707106781186547));
#1905=DIRECTION('center_axis',(-1.,0.,0.));
#1906=DIRECTION('ref_axis',(0.,0.,-1.));
#1907=DIRECTION('center_axis',(0.,-1.,0.));
#1908=DIRECTION('ref_axis',(0.,0.,-1.));
#1909=DIRECTION('center_axis',(0.,0.,-1.));
#1910=DIRECTION('ref_axis',(0.707106781186547,-0.707106781186547,0.));
#1911=DIRECTION('center_axis',(0.,1.,0.));
#1912=DIRECTION('ref_axis',(0.707106781186547,0.,-0.707106781186547));
#1913=DIRECTION('center_axis',(0.,-1.,0.));
#1914=DIRECTION('ref_axis',(0.,0.,-1.));
#1915=DIRECTION('',(0.,-1.,0.));
#1916=DIRECTION('center_axis',(1.,0.,0.));
#1917=DIRECTION('ref_axis',(0.,0.,-1.));
#1918=DIRECTION('center_axis',(0.,0.,-1.));
#1919=DIRECTION('ref_axis',(0.707106781186549,0.707106781186546,0.));
#1920=DIRECTION('center_axis',(1.,0.,0.));
#1921=DIRECTION('ref_axis',(0.,0.707106781186547,-0.707106781186548));
#1922=DIRECTION('center_axis',(1.,0.,0.));
#1923=DIRECTION('ref_axis',(0.,0.,-1.));
#1924=DIRECTION('center_axis',(0.,1.,0.));
#1925=DIRECTION('ref_axis',(0.,0.,-1.));
#1926=DIRECTION('center_axis',(0.,0.,-1.));
#1927=DIRECTION('ref_axis',(-0.707106781186547,0.707106781186548,0.));
#1928=DIRECTION('center_axis',(0.,-1.,0.));
#1929=DIRECTION('ref_axis',(-0.707106781186547,0.,-0.707106781186547));
#1930=DIRECTION('center_axis',(0.,1.,0.));
#1931=DIRECTION('ref_axis',(0.,0.,-1.));
#1932=DIRECTION('',(0.,1.,0.));
#1933=DIRECTION('center_axis',(-1.,0.,0.));
#1934=DIRECTION('ref_axis',(0.,0.,-1.));
#1935=DIRECTION('center_axis',(0.,0.,-1.));
#1936=DIRECTION('ref_axis',(-0.707106781186548,-0.707106781186547,0.));
#1937=DIRECTION('center_axis',(1.,0.,0.));
#1938=DIRECTION('ref_axis',(0.,-0.707106781186547,-0.707106781186547));
#1939=DIRECTION('center_axis',(-1.,0.,0.));
#1940=DIRECTION('ref_axis',(0.,-0.707106781186547,-0.707106781186547));
#1941=DIRECTION('center_axis',(1.,0.,0.));
#1942=DIRECTION('ref_axis',(0.,0.,-1.));
#1943=DIRECTION('',(0.,1.,0.));
#1944=DIRECTION('',(0.,0.,-1.));
#1945=DIRECTION('',(0.,1.,0.));
#1946=DIRECTION('',(0.,0.,-1.));
#1947=DIRECTION('center_axis',(0.,-1.,0.));
#1948=DIRECTION('ref_axis',(1.,0.,0.));
#1949=DIRECTION('center_axis',(0.,0.,-1.));
#1950=DIRECTION('ref_axis',(0.707106781186564,-0.707106781186531,0.));
#1951=DIRECTION('center_axis',(1.,0.,0.));
#1952=DIRECTION('ref_axis',(0.,0.,1.));
#1953=DIRECTION('center_axis',(0.,0.,1.));
#1954=DIRECTION('ref_axis',(0.707106781186564,-0.707106781186531,0.));
#1955=DIRECTION('center_axis',(0.,0.,1.));
#1956=DIRECTION('ref_axis',(0.70710678118655,-0.707106781186545,0.));
#1957=DIRECTION('',(0.,0.,1.));
#1958=DIRECTION('center_axis',(-1.,0.,0.));
#1959=DIRECTION('ref_axis',(0.,-0.707106781186549,0.707106781186546));
#1960=DIRECTION('',(-1.,0.,0.));
#1961=DIRECTION('center_axis',(-1.,0.,0.));
#1962=DIRECTION('ref_axis',(0.,-1.,0.));
#1963=DIRECTION('center_axis',(0.,-1.,0.));
#1964=DIRECTION('ref_axis',(0.,0.,1.));
#1965=DIRECTION('center_axis',(0.,0.,1.));
#1966=DIRECTION('ref_axis',(-0.707106781186552,-0.707106781186543,0.));
#1967=DIRECTION('center_axis',(0.,0.,-1.));
#1968=DIRECTION('ref_axis',(-0.707106781186552,-0.707106781186543,0.));
#1969=DIRECTION('center_axis',(0.,0.,-1.));
#1970=DIRECTION('ref_axis',(-0.707106781186548,-0.707106781186547,0.));
#1971=DIRECTION('',(0.,0.,-1.));
#1972=DIRECTION('center_axis',(-1.,0.,0.));
#1973=DIRECTION('ref_axis',(0.,-1.48029736616688E-15,1.));
#1974=DIRECTION('center_axis',(0.,0.,1.));
#1975=DIRECTION('ref_axis',(-0.707106781186556,0.707106781186539,0.));
#1976=DIRECTION('center_axis',(0.,1.,0.));
#1977=DIRECTION('ref_axis',(-1.,0.,0.));
#1978=DIRECTION('center_axis',(0.,0.,-1.));
#1979=DIRECTION('ref_axis',(-0.707106781186556,0.707106781186539,0.));
#1980=DIRECTION('center_axis',(0.,0.,-1.));
#1981=DIRECTION('ref_axis',(-0.70710678118655,0.707106781186545,0.));
#1982=DIRECTION('',(0.,0.,1.));
#1983=DIRECTION('center_axis',(-1.,0.,0.));
#1984=DIRECTION('ref_axis',(0.,0.707106781186548,0.707106781186547));
#1985=DIRECTION('',(1.,0.,0.));
#1986=DIRECTION('center_axis',(1.,0.,0.));
#1987=DIRECTION('ref_axis',(0.,1.,0.));
#1988=DIRECTION('center_axis',(0.,0.,1.));
#1989=DIRECTION('ref_axis',(1.,0.,0.));
#1990=DIRECTION('',(0.,-1.,0.));
#1991=DIRECTION('center_axis',(0.,0.,-1.));
#1992=DIRECTION('ref_axis',(0.707106781186562,0.707106781186533,0.));
#1993=DIRECTION('',(0.,1.,0.));
#1994=DIRECTION('',(0.,1.,0.));
#1995=DIRECTION('',(1.,0.,0.));
#1996=DIRECTION('',(0.,-1.,0.));
#1997=DIRECTION('',(-1.,0.,0.));
#1998=DIRECTION('center_axis',(0.,-1.,0.));
#1999=DIRECTION('ref_axis',(-0.707106781186547,0.,0.707106781186548));
#2000=DIRECTION('',(0.,-1.,0.));
#2001=DIRECTION('center_axis',(0.,1.,0.));
#2002=DIRECTION('ref_axis',(2.368475785867E-14,0.,1.));
#2003=DIRECTION('center_axis',(0.,0.,1.));
#2004=DIRECTION('ref_axis',(0.707106781186562,0.707106781186533,0.));
#2005=DIRECTION('center_axis',(0.,0.,1.));
#2006=DIRECTION('ref_axis',(0.70710678118655,0.707106781186545,0.));
#2007=DIRECTION('',(0.,0.,-1.));
#2008=DIRECTION('center_axis',(0.,1.,0.));
#2009=DIRECTION('ref_axis',(0.707106781186544,0.,0.707106781186551));
#2010=DIRECTION('',(0.,1.,0.));
#2011=DIRECTION('center_axis',(-1.,0.,0.));
#2012=DIRECTION('ref_axis',(0.,0.,1.));
#2013=DIRECTION('center_axis',(0.,1.,0.));
#2014=DIRECTION('ref_axis',(-1.,0.,0.));
#2015=DIRECTION('',(1.,0.,0.));
#2016=DIRECTION('',(0.,0.,1.));
#2017=DIRECTION('',(1.,0.,0.));
#2018=DIRECTION('',(1.,0.,0.));
#2019=DIRECTION('',(1.,0.,0.));
#2020=DIRECTION('',(0.,0.,-1.));
#2021=DIRECTION('',(1.,0.,0.));
#2022=DIRECTION('',(0.,0.,1.));
#2023=DIRECTION('',(1.,0.,0.));
#2024=DIRECTION('',(1.,0.,0.));
#2025=DIRECTION('',(0.,0.,1.));
#2026=DIRECTION('',(1.,0.,0.));
#2027=DIRECTION('',(0.,0.,1.));
#2028=DIRECTION('',(1.,0.,0.));
#2029=DIRECTION('',(0.,0.,1.));
#2030=DIRECTION('',(1.,0.,0.));
#2031=DIRECTION('center_axis',(0.,0.,-1.));
#2032=DIRECTION('ref_axis',(-1.,0.,0.));
#2033=DIRECTION('',(0.,1.,0.));
#2034=DIRECTION('',(-1.,0.,0.));
#2035=DIRECTION('',(0.,-1.,0.));
#2036=DIRECTION('',(0.,-1.,0.));
#2037=DIRECTION('',(-1.,0.,0.));
#2038=DIRECTION('',(0.,-1.,0.));
#2039=DIRECTION('',(-1.,0.,0.));
#2040=DIRECTION('',(0.,1.,0.));
#2041=DIRECTION('',(-1.,0.,0.));
#2042=DIRECTION('',(0.,-1.,0.));
#2043=DIRECTION('',(-1.,0.,0.));
#2044=DIRECTION('center_axis',(0.,0.,-1.));
#2045=DIRECTION('ref_axis',(-1.,0.,0.));
#2046=DIRECTION('center_axis',(0.,0.,-1.));
#2047=DIRECTION('ref_axis',(-1.,0.,0.));
#2048=DIRECTION('center_axis',(0.,0.,-1.));
#2049=DIRECTION('ref_axis',(-1.,0.,0.));
#2050=DIRECTION('center_axis',(0.,0.,-1.));
#2051=DIRECTION('ref_axis',(-1.,0.,0.));
#2052=DIRECTION('center_axis',(0.,0.,-1.));
#2053=DIRECTION('ref_axis',(-1.,0.,0.));
#2054=DIRECTION('center_axis',(0.,0.,-1.));
#2055=DIRECTION('ref_axis',(-1.,0.,0.));
#2056=DIRECTION('center_axis',(0.,0.,-1.));
#2057=DIRECTION('ref_axis',(-1.,0.,0.));
#2058=DIRECTION('center_axis',(1.,0.,0.));
#2059=DIRECTION('ref_axis',(0.,0.,-1.));
#2060=DIRECTION('',(0.,1.,0.));
#2061=DIRECTION('',(0.,0.,-1.));
#2062=DIRECTION('center_axis',(-1.,0.,0.));
#2063=DIRECTION('ref_axis',(0.,0.,1.));
#2064=DIRECTION('',(0.,0.,1.));
#2065=DIRECTION('',(0.,1.,0.));
#2066=DIRECTION('center_axis',(0.,0.,1.));
#2067=DIRECTION('ref_axis',(1.,0.,0.));
#2068=DIRECTION('',(0.,1.,0.));
#2069=DIRECTION('center_axis',(-1.,0.,0.));
#2070=DIRECTION('ref_axis',(0.,0.,1.));
#2071=DIRECTION('',(0.,0.,1.));
#2072=DIRECTION('center_axis',(0.,1.,0.));
#2073=DIRECTION('ref_axis',(0.,0.,1.));
#2074=DIRECTION('center_axis',(0.,0.,1.));
#2075=DIRECTION('ref_axis',(1.,0.,0.));
#2076=DIRECTION('center_axis',(0.,1.,0.));
#2077=DIRECTION('ref_axis',(0.,0.,1.));
#2078=DIRECTION('center_axis',(0.,0.,1.));
#2079=DIRECTION('ref_axis',(1.,0.,0.));
#2080=DIRECTION('center_axis',(0.,1.,0.));
#2081=DIRECTION('ref_axis',(0.,0.,1.));
#2082=DIRECTION('center_axis',(0.,0.,1.));
#2083=DIRECTION('ref_axis',(1.,0.,0.));
#2084=DIRECTION('',(0.,1.,0.));
#2085=DIRECTION('center_axis',(-1.,0.,0.));
#2086=DIRECTION('ref_axis',(0.,0.,1.));
#2087=DIRECTION('',(0.,0.,1.));
#2088=DIRECTION('center_axis',(0.,1.,0.));
#2089=DIRECTION('ref_axis',(0.,0.,1.));
#2090=DIRECTION('center_axis',(0.,-1.,0.));
#2091=DIRECTION('ref_axis',(0.,0.,-1.));
#2092=DIRECTION('',(0.,0.,-1.));
#2093=DIRECTION('',(0.,0.,1.));
#2094=DIRECTION('',(1.,0.,0.));
#2095=DIRECTION('center_axis',(0.,0.,-1.));
#2096=DIRECTION('ref_axis',(-1.,0.,0.));
#2097=DIRECTION('',(0.,1.,0.));
#2098=DIRECTION('',(0.,-1.,0.));
#2099=DIRECTION('center_axis',(0.,1.,0.));
#2100=DIRECTION('ref_axis',(0.,0.,1.));
#2101=DIRECTION('',(-1.,0.,0.));
#2102=DIRECTION('',(0.,0.,-1.));
#2103=DIRECTION('',(0.,0.,1.));
#2104=DIRECTION('center_axis',(1.,0.,0.));
#2105=DIRECTION('ref_axis',(0.,1.,0.));
#2106=DIRECTION('',(0.,0.,1.));
#2107=DIRECTION('',(0.,-1.,0.));
#2108=DIRECTION('center_axis',(-1.,0.,0.));
#2109=DIRECTION('ref_axis',(0.,-1.,0.));
#2110=DIRECTION('',(0.,1.,0.));
#2111=DIRECTION('',(0.,0.,-1.));
#2112=DIRECTION('center_axis',(0.,0.,-1.));
#2113=DIRECTION('ref_axis',(1.,0.,0.));
#2114=DIRECTION('',(-1.,0.,0.));
#2115=DIRECTION('center_axis',(0.,0.,-1.));
#2116=DIRECTION('ref_axis',(1.,0.,0.));
#2117=DIRECTION('',(-1.,0.,0.));
#2118=DIRECTION('',(0.,-1.,0.));
#2119=DIRECTION('center_axis',(1.,0.,0.));
#2120=DIRECTION('ref_axis',(0.,0.,1.));
#2121=DIRECTION('',(0.,0.,-1.));
#2122=DIRECTION('center_axis',(0.,-1.,0.));
#2123=DIRECTION('ref_axis',(1.,0.,0.));
#2124=DIRECTION('center_axis',(1.,0.,0.));
#2125=DIRECTION('ref_axis',(0.,0.,-1.));
#2126=DIRECTION('center_axis',(0.,0.,1.));
#2127=DIRECTION('ref_axis',(-1.,0.,0.));
#2128=DIRECTION('center_axis',(0.,0.,-1.));
#2129=DIRECTION('ref_axis',(-1.,0.,0.));
#2130=DIRECTION('',(0.,0.,-1.));
#2131=DIRECTION('center_axis',(0.,0.,1.));
#2132=DIRECTION('ref_axis',(-1.,0.,0.));
#2133=DIRECTION('center_axis',(0.,0.,1.));
#2134=DIRECTION('ref_axis',(-1.,0.,0.));
#2135=DIRECTION('center_axis',(0.,0.,1.));
#2136=DIRECTION('ref_axis',(-1.,0.,0.));
#2137=DIRECTION('',(0.,0.,-1.));
#2138=DIRECTION('center_axis',(0.,0.,1.));
#2139=DIRECTION('ref_axis',(-1.,0.,0.));
#2140=DIRECTION('center_axis',(0.,0.,1.));
#2141=DIRECTION('ref_axis',(-1.,0.,0.));
#2142=DIRECTION('center_axis',(0.,0.,-1.));
#2143=DIRECTION('ref_axis',(-1.,0.,0.));
#2144=DIRECTION('center_axis',(0.,0.,-1.));
#2145=DIRECTION('ref_axis',(-1.,0.,0.));
#2146=DIRECTION('',(0.,0.,-1.));
#2147=DIRECTION('center_axis',(0.,0.,-1.));
#2148=DIRECTION('ref_axis',(-1.,0.,0.));
#2149=DIRECTION('center_axis',(0.,0.,1.));
#2150=DIRECTION('ref_axis',(-1.,0.,0.));
#2151=DIRECTION('center_axis',(0.,0.,-1.));
#2152=DIRECTION('ref_axis',(-1.,0.,0.));
#2153=DIRECTION('center_axis',(0.,0.,-1.));
#2154=DIRECTION('ref_axis',(-1.,0.,0.));
#2155=DIRECTION('',(0.,0.,-1.));
#2156=DIRECTION('center_axis',(0.,0.,-1.));
#2157=DIRECTION('ref_axis',(-1.,0.,0.));
#2158=DIRECTION('center_axis',(0.,0.,1.));
#2159=DIRECTION('ref_axis',(-1.,0.,0.));
#2160=DIRECTION('center_axis',(0.,0.,-1.));
#2161=DIRECTION('ref_axis',(-1.,0.,0.));
#2162=DIRECTION('center_axis',(0.,0.,-1.));
#2163=DIRECTION('ref_axis',(-1.,0.,0.));
#2164=DIRECTION('',(0.,0.,-1.));
#2165=DIRECTION('center_axis',(0.,0.,-1.));
#2166=DIRECTION('ref_axis',(-1.,0.,0.));
#2167=DIRECTION('center_axis',(0.,0.,1.));
#2168=DIRECTION('ref_axis',(-1.,0.,0.));
#2169=DIRECTION('center_axis',(0.,0.,-1.));
#2170=DIRECTION('ref_axis',(-1.,0.,0.));
#2171=DIRECTION('center_axis',(0.,0.,-1.));
#2172=DIRECTION('ref_axis',(-1.,0.,0.));
#2173=DIRECTION('',(0.,0.,-1.));
#2174=DIRECTION('center_axis',(0.,0.,-1.));
#2175=DIRECTION('ref_axis',(-1.,0.,0.));
#2176=DIRECTION('center_axis',(0.,0.,1.));
#2177=DIRECTION('ref_axis',(-1.,0.,0.));
#2178=DIRECTION('center_axis',(0.,0.,-1.));
#2179=DIRECTION('ref_axis',(-1.,0.,0.));
#2180=DIRECTION('center_axis',(0.,0.,-1.));
#2181=DIRECTION('ref_axis',(-1.,0.,0.));
#2182=DIRECTION('',(0.,0.,-1.));
#2183=DIRECTION('center_axis',(0.,0.,-1.));
#2184=DIRECTION('ref_axis',(-1.,0.,0.));
#2185=DIRECTION('center_axis',(0.,0.,1.));
#2186=DIRECTION('ref_axis',(-1.,0.,0.));
#2187=DIRECTION('center_axis',(0.,0.,-1.));
#2188=DIRECTION('ref_axis',(-1.,0.,0.));
#2189=DIRECTION('center_axis',(0.,0.,-1.));
#2190=DIRECTION('ref_axis',(-1.,0.,0.));
#2191=DIRECTION('',(0.,0.,-1.));
#2192=DIRECTION('center_axis',(0.,0.,-1.));
#2193=DIRECTION('ref_axis',(-1.,0.,0.));
#2194=DIRECTION('center_axis',(0.,0.,1.));
#2195=DIRECTION('ref_axis',(-1.,0.,0.));
#2196=DIRECTION('center_axis',(0.,0.,1.));
#2197=DIRECTION('ref_axis',(-1.,0.,0.));
#2198=DIRECTION('center_axis',(0.,0.,1.));
#2199=DIRECTION('ref_axis',(-1.,0.,0.));
#2200=DIRECTION('',(0.,0.,-1.));
#2201=DIRECTION('center_axis',(0.,0.,1.));
#2202=DIRECTION('ref_axis',(-1.,0.,0.));
#2203=DIRECTION('center_axis',(0.,0.,1.));
#2204=DIRECTION('ref_axis',(-1.,0.,0.));
#2205=DIRECTION('',(0.,0.,-1.));
#2206=DIRECTION('center_axis',(0.,0.,1.));
#2207=DIRECTION('ref_axis',(-1.,0.,0.));
#2208=DIRECTION('center_axis',(0.,0.,1.));
#2209=DIRECTION('ref_axis',(-1.,0.,0.));
#2210=DIRECTION('',(0.,0.,-1.));
#2211=DIRECTION('center_axis',(0.,0.,1.));
#2212=DIRECTION('ref_axis',(-1.,0.,0.));
#2213=DIRECTION('center_axis',(0.,0.,1.));
#2214=DIRECTION('ref_axis',(-1.,0.,0.));
#2215=DIRECTION('',(0.,0.,-1.));
#2216=DIRECTION('center_axis',(0.,0.,1.));
#2217=DIRECTION('ref_axis',(-1.,0.,0.));
#2218=DIRECTION('center_axis',(0.,0.,1.));
#2219=DIRECTION('ref_axis',(-1.,0.,0.));
#2220=DIRECTION('',(0.,0.,-1.));
#2221=DIRECTION('center_axis',(0.,0.,1.));
#2222=DIRECTION('ref_axis',(-1.,0.,0.));
#2223=DIRECTION('center_axis',(0.,0.,1.));
#2224=DIRECTION('ref_axis',(-1.,0.,0.));
#2225=DIRECTION('',(0.,0.,-1.));
#2226=DIRECTION('center_axis',(0.,0.,1.));
#2227=DIRECTION('ref_axis',(-1.,0.,0.));
#2228=DIRECTION('center_axis',(0.,0.,1.));
#2229=DIRECTION('ref_axis',(-1.,0.,0.));
#2230=DIRECTION('center_axis',(0.,0.,1.));
#2231=DIRECTION('ref_axis',(-1.,0.,0.));
#2232=DIRECTION('center_axis',(0.,0.,1.));
#2233=DIRECTION('ref_axis',(-1.,0.,0.));
#2234=DIRECTION('center_axis',(0.,0.,1.));
#2235=DIRECTION('ref_axis',(-1.,0.,0.));
#2236=DIRECTION('center_axis',(0.,0.,1.));
#2237=DIRECTION('ref_axis',(-1.,0.,0.));
#2238=CARTESIAN_POINT('',(0.,0.,0.));
#2239=CARTESIAN_POINT('Origin',(99.0000002458692,-151.25,3.25));
#2240=CARTESIAN_POINT('',(117.000001743436,-151.25,0.5));
#2241=CARTESIAN_POINT('',(117.000001743436,-154.,3.25));
#2242=CARTESIAN_POINT('Origin',(117.000001743436,-151.25,3.25));
#2243=CARTESIAN_POINT('',(115.000001713634,-154.,3.25));
#2244=CARTESIAN_POINT('',(99.0000002458692,-154.,3.25));
#2245=CARTESIAN_POINT('',(115.000001713634,-151.25,0.499999999999999));
#2246=CARTESIAN_POINT('Origin',(115.000001713634,-151.25,3.25));
#2247=CARTESIAN_POINT('',(99.0000002458692,-151.25,0.5));
#2248=CARTESIAN_POINT('Origin',(115.000001713634,-154.,15.0000002235174));
#2249=CARTESIAN_POINT('',(115.000001713634,-154.,15.0000002235174));
#2250=CARTESIAN_POINT('',(115.000001713634,-154.,11.7500001117587));
#2251=CARTESIAN_POINT('',(115.000001713634,-151.000002235174,15.0000002235174));
#2252=CARTESIAN_POINT('',(115.000001713634,-154.,15.0000002235174));
#2253=CARTESIAN_POINT('',(115.000001713634,-151.000002235174,4.5));
#2254=CARTESIAN_POINT('',(115.000001713634,-151.000002235174,11.7500001117587));
#2255=CARTESIAN_POINT('',(115.000001713634,-149.,4.5));
#2256=CARTESIAN_POINT('',(115.000001713634,-119.500000074506,4.5));
#2257=CARTESIAN_POINT('',(115.000001713634,-149.,0.499999999999998));
#2258=CARTESIAN_POINT('',(115.000001713634,-149.,15.0000002235174));
#2259=CARTESIAN_POINT('',(115.000001713634,-119.500000074506,0.499999999999999));
#2260=CARTESIAN_POINT('Origin',(17.0000003278255,-154.,8.5));
#2261=CARTESIAN_POINT('',(117.000001743436,-154.,15.0000002235174));
#2262=CARTESIAN_POINT('',(117.000001743436,-154.,4.5));
#2263=CARTESIAN_POINT('',(119.000001773238,-154.,15.0000002235174));
#2264=CARTESIAN_POINT('',(67.0000010356307,-154.,15.0000002235174));
#2265=CARTESIAN_POINT('',(119.000001773238,-154.,3.));
#2266=CARTESIAN_POINT('',(119.000001773238,-154.,11.7500001117587));
#2267=CARTESIAN_POINT('',(340.5,-154.,3.));
#2268=CARTESIAN_POINT('',(99.0000002458692,-154.,3.));
#2269=CARTESIAN_POINT('',(340.5,-154.,25.5));
#2270=CARTESIAN_POINT('',(340.5,-154.,6.5));
#2271=CARTESIAN_POINT('',(21.5000003278255,-154.,25.5));
#2272=CARTESIAN_POINT('',(99.0000002458692,-154.,25.5));
#2273=CARTESIAN_POINT('',(21.5000003278255,-154.,3.));
#2274=CARTESIAN_POINT('',(21.5000003278255,-154.,6.5));
#2275=CARTESIAN_POINT('',(105.000001564622,-154.,3.));
#2276=CARTESIAN_POINT('',(99.0000002458692,-154.,3.));
#2277=CARTESIAN_POINT('',(105.000001564622,-154.,15.0000002235174));
#2278=CARTESIAN_POINT('',(105.000001564622,-154.,4.5));
#2279=CARTESIAN_POINT('',(107.000001594424,-154.,15.0000002235174));
#2280=CARTESIAN_POINT('',(61.0000009462237,-154.,15.0000002235174));
#2281=CARTESIAN_POINT('',(107.000001594424,-154.,3.25));
#2282=CARTESIAN_POINT('',(107.000001594424,-154.,11.7500001117587));
#2283=CARTESIAN_POINT('',(109.000001624227,-154.,3.25));
#2284=CARTESIAN_POINT('',(99.0000002458692,-154.,3.25));
#2285=CARTESIAN_POINT('',(109.000001624227,-154.,15.0000002235174));
#2286=CARTESIAN_POINT('',(109.000001624227,-154.,4.5));
#2287=CARTESIAN_POINT('',(111.000001654029,-154.,15.0000002235174));
#2288=CARTESIAN_POINT('',(63.0000009760261,-154.,15.0000002235174));
#2289=CARTESIAN_POINT('',(111.000001654029,-154.,3.25));
#2290=CARTESIAN_POINT('',(111.000001654029,-154.,11.7500001117587));
#2291=CARTESIAN_POINT('',(113.000001683831,-154.,3.25));
#2292=CARTESIAN_POINT('',(99.0000002458692,-154.,3.25));
#2293=CARTESIAN_POINT('',(113.000001683831,-154.,15.0000002235174));
#2294=CARTESIAN_POINT('',(113.000001683831,-154.,4.5));
#2295=CARTESIAN_POINT('',(65.0000010058284,-154.,15.0000002235174));
#2296=CARTESIAN_POINT('Origin',(99.0000002458692,-151.25,3.25));
#2297=CARTESIAN_POINT('',(113.000001683831,-151.25,0.5));
#2298=CARTESIAN_POINT('Origin',(113.000001683831,-151.25,3.25));
#2299=CARTESIAN_POINT('',(111.000001654029,-151.25,0.499999999999999));
#2300=CARTESIAN_POINT('Origin',(111.000001654029,-151.25,3.25));
#2301=CARTESIAN_POINT('',(99.0000002458692,-151.25,0.5));
#2302=CARTESIAN_POINT('Origin',(113.000001683831,-154.,0.499999999999999));
#2303=CARTESIAN_POINT('',(113.000001683831,-149.,0.499999999999999));
#2304=CARTESIAN_POINT('',(113.000001683831,-119.500000074506,0.5));
#2305=CARTESIAN_POINT('',(113.000001683831,-149.,4.5));
#2306=CARTESIAN_POINT('',(113.000001683831,-149.,-4.00000005960464));
#2307=CARTESIAN_POINT('',(113.000001683831,-151.000002235174,4.5));
#2308=CARTESIAN_POINT('',(113.000001683831,-119.500000074506,4.5));
#2309=CARTESIAN_POINT('',(113.000001683831,-151.000002235174,15.0000002235174));
#2310=CARTESIAN_POINT('',(113.000001683831,-151.000002235174,4.5));
#2311=CARTESIAN_POINT('',(113.000001683831,-154.,15.0000002235174));
#2312=CARTESIAN_POINT('Origin',(181.000000163913,-85.0000001490116,0.5));
#2313=CARTESIAN_POINT('',(147.500000931323,-149.,0.5));
#2314=CARTESIAN_POINT('',(111.000001654029,-149.,0.499999999999998));
#2315=CARTESIAN_POINT('',(111.000001654029,-119.500000074506,0.499999999999999));
#2316=CARTESIAN_POINT('',(109.000001624227,-149.,0.499999999999999));
#2317=CARTESIAN_POINT('',(145.50000090152,-149.,0.5));
#2318=CARTESIAN_POINT('',(109.000001624227,-151.25,0.5));
#2319=CARTESIAN_POINT('',(109.000001624227,-119.500000074506,0.5));
#2320=CARTESIAN_POINT('',(107.000001594424,-151.25,0.499999999999999));
#2321=CARTESIAN_POINT('',(99.0000002458692,-151.25,0.5));
#2322=CARTESIAN_POINT('',(107.000001594424,-149.,0.499999999999998));
#2323=CARTESIAN_POINT('',(107.000001594424,-119.500000074506,0.499999999999999));
#2324=CARTESIAN_POINT('',(105.000001564622,-149.,0.499999999999999));
#2325=CARTESIAN_POINT('',(143.500000871718,-149.,0.5));
#2326=CARTESIAN_POINT('',(105.000001564622,-151.5,0.5));
#2327=CARTESIAN_POINT('',(105.000001564622,-119.500000074506,0.5));
#2328=CARTESIAN_POINT('',(21.5000003278255,-151.5,0.5));
#2329=CARTESIAN_POINT('',(99.0000002458692,-151.5,0.5));
#2330=CARTESIAN_POINT('',(19.5000003278255,-149.5,0.5));
#2331=CARTESIAN_POINT('Origin',(21.5000003278255,-149.5,0.5));
#2332=CARTESIAN_POINT('',(19.5000003278256,-22.5000002980232,0.5));
#2333=CARTESIAN_POINT('',(19.5000003278255,-52.5000002235174,0.5));
#2334=CARTESIAN_POINT('',(21.5000003278256,-20.5000002980232,0.5));
#2335=CARTESIAN_POINT('Origin',(21.5000003278256,-22.5000002980232,0.5));
#2336=CARTESIAN_POINT('',(340.5,-20.5000002980232,0.5));
#2337=CARTESIAN_POINT('',(263.000000081956,-20.5000002980232,0.5));
#2338=CARTESIAN_POINT('',(342.5,-22.5000002980232,0.5));
#2339=CARTESIAN_POINT('Origin',(340.5,-22.5000002980232,0.5));
#2340=CARTESIAN_POINT('',(342.5,-149.5,0.5));
#2341=CARTESIAN_POINT('',(342.5,-117.500000074506,0.5));
#2342=CARTESIAN_POINT('',(340.5,-151.5,0.5));
#2343=CARTESIAN_POINT('Origin',(340.5,-149.5,0.5));
#2344=CARTESIAN_POINT('',(119.000001773238,-151.5,0.499999999999999));
#2345=CARTESIAN_POINT('',(99.0000002458692,-151.5,0.5));
#2346=CARTESIAN_POINT('',(119.000001773238,-149.,0.499999999999998));
#2347=CARTESIAN_POINT('',(119.000001773238,-119.500000074506,0.499999999999999));
#2348=CARTESIAN_POINT('',(117.000001743436,-149.,0.499999999999999));
#2349=CARTESIAN_POINT('',(149.500000961125,-149.,0.5));
#2350=CARTESIAN_POINT('',(117.000001743436,-119.500000074506,0.5));
#2351=CARTESIAN_POINT('Origin',(99.0000002458692,-151.25,3.25));
#2352=CARTESIAN_POINT('Origin',(109.000001624227,-151.25,3.25));
#2353=CARTESIAN_POINT('Origin',(107.000001594424,-151.25,3.25));
#2354=CARTESIAN_POINT('Origin',(107.000001594424,-154.,15.0000002235174));
#2355=CARTESIAN_POINT('',(107.000001594424,-151.000002235174,15.0000002235174));
#2356=CARTESIAN_POINT('',(107.000001594424,-154.,15.0000002235174));
#2357=CARTESIAN_POINT('',(107.000001594424,-151.000002235174,4.5));
#2358=CARTESIAN_POINT('',(107.000001594424,-151.000002235174,11.7500001117587));
#2359=CARTESIAN_POINT('',(107.000001594424,-149.,4.5));
#2360=CARTESIAN_POINT('',(107.000001594424,-119.500000074506,4.5));
#2361=CARTESIAN_POINT('',(107.000001594424,-149.,15.0000002235174));
#2362=CARTESIAN_POINT('Origin',(207.00000051409,-19.0000002980232,13.0000001788139));
#2363=CARTESIAN_POINT('',(57.0000008642673,-18.0000002980232,13.0000001788139));
#2364=CARTESIAN_POINT('',(70.0000010281801,-18.0000002980232,13.0000001788139));
#2365=CARTESIAN_POINT('',(207.00000051409,-18.0000002980232,13.0000001788139));
#2366=CARTESIAN_POINT('',(69.0000010281801,-19.0000002980232,12.0000001788139));
#2367=CARTESIAN_POINT('Origin',(70.0000010281801,-19.0000002980232,13.0000001788139));
#2368=CARTESIAN_POINT('',(58.0000008642673,-19.0000002980232,12.0000001788139));
#2369=CARTESIAN_POINT('',(207.00000051409,-19.0000002980232,12.0000001788139));
#2370=CARTESIAN_POINT('Origin',(57.0000008642673,-19.0000002980232,13.0000001788139));
#2371=CARTESIAN_POINT('Origin',(70.0000010281801,-19.0000002980232,7.75000005215406));
#2372=CARTESIAN_POINT('',(69.0000010281801,-19.0000002980232,7.00000010430813));
#2373=CARTESIAN_POINT('',(69.0000010281801,-19.0000002980232,7.75000005215406));
#2374=CARTESIAN_POINT('',(70.0000010281801,-18.0000002980232,6.00000010430813));
#2375=CARTESIAN_POINT('',(70.0000010281801,-18.0000002980232,7.75000005215406));
#2376=CARTESIAN_POINT('Origin',(70.0000010281801,-19.0000002980232,6.00000010430813));
#2377=CARTESIAN_POINT('Origin',(201.500000432134,-19.0000002980232,6.00000010430813));
#2378=CARTESIAN_POINT('',(58.0000008642673,-19.0000002980232,7.00000010430813));
#2379=CARTESIAN_POINT('',(201.500000432134,-19.0000002980232,7.00000010430813));
#2380=CARTESIAN_POINT('',(57.0000008642673,-18.0000002980232,6.00000010430813));
#2381=CARTESIAN_POINT('',(201.500000432134,-18.0000002980232,6.00000010430813));
#2382=CARTESIAN_POINT('Origin',(57.0000008642673,-19.0000002980232,6.00000010430813));
#2383=CARTESIAN_POINT('Origin',(57.0000008642673,-19.0000002980232,10.250000089407));
#2384=CARTESIAN_POINT('',(58.0000008642673,-19.0000002980232,10.250000089407));
#2385=CARTESIAN_POINT('',(57.0000008642673,-18.0000002980232,10.250000089407));
#2386=CARTESIAN_POINT('Origin',(58.0000008642673,-13.0000002980232,12.0000001788139));
#2387=CARTESIAN_POINT('',(58.0000008642673,-20.0000003129244,12.0000001788139));
#2388=CARTESIAN_POINT('',(58.0000008642673,-13.0000002980232,12.0000001788139));
#2389=CARTESIAN_POINT('',(58.0000008642673,-20.0000003129244,7.00000010430813));
#2390=CARTESIAN_POINT('',(58.0000008642673,-20.0000003129244,10.250000089407));
#2391=CARTESIAN_POINT('',(58.0000008642673,-13.0000002980232,7.00000010430813));
#2392=CARTESIAN_POINT('Origin',(69.0000010281801,-13.0000002980232,12.0000001788139));
#2393=CARTESIAN_POINT('',(69.0000010281801,-20.0000003129244,12.0000001788139));
#2394=CARTESIAN_POINT('',(69.0000010281801,-13.0000002980232,12.0000001788139));
#2395=CARTESIAN_POINT('',(47.5000007227063,-20.0000003129244,12.0000001788139));
#2396=CARTESIAN_POINT('Origin',(345.,-18.0000002980232,8.5));
#2397=CARTESIAN_POINT('',(21.5000003278256,-18.0000002980232,3.));
#2398=CARTESIAN_POINT('',(340.5,-18.0000002980232,3.));
#2399=CARTESIAN_POINT('',(263.000000081956,-18.0000002980232,3.));
#2400=CARTESIAN_POINT('',(21.5000003278256,-18.0000002980232,25.5));
#2401=CARTESIAN_POINT('',(21.5000003278256,-18.0000002980232,6.5));
#2402=CARTESIAN_POINT('',(340.5,-18.0000002980232,25.5));
#2403=CARTESIAN_POINT('',(263.000000081956,-18.0000002980232,25.5));
#2404=CARTESIAN_POINT('',(340.5,-18.0000002980232,6.5));
#2405=CARTESIAN_POINT('Origin',(99.0000002458692,-151.5,3.));
#2406=CARTESIAN_POINT('Origin',(119.000001773238,-151.5,3.));
#2407=CARTESIAN_POINT('Origin',(340.5,-151.5,3.));
#2408=CARTESIAN_POINT('Ctrl Pts',(340.5,-151.5,0.5));
#2409=CARTESIAN_POINT('Ctrl Pts',(342.5,-151.5,0.5));
#2410=CARTESIAN_POINT('Ctrl Pts',(342.5,-149.5,0.5));
#2411=CARTESIAN_POINT('Ctrl Pts',(340.5,-154.,0.499999999999993));
#2412=CARTESIAN_POINT('Ctrl Pts',(345.,-154.,0.499999999999993));
#2413=CARTESIAN_POINT('Ctrl Pts',(345.,-149.5,0.499999999999993));
#2414=CARTESIAN_POINT('Ctrl Pts',(340.5,-154.,3.));
#2415=CARTESIAN_POINT('Ctrl Pts',(345.,-154.,3.));
#2416=CARTESIAN_POINT('Ctrl Pts',(345.,-149.5,3.));
#2417=CARTESIAN_POINT('',(345.,-149.5,3.));
#2418=CARTESIAN_POINT('Origin',(342.5,-149.5,3.));
#2419=CARTESIAN_POINT('Origin',(340.5,-149.5,3.));
#2420=CARTESIAN_POINT('Origin',(342.5,-117.500000074506,3.));
#2421=CARTESIAN_POINT('',(345.,-22.5000002980232,3.));
#2422=CARTESIAN_POINT('Origin',(342.5,-22.5000002980232,3.));
#2423=CARTESIAN_POINT('',(345.,-117.500000074506,3.));
#2424=CARTESIAN_POINT('Ctrl Pts',(342.5,-22.5000002980232,0.5));
#2425=CARTESIAN_POINT('Ctrl Pts',(342.5,-20.5000002980232,0.5));
#2426=CARTESIAN_POINT('Ctrl Pts',(340.5,-20.5000002980232,0.5));
#2427=CARTESIAN_POINT('Ctrl Pts',(345.,-22.5000002980232,0.499999999999999));
#2428=CARTESIAN_POINT('Ctrl Pts',(345.,-18.0000002980232,0.499999999999999));
#2429=CARTESIAN_POINT('Ctrl Pts',(340.5,-18.0000002980232,0.499999999999999));
#2430=CARTESIAN_POINT('Ctrl Pts',(345.,-22.5000002980232,3.));
#2431=CARTESIAN_POINT('Ctrl Pts',(345.,-18.0000002980232,3.));
#2432=CARTESIAN_POINT('Ctrl Pts',(340.5,-18.0000002980232,3.));
#2433=CARTESIAN_POINT('Origin',(340.5,-20.5000002980232,3.));
#2434=CARTESIAN_POINT('Origin',(340.5,-22.5000002980232,3.));
#2435=CARTESIAN_POINT('Origin',(263.000000081956,-20.5000002980232,3.));
#2436=CARTESIAN_POINT('Origin',(21.5000003278256,-20.5000002980232,3.));
#2437=CARTESIAN_POINT('Ctrl Pts',(21.5000003278256,-20.5000002980232,0.5));
#2438=CARTESIAN_POINT('Ctrl Pts',(19.5000003278256,-20.5000002980232,0.5));
#2439=CARTESIAN_POINT('Ctrl Pts',(19.5000003278256,-22.5000002980232,0.5));
#2440=CARTESIAN_POINT('Ctrl Pts',(21.5000003278256,-18.0000002980232,0.499999999999999));
#2441=CARTESIAN_POINT('Ctrl Pts',(17.0000003278256,-18.0000002980232,0.499999999999999));
#2442=CARTESIAN_POINT('Ctrl Pts',(17.0000003278256,-22.5000002980232,0.499999999999999));
#2443=CARTESIAN_POINT('Ctrl Pts',(21.5000003278256,-18.0000002980232,3.));
#2444=CARTESIAN_POINT('Ctrl Pts',(17.0000003278256,-18.0000002980232,3.));
#2445=CARTESIAN_POINT('Ctrl Pts',(17.0000003278256,-22.5000002980232,3.));
#2446=CARTESIAN_POINT('',(17.0000003278255,-22.5000002980232,3.));
#2447=CARTESIAN_POINT('Origin',(19.5000003278256,-22.5000002980232,3.));
#2448=CARTESIAN_POINT('Origin',(21.5000003278256,-22.5000002980232,3.));
#2449=CARTESIAN_POINT('Origin',(19.5000003278255,-52.5000002235174,3.));
#2450=CARTESIAN_POINT('',(17.0000003278255,-149.5,3.));
#2451=CARTESIAN_POINT('Origin',(19.5000003278255,-149.5,3.));
#2452=CARTESIAN_POINT('',(17.0000003278255,-52.5000002235174,3.));
#2453=CARTESIAN_POINT('Ctrl Pts',(19.5000003278256,-149.5,0.5));
#2454=CARTESIAN_POINT('Ctrl Pts',(19.5000003278256,-151.5,0.5));
#2455=CARTESIAN_POINT('Ctrl Pts',(21.5000003278255,-151.5,0.5));
#2456=CARTESIAN_POINT('Ctrl Pts',(17.0000003278255,-149.5,0.499999999999992));
#2457=CARTESIAN_POINT('Ctrl Pts',(17.0000003278255,-154.,0.499999999999992));
#2458=CARTESIAN_POINT('Ctrl Pts',(21.5000003278255,-154.,0.499999999999992));
#2459=CARTESIAN_POINT('Ctrl Pts',(17.0000003278255,-149.5,3.));
#2460=CARTESIAN_POINT('Ctrl Pts',(17.0000003278255,-154.,3.));
#2461=CARTESIAN_POINT('Ctrl Pts',(21.5000003278255,-154.,3.));
#2462=CARTESIAN_POINT('Origin',(21.5000003278255,-151.5,3.));
#2463=CARTESIAN_POINT('Origin',(21.5000003278255,-149.5,3.));
#2464=CARTESIAN_POINT('Origin',(99.0000002458692,-151.5,3.));
#2465=CARTESIAN_POINT('Origin',(105.000001564622,-151.5,3.));
#2466=CARTESIAN_POINT('Origin',(119.000001773238,-154.,15.0000002235174));
#2467=CARTESIAN_POINT('',(119.000001773238,-151.000002235174,15.0000002235174));
#2468=CARTESIAN_POINT('',(119.000001773238,-154.,15.0000002235174));
#2469=CARTESIAN_POINT('',(119.000001773238,-151.000002235174,4.5));
#2470=CARTESIAN_POINT('',(119.000001773238,-151.000002235174,11.7500001117587));
#2471=CARTESIAN_POINT('',(119.000001773238,-149.,4.5));
#2472=CARTESIAN_POINT('',(119.000001773238,-119.500000074506,4.5));
#2473=CARTESIAN_POINT('',(119.000001773238,-149.,15.0000002235174));
#2474=CARTESIAN_POINT('Ctrl Pts',(340.5,-154.,25.5));
#2475=CARTESIAN_POINT('Ctrl Pts',(345.,-154.,25.5));
#2476=CARTESIAN_POINT('Ctrl Pts',(345.,-149.5,25.5));
#2477=CARTESIAN_POINT('Ctrl Pts',(340.5,-154.,28.5));
#2478=CARTESIAN_POINT('Ctrl Pts',(345.,-154.,28.5));
#2479=CARTESIAN_POINT('Ctrl Pts',(345.,-149.5,28.5));
#2480=CARTESIAN_POINT('Ctrl Pts',(340.5,-151.,28.5));
#2481=CARTESIAN_POINT('Ctrl Pts',(342.,-151.,28.5));
#2482=CARTESIAN_POINT('Ctrl Pts',(342.,-149.5,28.5));
#2483=CARTESIAN_POINT('',(345.,-149.5,25.5));
#2484=CARTESIAN_POINT('',(342.,-149.5,28.5));
#2485=CARTESIAN_POINT('Origin',(342.,-149.5,25.5));
#2486=CARTESIAN_POINT('',(340.5,-151.,28.5));
#2487=CARTESIAN_POINT('Origin',(340.5,-149.5,28.5));
#2488=CARTESIAN_POINT('Origin',(340.5,-151.,25.5));
#2489=CARTESIAN_POINT('Origin',(340.5,-149.5,25.5));
#2490=CARTESIAN_POINT('Origin',(340.5,-149.5,6.5));
#2491=CARTESIAN_POINT('',(345.,-149.5,6.5));
#2492=CARTESIAN_POINT('Origin',(99.0000002458692,-151.,25.5));
#2493=CARTESIAN_POINT('',(21.5000003278255,-151.,28.5));
#2494=CARTESIAN_POINT('',(99.0000002458692,-151.,28.5));
#2495=CARTESIAN_POINT('Origin',(21.5000003278255,-151.,25.5));
#2496=CARTESIAN_POINT('Ctrl Pts',(21.5000003278255,-151.,28.5));
#2497=CARTESIAN_POINT('Ctrl Pts',(20.0000003278256,-151.,28.5));
#2498=CARTESIAN_POINT('Ctrl Pts',(20.0000003278256,-149.5,28.5));
#2499=CARTESIAN_POINT('Ctrl Pts',(21.5000003278255,-154.,28.5));
#2500=CARTESIAN_POINT('Ctrl Pts',(17.0000003278255,-154.,28.5));
#2501=CARTESIAN_POINT('Ctrl Pts',(17.0000003278255,-149.5,28.5));
#2502=CARTESIAN_POINT('Ctrl Pts',(21.5000003278255,-154.,25.5));
#2503=CARTESIAN_POINT('Ctrl Pts',(17.0000003278255,-154.,25.5));
#2504=CARTESIAN_POINT('Ctrl Pts',(17.0000003278255,-149.5,25.5));
#2505=CARTESIAN_POINT('',(20.0000003278255,-149.5,28.5));
#2506=CARTESIAN_POINT('',(17.0000003278255,-149.5,25.5));
#2507=CARTESIAN_POINT('Origin',(20.0000003278255,-149.5,25.5));
#2508=CARTESIAN_POINT('Origin',(21.5000003278255,-149.5,25.5));
#2509=CARTESIAN_POINT('Origin',(21.5000003278255,-149.5,28.5));
#2510=CARTESIAN_POINT('Origin',(21.5000003278255,-149.5,6.5));
#2511=CARTESIAN_POINT('',(17.0000003278255,-149.5,6.5));
#2512=CARTESIAN_POINT('Ctrl Pts',(20.0000003278256,-22.5000002980232,28.5));
#2513=CARTESIAN_POINT('Ctrl Pts',(20.0000003278256,-21.0000002980232,28.5));
#2514=CARTESIAN_POINT('Ctrl Pts',(21.5000003278256,-21.0000002980232,28.5));
#2515=CARTESIAN_POINT('Ctrl Pts',(17.0000003278256,-22.5000002980232,28.5));
#2516=CARTESIAN_POINT('Ctrl Pts',(17.0000003278256,-18.0000002980232,28.5));
#2517=CARTESIAN_POINT('Ctrl Pts',(21.5000003278256,-18.0000002980232,28.5));
#2518=CARTESIAN_POINT('Ctrl Pts',(17.0000003278256,-22.5000002980232,25.5));
#2519=CARTESIAN_POINT('Ctrl Pts',(17.0000003278256,-18.0000002980232,25.5));
#2520=CARTESIAN_POINT('Ctrl Pts',(21.5000003278256,-18.0000002980232,25.5));
#2521=CARTESIAN_POINT('',(21.5000003278256,-21.0000002980232,28.5));
#2522=CARTESIAN_POINT('Origin',(21.5000003278256,-21.0000002980232,25.5));
#2523=CARTESIAN_POINT('',(17.0000003278256,-22.5000002980232,25.5));
#2524=CARTESIAN_POINT('Origin',(21.5000003278256,-22.5000002980232,25.5));
#2525=CARTESIAN_POINT('',(20.0000003278255,-22.5000002980232,28.5));
#2526=CARTESIAN_POINT('Origin',(20.0000003278256,-22.5000002980232,25.5));
#2527=CARTESIAN_POINT('Origin',(21.5000003278256,-22.5000002980232,28.5));
#2528=CARTESIAN_POINT('Origin',(21.5000003278256,-22.5000002980232,6.5));
#2529=CARTESIAN_POINT('',(17.0000003278255,-22.5000002980232,6.5));
#2530=CARTESIAN_POINT('Origin',(263.000000081956,-21.0000002980232,25.5));
#2531=CARTESIAN_POINT('',(340.5,-21.0000002980232,28.5));
#2532=CARTESIAN_POINT('',(263.000000081956,-21.0000002980232,28.5));
#2533=CARTESIAN_POINT('Origin',(340.5,-21.0000002980232,25.5));
#2534=CARTESIAN_POINT('Origin',(181.000000163913,-85.0000001490116,28.5));
#2535=CARTESIAN_POINT('',(342.,-22.5000002980232,28.5));
#2536=CARTESIAN_POINT('',(342.,-117.500000074506,28.5));
#2537=CARTESIAN_POINT('Origin',(340.5,-22.5000002980232,28.5));
#2538=CARTESIAN_POINT('',(20.0000003278255,-52.5000002235174,28.5));
#2539=CARTESIAN_POINT('',(26.0000004172325,-145.500002235174,28.5));
#2540=CARTESIAN_POINT('',(26.0000004172325,-26.0000003129244,28.5));
#2541=CARTESIAN_POINT('',(26.0000004172325,-56.500000230968,28.5));
#2542=CARTESIAN_POINT('',(337.000005021691,-26.0000003129244,28.5));
#2543=CARTESIAN_POINT('',(181.250001441687,-26.0000003129244,28.5));
#2544=CARTESIAN_POINT('',(337.000005021691,-145.500002235174,28.5));
#2545=CARTESIAN_POINT('',(337.000004991889,-114.750001192093,28.5));
#2546=CARTESIAN_POINT('',(181.250001441687,-145.500002235174,28.5));
#2547=CARTESIAN_POINT('Origin',(20.0000003278255,-52.5000002235174,25.5));
#2548=CARTESIAN_POINT('',(17.0000003278255,-52.5000002235174,25.5));
#2549=CARTESIAN_POINT('Ctrl Pts',(345.,-22.5000002980232,25.5));
#2550=CARTESIAN_POINT('Ctrl Pts',(345.,-18.0000002980233,25.5));
#2551=CARTESIAN_POINT('Ctrl Pts',(340.5,-18.0000002980233,25.5));
#2552=CARTESIAN_POINT('Ctrl Pts',(345.,-22.5000002980232,28.5));
#2553=CARTESIAN_POINT('Ctrl Pts',(345.,-18.0000002980233,28.5));
#2554=CARTESIAN_POINT('Ctrl Pts',(340.5,-18.0000002980233,28.5));
#2555=CARTESIAN_POINT('Ctrl Pts',(342.,-22.5000002980232,28.5));
#2556=CARTESIAN_POINT('Ctrl Pts',(342.,-21.0000002980232,28.5));
#2557=CARTESIAN_POINT('Ctrl Pts',(340.5,-21.0000002980232,28.5));
#2558=CARTESIAN_POINT('',(345.,-22.5000002980232,25.5));
#2559=CARTESIAN_POINT('Origin',(342.,-22.5000002980232,25.5));
#2560=CARTESIAN_POINT('Origin',(340.5,-22.5000002980232,25.5));
#2561=CARTESIAN_POINT('Origin',(340.5,-22.5000002980232,6.5));
#2562=CARTESIAN_POINT('',(345.,-22.5000002980232,6.5));
#2563=CARTESIAN_POINT('Origin',(342.,-117.500000074506,25.5));
#2564=CARTESIAN_POINT('',(345.,-117.500000074506,25.5));
#2565=CARTESIAN_POINT('Origin',(17.0000003278255,-20.0000002980232,4.5));
#2566=CARTESIAN_POINT('Origin',(337.000004991889,-151.000002235174,8.5));
#2567=CARTESIAN_POINT('',(117.000001743436,-151.000002235174,15.0000002235174));
#2568=CARTESIAN_POINT('',(227.000003367662,-151.000002235174,15.0000002235174));
#2569=CARTESIAN_POINT('',(117.000001743436,-151.000002235174,4.5));
#2570=CARTESIAN_POINT('',(117.000001743436,-151.000002235174,4.5));
#2571=CARTESIAN_POINT('',(259.000002577901,-151.000002235174,4.5));
#2572=CARTESIAN_POINT('',(225.00000333786,-151.000002235174,15.0000002235174));
#2573=CARTESIAN_POINT('',(111.000001654029,-151.000002235174,4.5));
#2574=CARTESIAN_POINT('',(259.000002577901,-151.000002235174,4.5));
#2575=CARTESIAN_POINT('',(111.000001654029,-151.000002235174,15.0000002235174));
#2576=CARTESIAN_POINT('',(111.000001654029,-151.000002235174,11.7500001117587));
#2577=CARTESIAN_POINT('',(109.000001624227,-151.000002235174,15.0000002235174));
#2578=CARTESIAN_POINT('',(223.000003308058,-151.000002235174,15.0000002235174));
#2579=CARTESIAN_POINT('',(109.000001624227,-151.000002235174,4.5));
#2580=CARTESIAN_POINT('',(109.000001624227,-151.000002235174,4.5));
#2581=CARTESIAN_POINT('',(259.000002577901,-151.000002235174,4.5));
#2582=CARTESIAN_POINT('',(105.000001564622,-151.000002235174,15.0000002235174));
#2583=CARTESIAN_POINT('',(221.000003278255,-151.000002235174,15.0000002235174));
#2584=CARTESIAN_POINT('',(105.000001564622,-151.000002235174,4.5));
#2585=CARTESIAN_POINT('',(105.000001564622,-151.000002235174,4.5));
#2586=CARTESIAN_POINT('',(26.0000004172325,-151.000002235174,4.5));
#2587=CARTESIAN_POINT('',(259.000002577901,-151.000002235174,4.5));
#2588=CARTESIAN_POINT('',(26.0000004172325,-151.000002235174,23.0000003427267));
#2589=CARTESIAN_POINT('',(26.0000004172325,-151.000002235174,26.5));
#2590=CARTESIAN_POINT('',(337.000005021691,-151.000002235174,23.0000003427267));
#2591=CARTESIAN_POINT('',(337.00000500679,-151.000002235174,23.0000003427267));
#2592=CARTESIAN_POINT('',(337.000004991889,-151.000002235174,4.5));
#2593=CARTESIAN_POINT('',(337.000004991889,-151.000002235174,26.5));
#2594=CARTESIAN_POINT('',(259.000002577901,-151.000002235174,4.5));
#2595=CARTESIAN_POINT('Origin',(181.000000163913,-85.0000001490116,4.5));
#2596=CARTESIAN_POINT('',(337.000004991889,-20.0000003129244,4.5));
#2597=CARTESIAN_POINT('',(337.000004991889,-52.500000230968,4.5));
#2598=CARTESIAN_POINT('',(26.0000004172325,-20.0000003129244,4.5));
#2599=CARTESIAN_POINT('',(103.500000290573,-20.0000003129244,4.5));
#2600=CARTESIAN_POINT('',(26.0000004172325,-118.000001192093,4.5));
#2601=CARTESIAN_POINT('',(105.000001564622,-149.,4.5));
#2602=CARTESIAN_POINT('',(105.000001564622,-119.500000074506,4.5));
#2603=CARTESIAN_POINT('',(143.500000871718,-149.,4.5));
#2604=CARTESIAN_POINT('',(109.000001624227,-149.,4.5));
#2605=CARTESIAN_POINT('',(109.000001624227,-119.500000074506,4.5));
#2606=CARTESIAN_POINT('',(111.000001654029,-149.,4.5));
#2607=CARTESIAN_POINT('',(145.50000090152,-149.,4.5));
#2608=CARTESIAN_POINT('',(111.000001654029,-119.500000074506,4.5));
#2609=CARTESIAN_POINT('',(147.500000931323,-149.,4.5));
#2610=CARTESIAN_POINT('',(117.000001743436,-149.,4.5));
#2611=CARTESIAN_POINT('',(117.000001743436,-119.500000074506,4.5));
#2612=CARTESIAN_POINT('',(149.500000961125,-149.,4.5));
#2613=CARTESIAN_POINT('',(187.500002749264,-85.5000012740493,4.5));
#2614=CARTESIAN_POINT('Origin',(184.500002749264,-85.5000012740493,4.5));
#2615=CARTESIAN_POINT('',(185.999995909631,-143.999996781349,4.5));
#2616=CARTESIAN_POINT('Origin',(182.999995909631,-143.999996781349,4.5));
#2617=CARTESIAN_POINT('',(39.0000005364418,-27.0000004023314,4.5));
#2618=CARTESIAN_POINT('Origin',(36.0000005364418,-27.0000004023314,4.5));
#2619=CARTESIAN_POINT('',(185.000002712011,-27.5000004097819,4.5));
#2620=CARTESIAN_POINT('Origin',(182.000002712011,-27.5000004097819,4.5));
#2621=CARTESIAN_POINT('',(333.000004917383,-144.000002145767,4.5));
#2622=CARTESIAN_POINT('Origin',(330.000004917383,-144.000002145767,4.5));
#2623=CARTESIAN_POINT('',(38.9999991953373,-143.999996781349,4.5));
#2624=CARTESIAN_POINT('Origin',(35.9999991953373,-143.999996781349,4.5));
#2625=CARTESIAN_POINT('',(333.000004917383,-27.0000004023314,4.5));
#2626=CARTESIAN_POINT('Origin',(330.000004917383,-27.0000004023314,4.5));
#2627=CARTESIAN_POINT('Origin',(111.000001654029,-154.,15.0000002235174));
#2628=CARTESIAN_POINT('',(111.000001654029,-154.,15.0000002235174));
#2629=CARTESIAN_POINT('',(111.000001654029,-149.,15.0000002235174));
#2630=CARTESIAN_POINT('Origin',(105.000001564622,-154.,0.499999999999999));
#2631=CARTESIAN_POINT('',(105.000001564622,-149.,-3.00000004470348));
#2632=CARTESIAN_POINT('',(105.000001564622,-154.,15.0000002235174));
#2633=CARTESIAN_POINT('Origin',(109.000001624227,-154.,15.0000002235174));
#2634=CARTESIAN_POINT('',(109.000001624227,-154.,15.0000002235174));
#2635=CARTESIAN_POINT('Origin',(109.000001624227,-154.,0.499999999999999));
#2636=CARTESIAN_POINT('',(109.000001624227,-149.,-3.00000004470348));
#2637=CARTESIAN_POINT('Origin',(110.000001639128,-149.,7.75000011175871));
#2638=CARTESIAN_POINT('Origin',(113.000001683831,-154.,15.0000002235174));
#2639=CARTESIAN_POINT('Origin',(114.000001698732,-149.,7.75000011175871));
#2640=CARTESIAN_POINT('Origin',(105.000001564622,-154.,15.0000002235174));
#2641=CARTESIAN_POINT('Origin',(106.000001579523,-149.,7.75000011175871));
#2642=CARTESIAN_POINT('Origin',(117.000001743436,-154.,15.0000002235174));
#2643=CARTESIAN_POINT('',(117.000001743436,-154.,15.0000002235174));
#2644=CARTESIAN_POINT('Origin',(117.000001743436,-154.,0.499999999999999));
#2645=CARTESIAN_POINT('',(117.000001743436,-149.,-6.00000008940697));
#2646=CARTESIAN_POINT('Origin',(118.000001758337,-149.,7.75000011175871));
#2647=CARTESIAN_POINT('Origin',(181.500002719462,-145.500002235174,25.7500001713634));
#2648=CARTESIAN_POINT('',(26.0000004172325,-145.500002235174,23.0000003427267));
#2649=CARTESIAN_POINT('',(26.0000004172325,-145.500002235174,17.1250000856817));
#2650=CARTESIAN_POINT('',(337.000005021691,-145.500002235174,23.0000003427267));
#2651=CARTESIAN_POINT('',(337.000004991889,-145.500002235174,17.1250000856817));
#2652=CARTESIAN_POINT('',(259.250003870577,-145.500002235174,23.0000003427267));
#2653=CARTESIAN_POINT('Origin',(337.000005021691,-151.000002235174,23.0000003427267));
#2654=CARTESIAN_POINT('',(337.000004991889,-85.5000012740493,23.0000003427267));
#2655=CARTESIAN_POINT('',(26.0000004172325,-151.000002235174,23.0000003427267));
#2656=CARTESIAN_POINT('Origin',(181.500002719462,-26.0000003129244,25.7500001713634));
#2657=CARTESIAN_POINT('',(337.000005021691,-26.0000003129244,23.0000003427267));
#2658=CARTESIAN_POINT('',(26.0000004172325,-26.0000003129244,23.0000003427267));
#2659=CARTESIAN_POINT('',(103.750001568347,-26.0000003129244,23.0000003427267));
#2660=CARTESIAN_POINT('',(337.000004991889,-26.0000003129244,17.1250000856817));
#2661=CARTESIAN_POINT('',(26.0000004172325,-26.0000003129244,17.1250000856817));
#2662=CARTESIAN_POINT('Origin',(26.0000004172325,-151.000002235174,8.5));
#2663=CARTESIAN_POINT('',(26.0000004172325,-20.0000003129244,23.0000003427267));
#2664=CARTESIAN_POINT('',(26.0000004172325,-20.0000003129244,8.5));
#2665=CARTESIAN_POINT('',(26.0000004172325,-85.5000012740493,23.0000003427267));
#2666=CARTESIAN_POINT('Origin',(337.000004991889,-20.0000003129244,8.5));
#2667=CARTESIAN_POINT('',(337.000005021691,-20.0000003129244,23.0000003427267));
#2668=CARTESIAN_POINT('',(337.000004991889,-20.0000003129244,23.0000003427267));
#2669=CARTESIAN_POINT('',(337.000004991889,-20.0000003129244,8.5));
#2670=CARTESIAN_POINT('Origin',(26.0000004172325,-20.0000003129244,23.0000003427267));
#2671=CARTESIAN_POINT('',(26.0000004172325,-20.0000003129244,23.0000003427267));
#2672=CARTESIAN_POINT('Origin',(58.0000008642673,-13.0000002980232,7.00000010430813));
#2673=CARTESIAN_POINT('',(69.0000010281801,-20.0000003129244,7.00000010430813));
#2674=CARTESIAN_POINT('',(42.0000006407499,-20.0000003129244,7.00000010430813));
#2675=CARTESIAN_POINT('',(69.0000010281801,-13.0000002980232,7.00000010430813));
#2676=CARTESIAN_POINT('Origin',(69.0000010281801,-13.0000002980232,7.00000010430813));
#2677=CARTESIAN_POINT('',(69.0000010281801,-20.0000003129244,7.75000005215406));
#2678=CARTESIAN_POINT('Origin',(26.0000004172325,-20.0000003129244,8.5));
#2679=CARTESIAN_POINT('Origin',(345.,-150.,4.5));
#2680=CARTESIAN_POINT('Origin',(184.500002749264,-85.5000012740493,4.5));
#2681=CARTESIAN_POINT('',(186.000002749264,-85.5000012740493,11.45));
#2682=CARTESIAN_POINT('Origin',(184.500002749264,-85.5000012740493,11.45));
#2683=CARTESIAN_POINT('',(186.000002749264,-85.5000012740493,6.5));
#2684=CARTESIAN_POINT('',(186.000002749264,-85.5000012740493,4.5));
#2685=CARTESIAN_POINT('Origin',(184.500002749264,-85.5000012740493,6.5));
#2686=CARTESIAN_POINT('Origin',(184.500002749264,-85.5000012740493,4.5));
#2687=CARTESIAN_POINT('',(187.500002749264,-85.5000012740493,11.45));
#2688=CARTESIAN_POINT('Origin',(184.500002749264,-85.5000012740493,11.45));
#2689=CARTESIAN_POINT('',(187.500002749264,-85.5000012740493,4.5));
#2690=CARTESIAN_POINT('Origin',(184.500002749264,-85.5000012740493,11.45));
#2691=CARTESIAN_POINT('Origin',(184.500002749264,-85.5000012740493,6.5));
#2692=CARTESIAN_POINT('Origin',(36.0000005364418,-144.000002145767,16.35));
#2693=CARTESIAN_POINT('',(37.5000005364418,-144.000002145767,11.4));
#2694=CARTESIAN_POINT('Origin',(36.0000005364418,-144.000002145767,11.4));
#2695=CARTESIAN_POINT('',(37.5000005364418,-144.000002145767,6.45));
#2696=CARTESIAN_POINT('',(37.5000005364418,-144.000002145767,16.35));
#2697=CARTESIAN_POINT('Origin',(36.0000005364418,-144.000002145767,6.45));
#2698=CARTESIAN_POINT('Origin',(36.0000005364418,-144.000002145767,6.45));
#2699=CARTESIAN_POINT('Origin',(330.000004917383,-144.000002145767,16.35));
#2700=CARTESIAN_POINT('',(331.500004917383,-144.000002145767,11.4));
#2701=CARTESIAN_POINT('Origin',(330.000004917383,-144.000002145767,11.4));
#2702=CARTESIAN_POINT('',(331.500004917383,-144.000002145767,6.45));
#2703=CARTESIAN_POINT('',(331.500004917383,-144.000002145767,16.35));
#2704=CARTESIAN_POINT('Origin',(330.000004917383,-144.000002145767,6.45));
#2705=CARTESIAN_POINT('Origin',(330.000004917383,-144.000002145767,6.45));
#2706=CARTESIAN_POINT('Origin',(182.000002712011,-27.5000004097819,16.35));
#2707=CARTESIAN_POINT('',(183.500002712011,-27.5000004097819,11.4));
#2708=CARTESIAN_POINT('Origin',(182.000002712011,-27.5000004097819,11.4));
#2709=CARTESIAN_POINT('',(183.500002712011,-27.5000004097819,6.45));
#2710=CARTESIAN_POINT('',(183.500002712011,-27.5000004097819,16.35));
#2711=CARTESIAN_POINT('Origin',(182.000002712011,-27.5000004097819,6.45));
#2712=CARTESIAN_POINT('Origin',(182.000002712011,-27.5000004097819,6.45));
#2713=CARTESIAN_POINT('Origin',(330.000004917383,-27.0000004023314,16.35));
#2714=CARTESIAN_POINT('',(331.500004917383,-27.0000004023314,11.4));
#2715=CARTESIAN_POINT('Origin',(330.000004917383,-27.0000004023314,11.4));
#2716=CARTESIAN_POINT('',(331.500004917383,-27.0000004023314,6.45));
#2717=CARTESIAN_POINT('',(331.500004917383,-27.0000004023314,16.35));
#2718=CARTESIAN_POINT('Origin',(330.000004917383,-27.0000004023314,6.45));
#2719=CARTESIAN_POINT('Origin',(330.000004917383,-27.0000004023314,6.45));
#2720=CARTESIAN_POINT('Origin',(183.000002726912,-144.000002145767,16.35));
#2721=CARTESIAN_POINT('',(184.500002726913,-144.000002145767,11.4));
#2722=CARTESIAN_POINT('Origin',(183.000002726912,-144.000002145767,11.4));
#2723=CARTESIAN_POINT('',(184.500002726913,-144.000002145767,6.45));
#2724=CARTESIAN_POINT('',(184.500002726913,-144.000002145767,16.35));
#2725=CARTESIAN_POINT('Origin',(183.000002726912,-144.000002145767,6.45));
#2726=CARTESIAN_POINT('Origin',(183.000002726912,-144.000002145767,6.45));
#2727=CARTESIAN_POINT('Origin',(36.0000005364418,-27.0000004023314,16.35));
#2728=CARTESIAN_POINT('',(37.5000005364418,-27.0000004023314,11.4));
#2729=CARTESIAN_POINT('Origin',(36.0000005364418,-27.0000004023314,11.4));
#2730=CARTESIAN_POINT('',(37.5000005364418,-27.0000004023314,6.45));
#2731=CARTESIAN_POINT('',(37.5000005364418,-27.0000004023314,16.35));
#2732=CARTESIAN_POINT('Origin',(36.0000005364418,-27.0000004023314,6.45));
#2733=CARTESIAN_POINT('Origin',(36.0000005364418,-27.0000004023314,6.45));
#2734=CARTESIAN_POINT('Origin',(182.999995909631,-143.999996781349,4.5));
#2735=CARTESIAN_POINT('',(185.999995909631,-143.999996781349,11.4));
#2736=CARTESIAN_POINT('Origin',(182.999995909631,-143.999996781349,11.4));
#2737=CARTESIAN_POINT('',(185.999995909631,-143.999996781349,4.5));
#2738=CARTESIAN_POINT('Origin',(36.0000005364418,-27.0000004023314,4.5));
#2739=CARTESIAN_POINT('',(39.0000005364418,-27.0000004023314,11.4));
#2740=CARTESIAN_POINT('Origin',(36.0000005364418,-27.0000004023314,11.4));
#2741=CARTESIAN_POINT('',(39.0000005364418,-27.0000004023314,4.5));
#2742=CARTESIAN_POINT('Origin',(182.000002712011,-27.5000004097819,4.5));
#2743=CARTESIAN_POINT('',(185.000002712011,-27.5000004097819,11.4));
#2744=CARTESIAN_POINT('Origin',(182.000002712011,-27.5000004097819,11.4));
#2745=CARTESIAN_POINT('',(185.000002712011,-27.5000004097819,4.5));
#2746=CARTESIAN_POINT('Origin',(330.000004917383,-144.000002145767,4.5));
#2747=CARTESIAN_POINT('',(333.000004917383,-144.000002145767,11.4));
#2748=CARTESIAN_POINT('Origin',(330.000004917383,-144.000002145767,11.4));
#2749=CARTESIAN_POINT('',(333.000004917383,-144.000002145767,4.5));
#2750=CARTESIAN_POINT('Origin',(35.9999991953373,-143.999996781349,4.5));
#2751=CARTESIAN_POINT('',(38.9999991953373,-143.999996781349,11.4));
#2752=CARTESIAN_POINT('Origin',(35.9999991953373,-143.999996781349,11.4));
#2753=CARTESIAN_POINT('',(38.9999991953373,-143.999996781349,4.5));
#2754=CARTESIAN_POINT('Origin',(330.000004917383,-27.0000004023314,4.5));
#2755=CARTESIAN_POINT('',(333.000004917383,-27.0000004023314,11.4));
#2756=CARTESIAN_POINT('Origin',(330.000004917383,-27.0000004023314,11.4));
#2757=CARTESIAN_POINT('',(333.000004917383,-27.0000004023314,4.5));
#2758=CARTESIAN_POINT('Origin',(35.9999991953373,-143.999996781349,11.4));
#2759=CARTESIAN_POINT('Origin',(182.000002712011,-27.5000004097819,11.4));
#2760=CARTESIAN_POINT('Origin',(330.000004917383,-27.0000004023314,11.4));
#2761=CARTESIAN_POINT('Origin',(182.999995909631,-143.999996781349,11.4));
#2762=CARTESIAN_POINT('Origin',(36.0000005364418,-27.0000004023314,11.4));
#2763=CARTESIAN_POINT('Origin',(330.000004917383,-144.000002145767,11.4));
#2764=UNCERTAINTY_MEASURE_WITH_UNIT(LENGTH_MEASURE(0.01),#2768,
'DISTANCE_ACCURACY_VALUE',
'Maximum model space distance between geometric entities at asserted c
onnectivities');
#2765=UNCERTAINTY_MEASURE_WITH_UNIT(LENGTH_MEASURE(0.01),#2768,
'DISTANCE_ACCURACY_VALUE',
'Maximum model space distance between geometric entities at asserted c
onnectivities');
#2766=(
GEOMETRIC_REPRESENTATION_CONTEXT(3)
GLOBAL_UNCERTAINTY_ASSIGNED_CONTEXT((#2764))
GLOBAL_UNIT_ASSIGNED_CONTEXT((#2768,#2769,#2770))
REPRESENTATION_CONTEXT('','3D')
);
#2767=(
GEOMETRIC_REPRESENTATION_CONTEXT(3)
GLOBAL_UNCERTAINTY_ASSIGNED_CONTEXT((#2765))
GLOBAL_UNIT_ASSIGNED_CONTEXT((#2768,#2769,#2770))
REPRESENTATION_CONTEXT('','3D')
);
#2768=(
LENGTH_UNIT()
NAMED_UNIT(*)
SI_UNIT(.MILLI.,.METRE.)
);
#2769=(
NAMED_UNIT(*)
PLANE_ANGLE_UNIT()
SI_UNIT($,.RADIAN.)
);
#2770=(
NAMED_UNIT(*)
SI_UNIT($,.STERADIAN.)
SOLID_ANGLE_UNIT()
);
#2771=SHAPE_DEFINITION_REPRESENTATION(#2772,#2773);
#2772=PRODUCT_DEFINITION_SHAPE('',$,#2775);
#2773=SHAPE_REPRESENTATION('',(#1616),#2766);
#2774=PRODUCT_DEFINITION_CONTEXT('part definition',#2779,'design');
#2775=PRODUCT_DEFINITION('2026-09-19-13-00-32-709','KBoard_Case',#2776,
#2774);
#2776=PRODUCT_DEFINITION_FORMATION('',$,#2781);
#2777=PRODUCT_RELATED_PRODUCT_CATEGORY('KBoard_Case','KBoard_Case',(#2781));
#2778=APPLICATION_PROTOCOL_DEFINITION('international standard',
'automotive_design',2009,#2779);
#2779=APPLICATION_CONTEXT(
'Core Data for Automotive Mechanical Design Process');
#2780=PRODUCT_CONTEXT('part definition',#2779,'mechanical');
#2781=PRODUCT('2026-09-19-13-00-32-709','KBoard_Case',$,(#2780));
#2782=PRESENTATION_STYLE_ASSIGNMENT((#2783));
#2783=SURFACE_STYLE_USAGE(.BOTH.,#2784);
#2784=SURFACE_SIDE_STYLE('',(#2785));
#2785=SURFACE_STYLE_FILL_AREA(#2786);
#2786=FILL_AREA_STYLE('Steel - Satin',(#2787));
#2787=FILL_AREA_STYLE_COLOUR('Steel - Satin',#2788);
#2788=COLOUR_RGB('Steel - Satin',0.627450980392157,0.627450980392157,0.627450980392157);
ENDSEC;
END-ISO-10303-21;
