INFO: kbplacer_plugin_action.py:73: Plugin version: 0.19.dev31+g24746a25b
INFO: kbplacer_plugin_action.py:74: Python version: '3.11.5 (main, Jan 23 2026, 07:39:48) [MSC v.1944 64 bit (AMD64)]'
INFO: kbplacer_plugin_action.py:75: KiCad version: 10.0.6 with 4.2.2 msw (phoenix) wxWidgets 3.3.2
INFO: kbplacer_dialog.py:799: Language: en
INFO: kbplacer_plugin_action.py:83: GUI state: {"layout_path": "C:\\Users\\yaksh\\Downloads\\keyboard-layout (1).json", "key_distance": [19.05, 19.05], "key_info": {"annotation_format": "SW{}", "position_option": "Default", "position": {"x": 0.0, "y": 0.0, "orientation": 180.0, "side": "Back"}, "template_path": "", "start_index": 1}, "enable_diode_placement": true, "route_switches_with_diodes": true, "optimize_diodes_orientation": false, "diode_info": {"annotation_format": "D{}", "position_option": "Custom", "position": {"x": -5.0, "y": -2.75, "orientation": 0.0, "side": "Back"}, "template_path": "", "start_index": -1}, "additional_elements": [{"annotation_format": "ST{}", "position_option": "Custom", "position": {"x": 0.0, "y": 0.0, "orientation": 0.0, "side": "Front"}, "template_path": "", "start_index": -1}], "route_rows_and_columns": true, "template_path": "", "generate_outline": false, "outline_delta": 0.0, "layout_offset": null}
DEBUG: key_placer.py:153: Switches by nets: defaultdict(<class 'list'>, {frozenset({'COL15', 'ROW1'}): ['SW31'], frozenset({'COL13', 'ROW5'}): ['SW82'], frozenset({'ROW0', 'COL14'}): ['SW15'], frozenset({'ROW3', 'COL6'}): ['SW53'], frozenset({'ROW0', 'COL9'}): ['SW10'], frozenset({'COL4', 'ROW0'}): ['SW5'], frozenset({'unconnected-(D11-K-Pad1)', 'ROW0'}): ['SW14'], frozenset({'COL5', 'ROW1'}): ['SW22'], frozenset({'ROW2', 'COL12'}): ['SW44'], frozenset({'ROW3', 'COL5'}): ['SW52'], frozenset({'ROW2', 'COL6'}): ['SW38'], frozenset({'ROW3', 'COL9'}): ['SW56'], frozenset({'ROW1', 'COL9'}): ['SW26'], frozenset({'ROW5', 'COL11'}): ['SW80'], frozenset({'ROW3', 'COL7'}): ['SW54'], frozenset({'COL3', 'ROW1'}): ['SW20'], frozenset({'ROW4', 'COL9'}): ['SW70'], frozenset({'ROW2', 'COL5'}): ['SW37'], frozenset({'Net-(R2-Pad1)', 'GND'}): ['SW85'], frozenset({'ROW2', 'COL3'}): ['SW35'], frozenset({'unconnected-(D14-K-Pad1)', 'ROW0'}): ['SW11'], frozenset({'ROW2', 'COL4'}): ['SW36'], frozenset({'ROW3', 'COL15'}): ['SW60'], frozenset({'COL8', 'ROW0'}): ['SW9'], frozenset({'ROW0', 'unconnected-(D12-K-Pad1)'}): ['SW13'], frozenset({'ROW2', 'COL13'}): ['SW45'], frozenset({'COL12', 'ROW5'}): ['SW81'], frozenset({'unconnected-(D13-K-Pad1)', 'ROW0'}): ['SW12'], frozenset({'ROW3', 'COL11'}): ['SW58'], frozenset({'COL10', 'ROW5'}): ['SW79'], frozenset({'ROW3', 'COL0'}): ['SW47'], frozenset({'ROW1', 'COL7'}): ['SW24'], frozenset({'ROW3', 'COL3'}): ['SW50'], frozenset({'COL5', 'ROW0'}): ['SW6'], frozenset({'ROW2', 'COL11'}): ['SW43'], frozenset({'ROW4', 'COL2'}): ['SW63'], frozenset({'ROW3', 'COL8'}): ['SW55'], frozenset({'ROW3', 'COL13'}): ['SW59'], frozenset({'ROW3', 'COL10'}): ['SW57'], frozenset({'ROW4', 'COL0'}): ['SW61'], frozenset({'ROW1', 'COL2'}): ['SW19'], frozenset({'ROW2', 'COL10'}): ['SW42'], frozenset({'COL6', 'ROW5'}): ['SW78'], frozenset({'ROW0', 'COL2'}): ['SW3'], frozenset({'ROW4', 'COL5'}): ['SW66'], frozenset({'ROW5', 'COL14'}): ['SW83'], frozenset({'COL12', 'ROW1'}): ['SW29'], frozenset({'COL10', 'ROW1'}): ['SW27'], frozenset({'ROW3', 'COL4'}): ['SW51'], frozenset({'ROW4', 'COL6'}): ['SW67'], frozenset({'ROW2', 'COL15'}): ['SW46'], frozenset({'ROW1', 'COL11'}): ['SW28'], frozenset({'COL13', 'ROW1'}): ['SW30'], frozenset({'COL1', 'ROW1'}): ['SW18'], frozenset({'COL1', 'ROW0'}): ['SW2'], frozenset({'ROW2', 'COL0'}): ['SW32'], frozenset({'ROW2', 'COL1'}): ['SW33'], frozenset({'ROW4', 'COL4'}): ['SW65'], frozenset({'COL6', 'ROW0'}): ['SW7'], frozenset({'ROW3', 'COL1'}): ['SW48'], frozenset({'ROW4', 'COL7'}): ['SW68'], frozenset({'ROW5', 'COL0'}): ['SW75'], frozenset({'COL4', 'ROW1'}): ['SW21'], frozenset({'COL1', 'ROW5'}): ['SW76'], frozenset({'ROW0', 'COL15'}): ['SW16'], frozenset({'COL6', 'ROW1'}): ['SW23'], frozenset({'ROW4', 'COL15'}): ['SW74'], frozenset({'ROW1', 'COL0'}): ['SW17'], frozenset({'ROW2', 'COL8'}): ['SW40'], frozenset({'ROW0', 'COL0'}): ['SW1'], frozenset({'ROW4', 'COL1'}): ['SW62'], frozenset({'ROW0', 'COL7'}): ['SW8'], frozenset({'ROW4', 'COL8'}): ['SW69'], frozenset({'ROW3', 'COL2'}): ['SW49'], frozenset({'ROW4', 'COL13'}): ['SW73'], frozenset({'ROW4', 'COL11'}): ['SW72'], frozenset({'ROW2', 'COL2'}): ['SW34'], frozenset({'ROW2', 'COL7'}): ['SW39'], frozenset({'ROW2', 'COL9'}): ['SW41'], frozenset({'COL8', 'ROW1'}): ['SW25'], frozenset({'ROW4', 'COL3'}): ['SW64'], frozenset({'ROW4', 'COL10'}): ['SW71'], frozenset({'COL15', 'ROW5'}): ['SW84'], frozenset({'COL3', 'ROW0'}): ['SW4'], frozenset({'ROW5', 'COL2'}): ['SW77']})
DEBUG: key_placer.py:157: Diodes by switch: {'SW48': ['D53'], 'SW15': ['D10'], 'SW74': ['D74'], 'SW81': ['D84'], 'SW21': ['D26'], 'SW64': ['D65'], 'SW20': ['D27'], 'SW6': ['D3'], 'SW24': ['D23'], 'SW42': ['D43'], 'SW8': ['D1'], 'SW80': ['D80'], 'SW82': ['D83'], 'SW27': ['D20'], 'SW19': ['D28'], 'SW55': ['D58'], 'SW9': ['D16'], 'SW73': ['D73'], 'SW33': ['D40'], 'SW40': ['D33'], 'SW67': ['D62'], 'SW22': ['D25'], 'SW53': ['D48'], 'SW71': ['D70'], 'SW37': ['D36'], 'SW59': ['D59'], 'SW58': ['D55'], 'SW35': ['D38'], 'SW26': ['D21'], 'SW66': ['D63'], 'SW12': ['D13'], 'SW70': ['D71'], 'SW28': ['D19'], 'SW32': ['D41'], 'SW5': ['D4'], 'SW45': ['D44'], 'SW60': ['D60'], 'SW49': ['D52'], 'SW11': ['D14'], 'SW1': ['D8'], 'SW63': ['D66'], 'SW83': ['D82'], 'SW77': ['D77'], 'SW39': ['D34'], 'SW7': ['D2'], 'SW17': ['D30'], 'SW46': ['D46'], 'SW3': ['D6'], 'SW29': ['D18'], 'SW75': ['D75'], 'SW18': ['D29'], 'SW84': ['D81'], 'SW25': ['D22'], 'SW57': ['D56'], 'SW51': ['D50'], 'SW76': ['D76'], 'SW43': ['D42'], 'SW13': ['D12'], 'SW56': ['D57'], 'SW61': ['D68'], 'SW4': ['D5'], 'SW41': ['D32'], 'SW79': ['D79'], 'SW54': ['D47'], 'SW23': ['D24'], 'SW69': ['D72'], 'SW52': ['D49'], 'SW65': ['D64'], 'SW30': ['D17'], 'SW14': ['D11'], 'SW47': ['D54'], 'SW16': ['D9'], 'SW62': ['D67'], 'SW78': ['D78'], 'SW36': ['D37'], 'SW10': ['D15'], 'SW44': ['D45'], 'SW31': ['D31'], 'SW50': ['D51'], 'SW68': ['D61'], 'SW72': ['D69'], 'SW38': ['D35'], 'SW2': ['D7'], 'SW34': ['D39']}
INFO: key_placer.py:785: Using key 1U distance: (19.05, 19.05) mm
INFO: key_placer.py:803: Layout offset: (28575000, 28575000)
DEBUG: kle_serial.py:1131: Layout with: x_ortholinear_keys=45, y_ortholinear_keys=84, rotated_keys=0, encoders=0, iso_enters=0 and unrecognized_shape_keys=0
DEBUG: kle_serial.py:1156: Layout tagged: [<KeyboardTag.ROW_STAGGERED: 2>]
DEBUG: board_modifier.py:119: Setting SW1 footprint position: (38100000, 38100000)
DEBUG: board_modifier.py:119: Setting SW2 footprint position: (57150000, 38100000)
DEBUG: board_modifier.py:119: Setting SW3 footprint position: (76200000, 38100000)
DEBUG: board_modifier.py:119: Setting SW4 footprint position: (95250000, 38100000)
DEBUG: board_modifier.py:119: Setting SW5 footprint position: (114300000, 38100000)
DEBUG: board_modifier.py:119: Setting SW6 footprint position: (133350000, 38100000)
DEBUG: board_modifier.py:119: Setting SW7 footprint position: (152400000, 38100000)
DEBUG: board_modifier.py:119: Setting SW8 footprint position: (171450000, 38100000)
DEBUG: board_modifier.py:119: Setting SW9 footprint position: (190500000, 38100000)
DEBUG: board_modifier.py:119: Setting SW10 footprint position: (209550000, 38100000)
DEBUG: board_modifier.py:119: Setting SW11 footprint position: (228600000, 38100000)
DEBUG: board_modifier.py:119: Setting SW12 footprint position: (247650000, 38100000)
DEBUG: board_modifier.py:119: Setting SW13 footprint position: (266700000, 38100000)
DEBUG: board_modifier.py:119: Setting SW14 footprint position: (285750000, 38100000)
DEBUG: board_modifier.py:119: Setting SW15 footprint position: (304800000, 38100000)
DEBUG: board_modifier.py:119: Setting SW16 footprint position: (323850000, 38100000)
DEBUG: board_modifier.py:119: Setting SW17 footprint position: (38100000, 57150000)
DEBUG: board_modifier.py:119: Setting SW18 footprint position: (57150000, 57150000)
DEBUG: board_modifier.py:119: Setting SW19 footprint position: (76200000, 57150000)
DEBUG: board_modifier.py:119: Setting SW20 footprint position: (95250000, 57150000)
DEBUG: board_modifier.py:119: Setting SW21 footprint position: (114300000, 57150000)
DEBUG: board_modifier.py:119: Setting SW22 footprint position: (133350000, 57150000)
DEBUG: board_modifier.py:119: Setting SW23 footprint position: (152400000, 57150000)
DEBUG: board_modifier.py:119: Setting SW24 footprint position: (171450000, 57150000)
DEBUG: board_modifier.py:119: Setting SW25 footprint position: (190500000, 57150000)
DEBUG: board_modifier.py:119: Setting SW26 footprint position: (209550000, 57150000)
DEBUG: board_modifier.py:119: Setting SW27 footprint position: (228600000, 57150000)
DEBUG: board_modifier.py:119: Setting SW28 footprint position: (247650000, 57150000)
DEBUG: board_modifier.py:119: Setting SW29 footprint position: (266700000, 57150000)
DEBUG: board_modifier.py:119: Setting SW30 footprint position: (295275000, 57150000)
DEBUG: board_modifier.py:119: Setting SW31 footprint position: (323850000, 57150000)
DEBUG: board_modifier.py:119: Setting SW32 footprint position: (42862500, 76200000)
DEBUG: board_modifier.py:119: Setting SW33 footprint position: (66675000, 76200000)
DEBUG: board_modifier.py:119: Setting SW34 footprint position: (85725000, 76200000)
DEBUG: board_modifier.py:119: Setting SW35 footprint position: (104775000, 76200000)
DEBUG: board_modifier.py:119: Setting SW36 footprint position: (123825000, 76200000)
DEBUG: board_modifier.py:119: Setting SW37 footprint position: (142875000, 76200000)
DEBUG: board_modifier.py:119: Setting SW38 footprint position: (161925000, 76200000)
DEBUG: board_modifier.py:119: Setting SW39 footprint position: (180975000, 76200000)
DEBUG: board_modifier.py:119: Setting SW40 footprint position: (200025000, 76200000)
DEBUG: board_modifier.py:119: Setting SW41 footprint position: (219075000, 76200000)
DEBUG: board_modifier.py:119: Setting SW42 footprint position: (238125000, 76200000)
DEBUG: board_modifier.py:119: Setting SW43 footprint position: (257175000, 76200000)
DEBUG: board_modifier.py:119: Setting SW44 footprint position: (276225000, 76200000)
DEBUG: board_modifier.py:119: Setting SW45 footprint position: (300037500, 76200000)
DEBUG: board_modifier.py:119: Setting SW46 footprint position: (323850000, 76200000)
DEBUG: board_modifier.py:119: Setting SW47 footprint position: (45243750, 95250000)
DEBUG: board_modifier.py:119: Setting SW48 footprint position: (71437500, 95250000)
DEBUG: board_modifier.py:119: Setting SW49 footprint position: (90487500, 95250000)
DEBUG: board_modifier.py:119: Setting SW50 footprint position: (109537500, 95250000)
DEBUG: board_modifier.py:119: Setting SW51 footprint position: (128587500, 95250000)
DEBUG: board_modifier.py:119: Setting SW52 footprint position: (147637500, 95250000)
DEBUG: board_modifier.py:119: Setting SW53 footprint position: (166687500, 95250000)
DEBUG: board_modifier.py:119: Setting SW54 footprint position: (185737500, 95250000)
DEBUG: board_modifier.py:119: Setting SW55 footprint position: (204787500, 95250000)
DEBUG: board_modifier.py:119: Setting SW56 footprint position: (223837500, 95250000)
DEBUG: board_modifier.py:119: Setting SW57 footprint position: (242887500, 95250000)
DEBUG: board_modifier.py:119: Setting SW58 footprint position: (261937500, 95250000)
DEBUG: board_modifier.py:119: Setting SW59 footprint position: (292893750, 95250000)
DEBUG: board_modifier.py:119: Setting SW60 footprint position: (323850000, 95250000)
DEBUG: board_modifier.py:119: Setting SW61 footprint position: (50006250, 114300000)
DEBUG: board_modifier.py:119: Setting SW62 footprint position: (80962500, 114300000)
DEBUG: board_modifier.py:119: Setting SW63 footprint position: (100012500, 114300000)
DEBUG: board_modifier.py:119: Setting SW64 footprint position: (119062500, 114300000)
DEBUG: board_modifier.py:119: Setting SW65 footprint position: (138112500, 114300000)
DEBUG: board_modifier.py:119: Setting SW66 footprint position: (157162500, 114300000)
DEBUG: board_modifier.py:119: Setting SW67 footprint position: (176212500, 114300000)
DEBUG: board_modifier.py:119: Setting SW68 footprint position: (195262500, 114300000)
DEBUG: board_modifier.py:119: Setting SW69 footprint position: (214312500, 114300000)
DEBUG: board_modifier.py:119: Setting SW70 footprint position: (233362500, 114300000)
DEBUG: board_modifier.py:119: Setting SW71 footprint position: (252412500, 114300000)
DEBUG: board_modifier.py:119: Setting SW72 footprint position: (278606250, 114300000)
DEBUG: board_modifier.py:119: Setting SW73 footprint position: (304800000, 114300000)
DEBUG: board_modifier.py:119: Setting SW74 footprint position: (323850000, 114300000)
DEBUG: board_modifier.py:119: Setting SW75 footprint position: (40481250, 133350000)
DEBUG: board_modifier.py:119: Setting SW76 footprint position: (64293750, 133350000)
DEBUG: board_modifier.py:119: Setting SW77 footprint position: (88106250, 133350000)
DEBUG: board_modifier.py:119: Setting SW78 footprint position: (159543750, 133350000)
DEBUG: board_modifier.py:119: Setting SW79 footprint position: (228600000, 133350000)
DEBUG: board_modifier.py:119: Setting SW80 footprint position: (247650000, 133350000)
DEBUG: board_modifier.py:119: Setting SW81 footprint position: (266700000, 133350000)
DEBUG: board_modifier.py:119: Setting SW82 footprint position: (285750000, 133350000)
DEBUG: board_modifier.py:119: Setting SW83 footprint position: (304800000, 133350000)
DEBUG: board_modifier.py:119: Setting SW84 footprint position: (323850000, 133350000)
INFO: key_placer.py:1238: Diode info: [ElementInfo(annotation_format='D{}', position_option=<PositionOption.CUSTOM: 'Custom'>, position=ElementPosition(x=-5.0, y=-2.75, orientation=0.0, side=<Side.BACK: 'Back'>), template_path='', start_index=-1)]
DEBUG: board_modifier.py:132: Getting SW1 footprint position: (38100000, 38100000)
DEBUG: board_modifier.py:119: Setting D8 footprint position: (43100000, 40850000)
DEBUG: board_modifier.py:132: Getting D8 footprint position: (43100000, 40850000)
DEBUG: board_modifier.py:132: Getting SW2 footprint position: (57150000, 38100000)
DEBUG: board_modifier.py:119: Setting D7 footprint position: (62150000, 40850000)
DEBUG: board_modifier.py:132: Getting D7 footprint position: (62150000, 40850000)
DEBUG: board_modifier.py:132: Getting SW3 footprint position: (76200000, 38100000)
DEBUG: board_modifier.py:119: Setting D6 footprint position: (81200000, 40850000)
DEBUG: board_modifier.py:132: Getting D6 footprint position: (81200000, 40850000)
DEBUG: board_modifier.py:132: Getting SW4 footprint position: (95250000, 38100000)
DEBUG: board_modifier.py:119: Setting D5 footprint position: (100250000, 40850000)
DEBUG: board_modifier.py:132: Getting D5 footprint position: (100250000, 40850000)
DEBUG: board_modifier.py:132: Getting SW5 footprint position: (114300000, 38100000)
DEBUG: board_modifier.py:119: Setting D4 footprint position: (119300000, 40850000)
DEBUG: board_modifier.py:132: Getting D4 footprint position: (119300000, 40850000)
DEBUG: board_modifier.py:132: Getting SW6 footprint position: (133350000, 38100000)
DEBUG: board_modifier.py:119: Setting D3 footprint position: (138350000, 40850000)
DEBUG: board_modifier.py:132: Getting D3 footprint position: (138350000, 40850000)
DEBUG: board_modifier.py:132: Getting SW7 footprint position: (152400000, 38100000)
DEBUG: board_modifier.py:119: Setting D2 footprint position: (157400000, 40850000)
DEBUG: board_modifier.py:132: Getting D2 footprint position: (157400000, 40850000)
DEBUG: board_modifier.py:132: Getting SW8 footprint position: (171450000, 38100000)
DEBUG: board_modifier.py:119: Setting D1 footprint position: (176450000, 40850000)
DEBUG: board_modifier.py:132: Getting D1 footprint position: (176450000, 40850000)
DEBUG: board_modifier.py:132: Getting SW9 footprint position: (190500000, 38100000)
DEBUG: board_modifier.py:119: Setting D16 footprint position: (195500000, 40850000)
DEBUG: board_modifier.py:132: Getting D16 footprint position: (195500000, 40850000)
DEBUG: board_modifier.py:132: Getting SW10 footprint position: (209550000, 38100000)
DEBUG: board_modifier.py:119: Setting D15 footprint position: (214550000, 40850000)
DEBUG: board_modifier.py:132: Getting D15 footprint position: (214550000, 40850000)
DEBUG: board_modifier.py:132: Getting SW11 footprint position: (228600000, 38100000)
DEBUG: board_modifier.py:119: Setting D14 footprint position: (233600000, 40850000)
DEBUG: board_modifier.py:132: Getting D14 footprint position: (233600000, 40850000)
DEBUG: board_modifier.py:132: Getting SW12 footprint position: (247650000, 38100000)
DEBUG: board_modifier.py:119: Setting D13 footprint position: (252650000, 40850000)
DEBUG: board_modifier.py:132: Getting D13 footprint position: (252650000, 40850000)
DEBUG: board_modifier.py:132: Getting SW13 footprint position: (266700000, 38100000)
DEBUG: board_modifier.py:119: Setting D12 footprint position: (271700000, 40850000)
DEBUG: board_modifier.py:132: Getting D12 footprint position: (271700000, 40850000)
DEBUG: board_modifier.py:132: Getting SW14 footprint position: (285750000, 38100000)
DEBUG: board_modifier.py:119: Setting D11 footprint position: (290750000, 40850000)
DEBUG: board_modifier.py:132: Getting D11 footprint position: (290750000, 40850000)
DEBUG: board_modifier.py:132: Getting SW15 footprint position: (304800000, 38100000)
DEBUG: board_modifier.py:119: Setting D10 footprint position: (309800000, 40850000)
DEBUG: board_modifier.py:132: Getting D10 footprint position: (309800000, 40850000)
DEBUG: board_modifier.py:132: Getting SW16 footprint position: (323850000, 38100000)
DEBUG: board_modifier.py:119: Setting D9 footprint position: (328850000, 40850000)
DEBUG: board_modifier.py:132: Getting D9 footprint position: (328850000, 40850000)
DEBUG: board_modifier.py:132: Getting SW17 footprint position: (38100000, 57150000)
DEBUG: board_modifier.py:119: Setting D30 footprint position: (43100000, 59900000)
DEBUG: board_modifier.py:132: Getting D30 footprint position: (43100000, 59900000)
DEBUG: board_modifier.py:132: Getting SW18 footprint position: (57150000, 57150000)
DEBUG: board_modifier.py:119: Setting D29 footprint position: (62150000, 59900000)
DEBUG: board_modifier.py:132: Getting D29 footprint position: (62150000, 59900000)
DEBUG: board_modifier.py:132: Getting SW19 footprint position: (76200000, 57150000)
DEBUG: board_modifier.py:119: Setting D28 footprint position: (81200000, 59900000)
DEBUG: board_modifier.py:132: Getting D28 footprint position: (81200000, 59900000)
DEBUG: board_modifier.py:132: Getting SW20 footprint position: (95250000, 57150000)
DEBUG: board_modifier.py:119: Setting D27 footprint position: (100250000, 59900000)
DEBUG: board_modifier.py:132: Getting D27 footprint position: (100250000, 59900000)
DEBUG: board_modifier.py:132: Getting SW21 footprint position: (114300000, 57150000)
DEBUG: board_modifier.py:119: Setting D26 footprint position: (119300000, 59900000)
DEBUG: board_modifier.py:132: Getting D26 footprint position: (119300000, 59900000)
DEBUG: board_modifier.py:132: Getting SW22 footprint position: (133350000, 57150000)
DEBUG: board_modifier.py:119: Setting D25 footprint position: (138350000, 59900000)
DEBUG: board_modifier.py:132: Getting D25 footprint position: (138350000, 59900000)
DEBUG: board_modifier.py:132: Getting SW23 footprint position: (152400000, 57150000)
DEBUG: board_modifier.py:119: Setting D24 footprint position: (157400000, 59900000)
DEBUG: board_modifier.py:132: Getting D24 footprint position: (157400000, 59900000)
DEBUG: board_modifier.py:132: Getting SW24 footprint position: (171450000, 57150000)
DEBUG: board_modifier.py:119: Setting D23 footprint position: (176450000, 59900000)
DEBUG: board_modifier.py:132: Getting D23 footprint position: (176450000, 59900000)
DEBUG: board_modifier.py:132: Getting SW25 footprint position: (190500000, 57150000)
DEBUG: board_modifier.py:119: Setting D22 footprint position: (195500000, 59900000)
DEBUG: board_modifier.py:132: Getting D22 footprint position: (195500000, 59900000)
DEBUG: board_modifier.py:132: Getting SW26 footprint position: (209550000, 57150000)
DEBUG: board_modifier.py:119: Setting D21 footprint position: (214550000, 59900000)
DEBUG: board_modifier.py:132: Getting D21 footprint position: (214550000, 59900000)
DEBUG: board_modifier.py:132: Getting SW27 footprint position: (228600000, 57150000)
DEBUG: board_modifier.py:119: Setting D20 footprint position: (233600000, 59900000)
DEBUG: board_modifier.py:132: Getting D20 footprint position: (233600000, 59900000)
DEBUG: board_modifier.py:132: Getting SW28 footprint position: (247650000, 57150000)
DEBUG: board_modifier.py:119: Setting D19 footprint position: (252650000, 59900000)
DEBUG: board_modifier.py:132: Getting D19 footprint position: (252650000, 59900000)
DEBUG: board_modifier.py:132: Getting SW29 footprint position: (266700000, 57150000)
DEBUG: board_modifier.py:119: Setting D18 footprint position: (271700000, 59900000)
DEBUG: board_modifier.py:132: Getting D18 footprint position: (271700000, 59900000)
DEBUG: board_modifier.py:132: Getting SW30 footprint position: (295275000, 57150000)
DEBUG: board_modifier.py:119: Setting D17 footprint position: (300275000, 59900000)
DEBUG: board_modifier.py:132: Getting D17 footprint position: (300275000, 59900000)
DEBUG: board_modifier.py:132: Getting SW31 footprint position: (323850000, 57150000)
DEBUG: board_modifier.py:119: Setting D31 footprint position: (328850000, 59900000)
DEBUG: board_modifier.py:132: Getting D31 footprint position: (328850000, 59900000)
DEBUG: board_modifier.py:132: Getting SW32 footprint position: (42862500, 76200000)
DEBUG: board_modifier.py:119: Setting D41 footprint position: (47862500, 78950000)
DEBUG: board_modifier.py:132: Getting D41 footprint position: (47862500, 78950000)
DEBUG: board_modifier.py:132: Getting SW33 footprint position: (66675000, 76200000)
DEBUG: board_modifier.py:119: Setting D40 footprint position: (71675000, 78950000)
DEBUG: board_modifier.py:132: Getting D40 footprint position: (71675000, 78950000)
DEBUG: board_modifier.py:132: Getting SW34 footprint position: (85725000, 76200000)
DEBUG: board_modifier.py:119: Setting D39 footprint position: (90725000, 78950000)
DEBUG: board_modifier.py:132: Getting D39 footprint position: (90725000, 78950000)
DEBUG: board_modifier.py:132: Getting SW35 footprint position: (104775000, 76200000)
DEBUG: board_modifier.py:119: Setting D38 footprint position: (109775000, 78950000)
DEBUG: board_modifier.py:132: Getting D38 footprint position: (109775000, 78950000)
DEBUG: board_modifier.py:132: Getting SW36 footprint position: (123825000, 76200000)
DEBUG: board_modifier.py:119: Setting D37 footprint position: (128825000, 78950000)
DEBUG: board_modifier.py:132: Getting D37 footprint position: (128825000, 78950000)
DEBUG: board_modifier.py:132: Getting SW37 footprint position: (142875000, 76200000)
DEBUG: board_modifier.py:119: Setting D36 footprint position: (147875000, 78950000)
DEBUG: board_modifier.py:132: Getting D36 footprint position: (147875000, 78950000)
DEBUG: board_modifier.py:132: Getting SW38 footprint position: (161925000, 76200000)
DEBUG: board_modifier.py:119: Setting D35 footprint position: (166925000, 78950000)
DEBUG: board_modifier.py:132: Getting D35 footprint position: (166925000, 78950000)
DEBUG: board_modifier.py:132: Getting SW39 footprint position: (180975000, 76200000)
DEBUG: board_modifier.py:119: Setting D34 footprint position: (185975000, 78950000)
DEBUG: board_modifier.py:132: Getting D34 footprint position: (185975000, 78950000)
DEBUG: board_modifier.py:132: Getting SW40 footprint position: (200025000, 76200000)
DEBUG: board_modifier.py:119: Setting D33 footprint position: (205025000, 78950000)
DEBUG: board_modifier.py:132: Getting D33 footprint position: (205025000, 78950000)
DEBUG: board_modifier.py:132: Getting SW41 footprint position: (219075000, 76200000)
DEBUG: board_modifier.py:119: Setting D32 footprint position: (224075000, 78950000)
DEBUG: board_modifier.py:132: Getting D32 footprint position: (224075000, 78950000)
DEBUG: board_modifier.py:132: Getting SW42 footprint position: (238125000, 76200000)
DEBUG: board_modifier.py:119: Setting D43 footprint position: (243125000, 78950000)
DEBUG: board_modifier.py:132: Getting D43 footprint position: (243125000, 78950000)
DEBUG: board_modifier.py:132: Getting SW43 footprint position: (257175000, 76200000)
DEBUG: board_modifier.py:119: Setting D42 footprint position: (262175000, 78950000)
DEBUG: board_modifier.py:132: Getting D42 footprint position: (262175000, 78950000)
DEBUG: board_modifier.py:132: Getting SW44 footprint position: (276225000, 76200000)
DEBUG: board_modifier.py:119: Setting D45 footprint position: (281225000, 78950000)
DEBUG: board_modifier.py:132: Getting D45 footprint position: (281225000, 78950000)
DEBUG: board_modifier.py:132: Getting SW45 footprint position: (300037500, 76200000)
DEBUG: board_modifier.py:119: Setting D44 footprint position: (305037500, 78950000)
DEBUG: board_modifier.py:132: Getting D44 footprint position: (305037500, 78950000)
DEBUG: board_modifier.py:132: Getting SW46 footprint position: (323850000, 76200000)
DEBUG: board_modifier.py:119: Setting D46 footprint position: (328850000, 78950000)
DEBUG: board_modifier.py:132: Getting D46 footprint position: (328850000, 78950000)
DEBUG: board_modifier.py:132: Getting SW47 footprint position: (45243750, 95250000)
DEBUG: board_modifier.py:119: Setting D54 footprint position: (50243750, 98000000)
DEBUG: board_modifier.py:132: Getting D54 footprint position: (50243750, 98000000)
DEBUG: board_modifier.py:132: Getting SW48 footprint position: (71437500, 95250000)
DEBUG: board_modifier.py:119: Setting D53 footprint position: (76437500, 98000000)
DEBUG: board_modifier.py:132: Getting D53 footprint position: (76437500, 98000000)
DEBUG: board_modifier.py:132: Getting SW49 footprint position: (90487500, 95250000)
DEBUG: board_modifier.py:119: Setting D52 footprint position: (95487500, 98000000)
DEBUG: board_modifier.py:132: Getting D52 footprint position: (95487500, 98000000)
DEBUG: board_modifier.py:132: Getting SW50 footprint position: (109537500, 95250000)
DEBUG: board_modifier.py:119: Setting D51 footprint position: (114537500, 98000000)
DEBUG: board_modifier.py:132: Getting D51 footprint position: (114537500, 98000000)
DEBUG: board_modifier.py:132: Getting SW51 footprint position: (128587500, 95250000)
DEBUG: board_modifier.py:119: Setting D50 footprint position: (133587500, 98000000)
DEBUG: board_modifier.py:132: Getting D50 footprint position: (133587500, 98000000)
DEBUG: board_modifier.py:132: Getting SW52 footprint position: (147637500, 95250000)
DEBUG: board_modifier.py:119: Setting D49 footprint position: (152637500, 98000000)
DEBUG: board_modifier.py:132: Getting D49 footprint position: (152637500, 98000000)
DEBUG: board_modifier.py:132: Getting SW53 footprint position: (166687500, 95250000)
DEBUG: board_modifier.py:119: Setting D48 footprint position: (171687500, 98000000)
DEBUG: board_modifier.py:132: Getting D48 footprint position: (171687500, 98000000)
DEBUG: board_modifier.py:132: Getting SW54 footprint position: (185737500, 95250000)
DEBUG: board_modifier.py:119: Setting D47 footprint position: (190737500, 98000000)
DEBUG: board_modifier.py:132: Getting D47 footprint position: (190737500, 98000000)
DEBUG: board_modifier.py:132: Getting SW55 footprint position: (204787500, 95250000)
DEBUG: board_modifier.py:119: Setting D58 footprint position: (209787500, 98000000)
DEBUG: board_modifier.py:132: Getting D58 footprint position: (209787500, 98000000)
DEBUG: board_modifier.py:132: Getting SW56 footprint position: (223837500, 95250000)
DEBUG: board_modifier.py:119: Setting D57 footprint position: (228837500, 98000000)
DEBUG: board_modifier.py:132: Getting D57 footprint position: (228837500, 98000000)
DEBUG: board_modifier.py:132: Getting SW57 footprint position: (242887500, 95250000)
DEBUG: board_modifier.py:119: Setting D56 footprint position: (247887500, 98000000)
DEBUG: board_modifier.py:132: Getting D56 footprint position: (247887500, 98000000)
DEBUG: board_modifier.py:132: Getting SW58 footprint position: (261937500, 95250000)
DEBUG: board_modifier.py:119: Setting D55 footprint position: (266937500, 98000000)
DEBUG: board_modifier.py:132: Getting D55 footprint position: (266937500, 98000000)
DEBUG: board_modifier.py:132: Getting SW59 footprint position: (292893750, 95250000)
DEBUG: board_modifier.py:119: Setting D59 footprint position: (297893750, 98000000)
DEBUG: board_modifier.py:132: Getting D59 footprint position: (297893750, 98000000)
DEBUG: board_modifier.py:132: Getting SW60 footprint position: (323850000, 95250000)
DEBUG: board_modifier.py:119: Setting D60 footprint position: (328850000, 98000000)
DEBUG: board_modifier.py:132: Getting D60 footprint position: (328850000, 98000000)
DEBUG: board_modifier.py:132: Getting SW61 footprint position: (50006250, 114300000)
DEBUG: board_modifier.py:119: Setting D68 footprint position: (55006250, 117050000)
DEBUG: board_modifier.py:132: Getting D68 footprint position: (55006250, 117050000)
DEBUG: board_modifier.py:132: Getting SW62 footprint position: (80962500, 114300000)
DEBUG: board_modifier.py:119: Setting D67 footprint position: (85962500, 117050000)
DEBUG: board_modifier.py:132: Getting D67 footprint position: (85962500, 117050000)
DEBUG: board_modifier.py:132: Getting SW63 footprint position: (100012500, 114300000)
DEBUG: board_modifier.py:119: Setting D66 footprint position: (105012500, 117050000)
DEBUG: board_modifier.py:132: Getting D66 footprint position: (105012500, 117050000)
DEBUG: board_modifier.py:132: Getting SW64 footprint position: (119062500, 114300000)
DEBUG: board_modifier.py:119: Setting D65 footprint position: (124062500, 117050000)
DEBUG: board_modifier.py:132: Getting D65 footprint position: (124062500, 117050000)
DEBUG: board_modifier.py:132: Getting SW65 footprint position: (138112500, 114300000)
DEBUG: board_modifier.py:119: Setting D64 footprint position: (143112500, 117050000)
DEBUG: board_modifier.py:132: Getting D64 footprint position: (143112500, 117050000)
DEBUG: board_modifier.py:132: Getting SW66 footprint position: (157162500, 114300000)
DEBUG: board_modifier.py:119: Setting D63 footprint position: (162162500, 117050000)
DEBUG: board_modifier.py:132: Getting D63 footprint position: (162162500, 117050000)
DEBUG: board_modifier.py:132: Getting SW67 footprint position: (176212500, 114300000)
DEBUG: board_modifier.py:119: Setting D62 footprint position: (181212500, 117050000)
DEBUG: board_modifier.py:132: Getting D62 footprint position: (181212500, 117050000)
DEBUG: board_modifier.py:132: Getting SW68 footprint position: (195262500, 114300000)
DEBUG: board_modifier.py:119: Setting D61 footprint position: (200262500, 117050000)
DEBUG: board_modifier.py:132: Getting D61 footprint position: (200262500, 117050000)
DEBUG: board_modifier.py:132: Getting SW69 footprint position: (214312500, 114300000)
DEBUG: board_modifier.py:119: Setting D72 footprint position: (219312500, 117050000)
DEBUG: board_modifier.py:132: Getting D72 footprint position: (219312500, 117050000)
DEBUG: board_modifier.py:132: Getting SW70 footprint position: (233362500, 114300000)
DEBUG: board_modifier.py:119: Setting D71 footprint position: (238362500, 117050000)
DEBUG: board_modifier.py:132: Getting D71 footprint position: (238362500, 117050000)
DEBUG: board_modifier.py:132: Getting SW71 footprint position: (252412500, 114300000)
DEBUG: board_modifier.py:119: Setting D70 footprint position: (257412500, 117050000)
DEBUG: board_modifier.py:132: Getting D70 footprint position: (257412500, 117050000)
DEBUG: board_modifier.py:132: Getting SW72 footprint position: (278606250, 114300000)
DEBUG: board_modifier.py:119: Setting D69 footprint position: (283606250, 117050000)
DEBUG: board_modifier.py:132: Getting D69 footprint position: (283606250, 117050000)
DEBUG: board_modifier.py:132: Getting SW73 footprint position: (304800000, 114300000)
DEBUG: board_modifier.py:119: Setting D73 footprint position: (309800000, 117050000)
DEBUG: board_modifier.py:132: Getting D73 footprint position: (309800000, 117050000)
DEBUG: board_modifier.py:132: Getting SW74 footprint position: (323850000, 114300000)
DEBUG: board_modifier.py:119: Setting D74 footprint position: (328850000, 117050000)
DEBUG: board_modifier.py:132: Getting D74 footprint position: (328850000, 117050000)
DEBUG: board_modifier.py:132: Getting SW75 footprint position: (40481250, 133350000)
DEBUG: board_modifier.py:119: Setting D75 footprint position: (45481250, 136100000)
DEBUG: board_modifier.py:132: Getting D75 footprint position: (45481250, 136100000)
DEBUG: board_modifier.py:132: Getting SW76 footprint position: (64293750, 133350000)
DEBUG: board_modifier.py:119: Setting D76 footprint position: (69293750, 136100000)
DEBUG: board_modifier.py:132: Getting D76 footprint position: (69293750, 136100000)
DEBUG: board_modifier.py:132: Getting SW77 footprint position: (88106250, 133350000)
DEBUG: board_modifier.py:119: Setting D77 footprint position: (93106250, 136100000)
DEBUG: board_modifier.py:132: Getting D77 footprint position: (93106250, 136100000)
DEBUG: board_modifier.py:132: Getting SW78 footprint position: (159543750, 133350000)
DEBUG: board_modifier.py:119: Setting D78 footprint position: (164543750, 136100000)
DEBUG: board_modifier.py:132: Getting D78 footprint position: (164543750, 136100000)
DEBUG: board_modifier.py:132: Getting SW79 footprint position: (228600000, 133350000)
DEBUG: board_modifier.py:119: Setting D79 footprint position: (233600000, 136100000)
DEBUG: board_modifier.py:132: Getting D79 footprint position: (233600000, 136100000)
DEBUG: board_modifier.py:132: Getting SW80 footprint position: (247650000, 133350000)
DEBUG: board_modifier.py:119: Setting D80 footprint position: (252650000, 136100000)
DEBUG: board_modifier.py:132: Getting D80 footprint position: (252650000, 136100000)
DEBUG: board_modifier.py:132: Getting SW81 footprint position: (266700000, 133350000)
DEBUG: board_modifier.py:119: Setting D84 footprint position: (271700000, 136100000)
DEBUG: board_modifier.py:132: Getting D84 footprint position: (271700000, 136100000)
DEBUG: board_modifier.py:132: Getting SW82 footprint position: (285750000, 133350000)
DEBUG: board_modifier.py:119: Setting D83 footprint position: (290750000, 136100000)
DEBUG: board_modifier.py:132: Getting D83 footprint position: (290750000, 136100000)
DEBUG: board_modifier.py:132: Getting SW83 footprint position: (304800000, 133350000)
DEBUG: board_modifier.py:119: Setting D82 footprint position: (309800000, 136100000)
DEBUG: board_modifier.py:132: Getting D82 footprint position: (309800000, 136100000)
DEBUG: board_modifier.py:132: Getting SW84 footprint position: (323850000, 133350000)
DEBUG: board_modifier.py:119: Setting D81 footprint position: (328850000, 136100000)
DEBUG: board_modifier.py:132: Getting D81 footprint position: (328850000, 136100000)
DEBUG: board_modifier.py:132: Getting SW85 footprint position: (-40714824, 19980000)
INFO: key_placer.py:979: Placing additional elements for SW31
DEBUG: board_modifier.py:132: Getting SW31 footprint position: (323850000, 57150000)
DEBUG: board_modifier.py:84: Searching for optional ST31 footprint in C:\Users\yaksh\KBoard\KBoard.kicad_pcb
DEBUG: board_modifier.py:89: Footprint not found
INFO: key_placer.py:979: Placing additional elements for SW82
DEBUG: board_modifier.py:132: Getting SW82 footprint position: (285750000, 133350000)
DEBUG: board_modifier.py:84: Searching for optional ST82 footprint in C:\Users\yaksh\KBoard\KBoard.kicad_pcb
DEBUG: board_modifier.py:89: Footprint not found
INFO: key_placer.py:979: Placing additional elements for SW15
DEBUG: board_modifier.py:132: Getting SW15 footprint position: (304800000, 38100000)
DEBUG: board_modifier.py:84: Searching for optional ST15 footprint in C:\Users\yaksh\KBoard\KBoard.kicad_pcb
DEBUG: board_modifier.py:89: Footprint not found
INFO: key_placer.py:979: Placing additional elements for SW53
DEBUG: board_modifier.py:132: Getting SW53 footprint position: (166687500, 95250000)
DEBUG: board_modifier.py:84: Searching for optional ST53 footprint in C:\Users\yaksh\KBoard\KBoard.kicad_pcb
DEBUG: board_modifier.py:89: Footprint not found
INFO: key_placer.py:979: Placing additional elements for SW10
DEBUG: board_modifier.py:132: Getting SW10 footprint position: (209550000, 38100000)
DEBUG: board_modifier.py:84: Searching for optional ST10 footprint in C:\Users\yaksh\KBoard\KBoard.kicad_pcb
DEBUG: board_modifier.py:89: Footprint not found
INFO: key_placer.py:979: Placing additional elements for SW5
DEBUG: board_modifier.py:132: Getting SW5 footprint position: (114300000, 38100000)
DEBUG: board_modifier.py:84: Searching for optional ST5 footprint in C:\Users\yaksh\KBoard\KBoard.kicad_pcb
DEBUG: board_modifier.py:89: Footprint not found
INFO: key_placer.py:979: Placing additional elements for SW14
DEBUG: board_modifier.py:132: Getting SW14 footprint position: (285750000, 38100000)
DEBUG: board_modifier.py:84: Searching for optional ST14 footprint in C:\Users\yaksh\KBoard\KBoard.kicad_pcb
DEBUG: board_modifier.py:89: Footprint not found
INFO: key_placer.py:979: Placing additional elements for SW22
DEBUG: board_modifier.py:132: Getting SW22 footprint position: (133350000, 57150000)
DEBUG: board_modifier.py:84: Searching for optional ST22 footprint in C:\Users\yaksh\KBoard\KBoard.kicad_pcb
DEBUG: board_modifier.py:89: Footprint not found
INFO: key_placer.py:979: Placing additional elements for SW44
DEBUG: board_modifier.py:132: Getting SW44 footprint position: (276225000, 76200000)
DEBUG: board_modifier.py:84: Searching for optional ST44 footprint in C:\Users\yaksh\KBoard\KBoard.kicad_pcb
DEBUG: board_modifier.py:89: Footprint not found
INFO: key_placer.py:979: Placing additional elements for SW52
DEBUG: board_modifier.py:132: Getting SW52 footprint position: (147637500, 95250000)
DEBUG: board_modifier.py:84: Searching for optional ST52 footprint in C:\Users\yaksh\KBoard\KBoard.kicad_pcb
DEBUG: board_modifier.py:89: Footprint not found
INFO: key_placer.py:979: Placing additional elements for SW38
DEBUG: board_modifier.py:132: Getting SW38 footprint position: (161925000, 76200000)
DEBUG: board_modifier.py:84: Searching for optional ST38 footprint in C:\Users\yaksh\KBoard\KBoard.kicad_pcb
DEBUG: board_modifier.py:89: Footprint not found
INFO: key_placer.py:979: Placing additional elements for SW56
DEBUG: board_modifier.py:132: Getting SW56 footprint position: (223837500, 95250000)
DEBUG: board_modifier.py:84: Searching for optional ST56 footprint in C:\Users\yaksh\KBoard\KBoard.kicad_pcb
DEBUG: board_modifier.py:89: Footprint not found
INFO: key_placer.py:979: Placing additional elements for SW26
DEBUG: board_modifier.py:132: Getting SW26 footprint position: (209550000, 57150000)
DEBUG: board_modifier.py:84: Searching for optional ST26 footprint in C:\Users\yaksh\KBoard\KBoard.kicad_pcb
DEBUG: board_modifier.py:89: Footprint not found
INFO: key_placer.py:979: Placing additional elements for SW80
DEBUG: board_modifier.py:132: Getting SW80 footprint position: (247650000, 133350000)
DEBUG: board_modifier.py:84: Searching for optional ST80 footprint in C:\Users\yaksh\KBoard\KBoard.kicad_pcb
DEBUG: board_modifier.py:89: Footprint not found
INFO: key_placer.py:979: Placing additional elements for SW54
DEBUG: board_modifier.py:132: Getting SW54 footprint position: (185737500, 95250000)
DEBUG: board_modifier.py:84: Searching for optional ST54 footprint in C:\Users\yaksh\KBoard\KBoard.kicad_pcb
DEBUG: board_modifier.py:89: Footprint not found
INFO: key_placer.py:979: Placing additional elements for SW20
DEBUG: board_modifier.py:132: Getting SW20 footprint position: (95250000, 57150000)
DEBUG: board_modifier.py:84: Searching for optional ST20 footprint in C:\Users\yaksh\KBoard\KBoard.kicad_pcb
DEBUG: board_modifier.py:89: Footprint not found
INFO: key_placer.py:979: Placing additional elements for SW70
DEBUG: board_modifier.py:132: Getting SW70 footprint position: (233362500, 114300000)
DEBUG: board_modifier.py:84: Searching for optional ST70 footprint in C:\Users\yaksh\KBoard\KBoard.kicad_pcb
DEBUG: board_modifier.py:89: Footprint not found
INFO: key_placer.py:979: Placing additional elements for SW37
DEBUG: board_modifier.py:132: Getting SW37 footprint position: (142875000, 76200000)
DEBUG: board_modifier.py:84: Searching for optional ST37 footprint in C:\Users\yaksh\KBoard\KBoard.kicad_pcb
DEBUG: board_modifier.py:89: Footprint not found
INFO: key_placer.py:979: Placing additional elements for SW85
DEBUG: board_modifier.py:132: Getting SW85 footprint position: (-40714824, 19980000)
DEBUG: board_modifier.py:84: Searching for optional ST85 footprint in C:\Users\yaksh\KBoard\KBoard.kicad_pcb
DEBUG: board_modifier.py:89: Footprint not found
INFO: key_placer.py:979: Placing additional elements for SW35
DEBUG: board_modifier.py:132: Getting SW35 footprint position: (104775000, 76200000)
DEBUG: board_modifier.py:84: Searching for optional ST35 footprint in C:\Users\yaksh\KBoard\KBoard.kicad_pcb
DEBUG: board_modifier.py:89: Footprint not found
INFO: key_placer.py:979: Placing additional elements for SW11
DEBUG: board_modifier.py:132: Getting SW11 footprint position: (228600000, 38100000)
DEBUG: board_modifier.py:84: Searching for optional ST11 footprint in C:\Users\yaksh\KBoard\KBoard.kicad_pcb
DEBUG: board_modifier.py:89: Footprint not found
INFO: key_placer.py:979: Placing additional elements for SW36
DEBUG: board_modifier.py:132: Getting SW36 footprint position: (123825000, 76200000)
DEBUG: board_modifier.py:84: Searching for optional ST36 footprint in C:\Users\yaksh\KBoard\KBoard.kicad_pcb
DEBUG: board_modifier.py:89: Footprint not found
INFO: key_placer.py:979: Placing additional elements for SW60
DEBUG: board_modifier.py:132: Getting SW60 footprint position: (323850000, 95250000)
DEBUG: board_modifier.py:84: Searching for optional ST60 footprint in C:\Users\yaksh\KBoard\KBoard.kicad_pcb
DEBUG: board_modifier.py:89: Footprint not found
INFO: key_placer.py:979: Placing additional elements for SW9
DEBUG: board_modifier.py:132: Getting SW9 footprint position: (190500000, 38100000)
DEBUG: board_modifier.py:84: Searching for optional ST9 footprint in C:\Users\yaksh\KBoard\KBoard.kicad_pcb
DEBUG: board_modifier.py:89: Footprint not found
INFO: key_placer.py:979: Placing additional elements for SW13
DEBUG: board_modifier.py:132: Getting SW13 footprint position: (266700000, 38100000)
DEBUG: board_modifier.py:84: Searching for optional ST13 footprint in C:\Users\yaksh\KBoard\KBoard.kicad_pcb
DEBUG: board_modifier.py:89: Footprint not found
INFO: key_placer.py:979: Placing additional elements for SW45
DEBUG: board_modifier.py:132: Getting SW45 footprint position: (300037500, 76200000)
DEBUG: board_modifier.py:84: Searching for optional ST45 footprint in C:\Users\yaksh\KBoard\KBoard.kicad_pcb
DEBUG: board_modifier.py:89: Footprint not found
INFO: key_placer.py:979: Placing additional elements for SW81
DEBUG: board_modifier.py:132: Getting SW81 footprint position: (266700000, 133350000)
DEBUG: board_modifier.py:84: Searching for optional ST81 footprint in C:\Users\yaksh\KBoard\KBoard.kicad_pcb
DEBUG: board_modifier.py:89: Footprint not found
INFO: key_placer.py:979: Placing additional elements for SW12
DEBUG: board_modifier.py:132: Getting SW12 footprint position: (247650000, 38100000)
DEBUG: board_modifier.py:84: Searching for optional ST12 footprint in C:\Users\yaksh\KBoard\KBoard.kicad_pcb
DEBUG: board_modifier.py:89: Footprint not found
INFO: key_placer.py:979: Placing additional elements for SW58
DEBUG: board_modifier.py:132: Getting SW58 footprint position: (261937500, 95250000)
DEBUG: board_modifier.py:84: Searching for optional ST58 footprint in C:\Users\yaksh\KBoard\KBoard.kicad_pcb
DEBUG: board_modifier.py:89: Footprint not found
INFO: key_placer.py:979: Placing additional elements for SW79
DEBUG: board_modifier.py:132: Getting SW79 footprint position: (228600000, 133350000)
DEBUG: board_modifier.py:84: Searching for optional ST79 footprint in C:\Users\yaksh\KBoard\KBoard.kicad_pcb
DEBUG: board_modifier.py:89: Footprint not found
INFO: key_placer.py:979: Placing additional elements for SW47
DEBUG: board_modifier.py:132: Getting SW47 footprint position: (45243750, 95250000)
DEBUG: board_modifier.py:84: Searching for optional ST47 footprint in C:\Users\yaksh\KBoard\KBoard.kicad_pcb
DEBUG: board_modifier.py:89: Footprint not found
INFO: key_placer.py:979: Placing additional elements for SW24
DEBUG: board_modifier.py:132: Getting SW24 footprint position: (171450000, 57150000)
DEBUG: board_modifier.py:84: Searching for optional ST24 footprint in C:\Users\yaksh\KBoard\KBoard.kicad_pcb
DEBUG: board_modifier.py:89: Footprint not found
INFO: key_placer.py:979: Placing additional elements for SW50
DEBUG: board_modifier.py:132: Getting SW50 footprint position: (109537500, 95250000)
DEBUG: board_modifier.py:84: Searching for optional ST50 footprint in C:\Users\yaksh\KBoard\KBoard.kicad_pcb
DEBUG: board_modifier.py:89: Footprint not found
INFO: key_placer.py:979: Placing additional elements for SW6
DEBUG: board_modifier.py:132: Getting SW6 footprint position: (133350000, 38100000)
DEBUG: board_modifier.py:84: Searching for optional ST6 footprint in C:\Users\yaksh\KBoard\KBoard.kicad_pcb
DEBUG: board_modifier.py:89: Footprint not found
INFO: key_placer.py:979: Placing additional elements for SW43
DEBUG: board_modifier.py:132: Getting SW43 footprint position: (257175000, 76200000)
DEBUG: board_modifier.py:84: Searching for optional ST43 footprint in C:\Users\yaksh\KBoard\KBoard.kicad_pcb
DEBUG: board_modifier.py:89: Footprint not found
INFO: key_placer.py:979: Placing additional elements for SW63
DEBUG: board_modifier.py:132: Getting SW63 footprint position: (100012500, 114300000)
DEBUG: board_modifier.py:84: Searching for optional ST63 footprint in C:\Users\yaksh\KBoard\KBoard.kicad_pcb
DEBUG: board_modifier.py:89: Footprint not found
INFO: key_placer.py:979: Placing additional elements for SW55
DEBUG: board_modifier.py:132: Getting SW55 footprint position: (204787500, 95250000)
DEBUG: board_modifier.py:84: Searching for optional ST55 footprint in C:\Users\yaksh\KBoard\KBoard.kicad_pcb
DEBUG: board_modifier.py:89: Footprint not found
INFO: key_placer.py:979: Placing additional elements for SW59
DEBUG: board_modifier.py:132: Getting SW59 footprint position: (292893750, 95250000)
DEBUG: board_modifier.py:84: Searching for optional ST59 footprint in C:\Users\yaksh\KBoard\KBoard.kicad_pcb
DEBUG: board_modifier.py:89: Footprint not found
INFO: key_placer.py:979: Placing additional elements for SW57
DEBUG: board_modifier.py:132: Getting SW57 footprint position: (242887500, 95250000)
DEBUG: board_modifier.py:84: Searching for optional ST57 footprint in C:\Users\yaksh\KBoard\KBoard.kicad_pcb
DEBUG: board_modifier.py:89: Footprint not found
INFO: key_placer.py:979: Placing additional elements for SW61
DEBUG: board_modifier.py:132: Getting SW61 footprint position: (50006250, 114300000)
DEBUG: board_modifier.py:84: Searching for optional ST61 footprint in C:\Users\yaksh\KBoard\KBoard.kicad_pcb
DEBUG: board_modifier.py:89: Footprint not found
INFO: key_placer.py:979: Placing additional elements for SW19
DEBUG: board_modifier.py:132: Getting SW19 footprint position: (76200000, 57150000)
DEBUG: board_modifier.py:84: Searching for optional ST19 footprint in C:\Users\yaksh\KBoard\KBoard.kicad_pcb
DEBUG: board_modifier.py:89: Footprint not found
INFO: key_placer.py:979: Placing additional elements for SW42
DEBUG: board_modifier.py:132: Getting SW42 footprint position: (238125000, 76200000)
DEBUG: board_modifier.py:84: Searching for optional ST42 footprint in C:\Users\yaksh\KBoard\KBoard.kicad_pcb
DEBUG: board_modifier.py:89: Footprint not found
INFO: key_placer.py:979: Placing additional elements for SW78
DEBUG: board_modifier.py:132: Getting SW78 footprint position: (159543750, 133350000)
DEBUG: board_modifier.py:84: Searching for optional ST78 footprint in C:\Users\yaksh\KBoard\KBoard.kicad_pcb
DEBUG: board_modifier.py:89: Footprint not found
INFO: key_placer.py:979: Placing additional elements for SW3
DEBUG: board_modifier.py:132: Getting SW3 footprint position: (76200000, 38100000)
DEBUG: board_modifier.py:84: Searching for optional ST3 footprint in C:\Users\yaksh\KBoard\KBoard.kicad_pcb
DEBUG: board_modifier.py:89: Footprint not found
INFO: key_placer.py:979: Placing additional elements for SW66
DEBUG: board_modifier.py:132: Getting SW66 footprint position: (157162500, 114300000)
DEBUG: board_modifier.py:84: Searching for optional ST66 footprint in C:\Users\yaksh\KBoard\KBoard.kicad_pcb
DEBUG: board_modifier.py:89: Footprint not found
INFO: key_placer.py:979: Placing additional elements for SW83
DEBUG: board_modifier.py:132: Getting SW83 footprint position: (304800000, 133350000)
DEBUG: board_modifier.py:84: Searching for optional ST83 footprint in C:\Users\yaksh\KBoard\KBoard.kicad_pcb
DEBUG: board_modifier.py:89: Footprint not found
INFO: key_placer.py:979: Placing additional elements for SW29
DEBUG: board_modifier.py:132: Getting SW29 footprint position: (266700000, 57150000)
DEBUG: board_modifier.py:84: Searching for optional ST29 footprint in C:\Users\yaksh\KBoard\KBoard.kicad_pcb
DEBUG: board_modifier.py:89: Footprint not found
INFO: key_placer.py:979: Placing additional elements for SW27
DEBUG: board_modifier.py:132: Getting SW27 footprint position: (228600000, 57150000)
DEBUG: board_modifier.py:84: Searching for optional ST27 footprint in C:\Users\yaksh\KBoard\KBoard.kicad_pcb
DEBUG: board_modifier.py:89: Footprint not found
INFO: key_placer.py:979: Placing additional elements for SW51
DEBUG: board_modifier.py:132: Getting SW51 footprint position: (128587500, 95250000)
DEBUG: board_modifier.py:84: Searching for optional ST51 footprint in C:\Users\yaksh\KBoard\KBoard.kicad_pcb
DEBUG: board_modifier.py:89: Footprint not found
INFO: key_placer.py:979: Placing additional elements for SW67
DEBUG: board_modifier.py:132: Getting SW67 footprint position: (176212500, 114300000)
DEBUG: board_modifier.py:84: Searching for optional ST67 footprint in C:\Users\yaksh\KBoard\KBoard.kicad_pcb
DEBUG: board_modifier.py:89: Footprint not found
INFO: key_placer.py:979: Placing additional elements for SW46
DEBUG: board_modifier.py:132: Getting SW46 footprint position: (323850000, 76200000)
DEBUG: board_modifier.py:84: Searching for optional ST46 footprint in C:\Users\yaksh\KBoard\KBoard.kicad_pcb
DEBUG: board_modifier.py:89: Footprint not found
INFO: key_placer.py:979: Placing additional elements for SW28
DEBUG: board_modifier.py:132: Getting SW28 footprint position: (247650000, 57150000)
DEBUG: board_modifier.py:84: Searching for optional ST28 footprint in C:\Users\yaksh\KBoard\KBoard.kicad_pcb
DEBUG: board_modifier.py:89: Footprint not found
INFO: key_placer.py:979: Placing additional elements for SW30
DEBUG: board_modifier.py:132: Getting SW30 footprint position: (295275000, 57150000)
DEBUG: board_modifier.py:84: Searching for optional ST30 footprint in C:\Users\yaksh\KBoard\KBoard.kicad_pcb
DEBUG: board_modifier.py:89: Footprint not found
INFO: key_placer.py:979: Placing additional elements for SW18
DEBUG: board_modifier.py:132: Getting SW18 footprint position: (57150000, 57150000)
DEBUG: board_modifier.py:84: Searching for optional ST18 footprint in C:\Users\yaksh\KBoard\KBoard.kicad_pcb
DEBUG: board_modifier.py:89: Footprint not found
INFO: key_placer.py:979: Placing additional elements for SW2
DEBUG: board_modifier.py:132: Getting SW2 footprint position: (57150000, 38100000)
DEBUG: board_modifier.py:84: Searching for optional ST2 footprint in C:\Users\yaksh\KBoard\KBoard.kicad_pcb
DEBUG: board_modifier.py:89: Footprint not found
INFO: key_placer.py:979: Placing additional elements for SW32
DEBUG: board_modifier.py:132: Getting SW32 footprint position: (42862500, 76200000)
DEBUG: board_modifier.py:84: Searching for optional ST32 footprint in C:\Users\yaksh\KBoard\KBoard.kicad_pcb
DEBUG: board_modifier.py:89: Footprint not found
INFO: key_placer.py:979: Placing additional elements for SW33
DEBUG: board_modifier.py:132: Getting SW33 footprint position: (66675000, 76200000)
DEBUG: board_modifier.py:84: Searching for optional ST33 footprint in C:\Users\yaksh\KBoard\KBoard.kicad_pcb
DEBUG: board_modifier.py:89: Footprint not found
INFO: key_placer.py:979: Placing additional elements for SW65
DEBUG: board_modifier.py:132: Getting SW65 footprint position: (138112500, 114300000)
DEBUG: board_modifier.py:84: Searching for optional ST65 footprint in C:\Users\yaksh\KBoard\KBoard.kicad_pcb
DEBUG: board_modifier.py:89: Footprint not found
INFO: key_placer.py:979: Placing additional elements for SW7
DEBUG: board_modifier.py:132: Getting SW7 footprint position: (152400000, 38100000)
DEBUG: board_modifier.py:84: Searching for optional ST7 footprint in C:\Users\yaksh\KBoard\KBoard.kicad_pcb
DEBUG: board_modifier.py:89: Footprint not found
INFO: key_placer.py:979: Placing additional elements for SW48
DEBUG: board_modifier.py:132: Getting SW48 footprint position: (71437500, 95250000)
DEBUG: board_modifier.py:84: Searching for optional ST48 footprint in C:\Users\yaksh\KBoard\KBoard.kicad_pcb
DEBUG: board_modifier.py:89: Footprint not found
INFO: key_placer.py:979: Placing additional elements for SW68
DEBUG: board_modifier.py:132: Getting SW68 footprint position: (195262500, 114300000)
DEBUG: board_modifier.py:84: Searching for optional ST68 footprint in C:\Users\yaksh\KBoard\KBoard.kicad_pcb
DEBUG: board_modifier.py:89: Footprint not found
INFO: key_placer.py:979: Placing additional elements for SW75
DEBUG: board_modifier.py:132: Getting SW75 footprint position: (40481250, 133350000)
DEBUG: board_modifier.py:84: Searching for optional ST75 footprint in C:\Users\yaksh\KBoard\KBoard.kicad_pcb
DEBUG: board_modifier.py:89: Footprint not found
INFO: key_placer.py:979: Placing additional elements for SW21
DEBUG: board_modifier.py:132: Getting SW21 footprint position: (114300000, 57150000)
DEBUG: board_modifier.py:84: Searching for optional ST21 footprint in C:\Users\yaksh\KBoard\KBoard.kicad_pcb
DEBUG: board_modifier.py:89: Footprint not found
INFO: key_placer.py:979: Placing additional elements for SW76
DEBUG: board_modifier.py:132: Getting SW76 footprint position: (64293750, 133350000)
DEBUG: board_modifier.py:84: Searching for optional ST76 footprint in C:\Users\yaksh\KBoard\KBoard.kicad_pcb
DEBUG: board_modifier.py:89: Footprint not found
INFO: key_placer.py:979: Placing additional elements for SW16
DEBUG: board_modifier.py:132: Getting SW16 footprint position: (323850000, 38100000)
DEBUG: board_modifier.py:84: Searching for optional ST16 footprint in C:\Users\yaksh\KBoard\KBoard.kicad_pcb
DEBUG: board_modifier.py:89: Footprint not found
INFO: key_placer.py:979: Placing additional elements for SW23
DEBUG: board_modifier.py:132: Getting SW23 footprint position: (152400000, 57150000)
DEBUG: board_modifier.py:84: Searching for optional ST23 footprint in C:\Users\yaksh\KBoard\KBoard.kicad_pcb
DEBUG: board_modifier.py:89: Footprint not found
INFO: key_placer.py:979: Placing additional elements for SW74
DEBUG: board_modifier.py:132: Getting SW74 footprint position: (323850000, 114300000)
DEBUG: board_modifier.py:84: Searching for optional ST74 footprint in C:\Users\yaksh\KBoard\KBoard.kicad_pcb
DEBUG: board_modifier.py:89: Footprint not found
INFO: key_placer.py:979: Placing additional elements for SW17
DEBUG: board_modifier.py:132: Getting SW17 footprint position: (38100000, 57150000)
DEBUG: board_modifier.py:84: Searching for optional ST17 footprint in C:\Users\yaksh\KBoard\KBoard.kicad_pcb
DEBUG: board_modifier.py:89: Footprint not found
INFO: key_placer.py:979: Placing additional elements for SW40
DEBUG: board_modifier.py:132: Getting SW40 footprint position: (200025000, 76200000)
DEBUG: board_modifier.py:84: Searching for optional ST40 footprint in C:\Users\yaksh\KBoard\KBoard.kicad_pcb
DEBUG: board_modifier.py:89: Footprint not found
INFO: key_placer.py:979: Placing additional elements for SW1
DEBUG: board_modifier.py:132: Getting SW1 footprint position: (38100000, 38100000)
DEBUG: board_modifier.py:84: Searching for optional ST1 footprint in C:\Users\yaksh\KBoard\KBoard.kicad_pcb
DEBUG: board_modifier.py:89: Footprint not found
INFO: key_placer.py:979: Placing additional elements for SW62
DEBUG: board_modifier.py:132: Getting SW62 footprint position: (80962500, 114300000)
DEBUG: board_modifier.py:84: Searching for optional ST62 footprint in C:\Users\yaksh\KBoard\KBoard.kicad_pcb
DEBUG: board_modifier.py:89: Footprint not found
INFO: key_placer.py:979: Placing additional elements for SW8
DEBUG: board_modifier.py:132: Getting SW8 footprint position: (171450000, 38100000)
DEBUG: board_modifier.py:84: Searching for optional ST8 footprint in C:\Users\yaksh\KBoard\KBoard.kicad_pcb
DEBUG: board_modifier.py:89: Footprint not found
INFO: key_placer.py:979: Placing additional elements for SW69
DEBUG: board_modifier.py:132: Getting SW69 footprint position: (214312500, 114300000)
DEBUG: board_modifier.py:84: Searching for optional ST69 footprint in C:\Users\yaksh\KBoard\KBoard.kicad_pcb
DEBUG: board_modifier.py:89: Footprint not found
INFO: key_placer.py:979: Placing additional elements for SW49
DEBUG: board_modifier.py:132: Getting SW49 footprint position: (90487500, 95250000)
DEBUG: board_modifier.py:84: Searching for optional ST49 footprint in C:\Users\yaksh\KBoard\KBoard.kicad_pcb
DEBUG: board_modifier.py:89: Footprint not found
INFO: key_placer.py:979: Placing additional elements for SW73
DEBUG: board_modifier.py:132: Getting SW73 footprint position: (304800000, 114300000)
DEBUG: board_modifier.py:84: Searching for optional ST73 footprint in C:\Users\yaksh\KBoard\KBoard.kicad_pcb
DEBUG: board_modifier.py:89: Footprint not found
INFO: key_placer.py:979: Placing additional elements for SW72
DEBUG: board_modifier.py:132: Getting SW72 footprint position: (278606250, 114300000)
DEBUG: board_modifier.py:84: Searching for optional ST72 footprint in C:\Users\yaksh\KBoard\KBoard.kicad_pcb
DEBUG: board_modifier.py:89: Footprint not found
INFO: key_placer.py:979: Placing additional elements for SW34
DEBUG: board_modifier.py:132: Getting SW34 footprint position: (85725000, 76200000)
DEBUG: board_modifier.py:84: Searching for optional ST34 footprint in C:\Users\yaksh\KBoard\KBoard.kicad_pcb
DEBUG: board_modifier.py:89: Footprint not found
INFO: key_placer.py:979: Placing additional elements for SW39
DEBUG: board_modifier.py:132: Getting SW39 footprint position: (180975000, 76200000)
DEBUG: board_modifier.py:84: Searching for optional ST39 footprint in C:\Users\yaksh\KBoard\KBoard.kicad_pcb
DEBUG: board_modifier.py:89: Footprint not found
INFO: key_placer.py:979: Placing additional elements for SW41
DEBUG: board_modifier.py:132: Getting SW41 footprint position: (219075000, 76200000)
DEBUG: board_modifier.py:84: Searching for optional ST41 footprint in C:\Users\yaksh\KBoard\KBoard.kicad_pcb
DEBUG: board_modifier.py:89: Footprint not found
INFO: key_placer.py:979: Placing additional elements for SW25
DEBUG: board_modifier.py:132: Getting SW25 footprint position: (190500000, 57150000)
DEBUG: board_modifier.py:84: Searching for optional ST25 footprint in C:\Users\yaksh\KBoard\KBoard.kicad_pcb
DEBUG: board_modifier.py:89: Footprint not found
INFO: key_placer.py:979: Placing additional elements for SW64
DEBUG: board_modifier.py:132: Getting SW64 footprint position: (119062500, 114300000)
DEBUG: board_modifier.py:84: Searching for optional ST64 footprint in C:\Users\yaksh\KBoard\KBoard.kicad_pcb
DEBUG: board_modifier.py:89: Footprint not found
INFO: key_placer.py:979: Placing additional elements for SW71
DEBUG: board_modifier.py:132: Getting SW71 footprint position: (252412500, 114300000)
DEBUG: board_modifier.py:84: Searching for optional ST71 footprint in C:\Users\yaksh\KBoard\KBoard.kicad_pcb
DEBUG: board_modifier.py:89: Footprint not found
INFO: key_placer.py:979: Placing additional elements for SW84
DEBUG: board_modifier.py:132: Getting SW84 footprint position: (323850000, 133350000)
DEBUG: board_modifier.py:84: Searching for optional ST84 footprint in C:\Users\yaksh\KBoard\KBoard.kicad_pcb
DEBUG: board_modifier.py:89: Footprint not found
INFO: key_placer.py:979: Placing additional elements for SW4
DEBUG: board_modifier.py:132: Getting SW4 footprint position: (95250000, 38100000)
DEBUG: board_modifier.py:84: Searching for optional ST4 footprint in C:\Users\yaksh\KBoard\KBoard.kicad_pcb
DEBUG: board_modifier.py:89: Footprint not found
INFO: key_placer.py:979: Placing additional elements for SW77
DEBUG: board_modifier.py:132: Getting SW77 footprint position: (88106250, 133350000)
DEBUG: board_modifier.py:84: Searching for optional ST77 footprint in C:\Users\yaksh\KBoard\KBoard.kicad_pcb
DEBUG: board_modifier.py:89: Footprint not found
INFO: key_placer.py:512: Routing SW31 with D31
INFO: key_placer.py:514: Using internal autorouter method
DEBUG: board_modifier.py:591: Routing at B.Cu layer
DEBUG: board_modifier.py:608: Netclass: Default, track width: 200000
INFO: board_modifier.py:674: Routing pad 'SW31:2' at (326390000, 52070000) with pad 'D31:2' at (327200000, 59900000) using coordinate system rotated by 0 degree(s)
INFO: board_modifier.py:494: Adding track segment (B.Cu): [(326390000, 52070000), (326390000, 59090000)]
INFO: board_modifier.py:494: Adding track segment (B.Cu): [(326390000, 59090000), (327200000, 59900000)]
INFO: key_placer.py:512: Routing SW82 with D83
INFO: key_placer.py:514: Using internal autorouter method
DEBUG: board_modifier.py:591: Routing at B.Cu layer
DEBUG: board_modifier.py:608: Netclass: Default, track width: 200000
INFO: board_modifier.py:674: Routing pad 'SW82:2' at (288290000, 128270000) with pad 'D83:2' at (289100000, 136100000) using coordinate system rotated by 0 degree(s)
INFO: board_modifier.py:494: Adding track segment (B.Cu): [(288290000, 128270000), (288290000, 135290000)]
INFO: board_modifier.py:494: Adding track segment (B.Cu): [(288290000, 135290000), (289100000, 136100000)]
INFO: key_placer.py:512: Routing SW15 with D10
INFO: key_placer.py:514: Using internal autorouter method
DEBUG: board_modifier.py:591: Routing at B.Cu layer
DEBUG: board_modifier.py:608: Netclass: Default, track width: 200000
INFO: board_modifier.py:674: Routing pad 'SW15:2' at (307340000, 33020000) with pad 'D10:2' at (308150000, 40850000) using coordinate system rotated by 0 degree(s)
INFO: board_modifier.py:494: Adding track segment (B.Cu): [(307340000, 33020000), (307340000, 40040000)]
INFO: board_modifier.py:494: Adding track segment (B.Cu): [(307340000, 40040000), (308150000, 40850000)]
INFO: key_placer.py:512: Routing SW53 with D48
INFO: key_placer.py:514: Using internal autorouter method
DEBUG: board_modifier.py:591: Routing at B.Cu layer
DEBUG: board_modifier.py:608: Netclass: Default, track width: 200000
INFO: board_modifier.py:674: Routing pad 'SW53:2' at (169227500, 90170000) with pad 'D48:2' at (170037500, 98000000) using coordinate system rotated by 0 degree(s)
INFO: board_modifier.py:494: Adding track segment (B.Cu): [(169227500, 90170000), (169227500, 97190000)]
INFO: board_modifier.py:494: Adding track segment (B.Cu): [(169227500, 97190000), (170037500, 98000000)]
INFO: key_placer.py:512: Routing SW10 with D15
INFO: key_placer.py:514: Using internal autorouter method
DEBUG: board_modifier.py:591: Routing at B.Cu layer
DEBUG: board_modifier.py:608: Netclass: Default, track width: 200000
INFO: board_modifier.py:674: Routing pad 'SW10:2' at (212090000, 33020000) with pad 'D15:2' at (212900000, 40850000) using coordinate system rotated by 0 degree(s)
INFO: board_modifier.py:494: Adding track segment (B.Cu): [(212090000, 33020000), (212090000, 40040000)]
INFO: board_modifier.py:494: Adding track segment (B.Cu): [(212090000, 40040000), (212900000, 40850000)]
INFO: key_placer.py:512: Routing SW5 with D4
INFO: key_placer.py:514: Using internal autorouter method
DEBUG: board_modifier.py:591: Routing at B.Cu layer
DEBUG: board_modifier.py:608: Netclass: Default, track width: 200000
INFO: board_modifier.py:674: Routing pad 'SW5:2' at (116840000, 33020000) with pad 'D4:2' at (117650000, 40850000) using coordinate system rotated by 0 degree(s)
INFO: board_modifier.py:494: Adding track segment (B.Cu): [(116840000, 33020000), (116840000, 40040000)]
INFO: board_modifier.py:494: Adding track segment (B.Cu): [(116840000, 40040000), (117650000, 40850000)]
INFO: key_placer.py:512: Routing SW14 with D11
INFO: key_placer.py:514: Using internal autorouter method
DEBUG: board_modifier.py:591: Routing at B.Cu layer
DEBUG: board_modifier.py:608: Netclass: Default, track width: 200000
INFO: board_modifier.py:674: Routing pad 'SW14:2' at (288290000, 33020000) with pad 'D11:2' at (289100000, 40850000) using coordinate system rotated by 0 degree(s)
INFO: board_modifier.py:494: Adding track segment (B.Cu): [(288290000, 33020000), (288290000, 40040000)]
INFO: board_modifier.py:494: Adding track segment (B.Cu): [(288290000, 40040000), (289100000, 40850000)]
INFO: key_placer.py:512: Routing SW22 with D25
INFO: key_placer.py:514: Using internal autorouter method
DEBUG: board_modifier.py:591: Routing at B.Cu layer
DEBUG: board_modifier.py:608: Netclass: Default, track width: 200000
INFO: board_modifier.py:674: Routing pad 'SW22:2' at (135890000, 52070000) with pad 'D25:2' at (136700000, 59900000) using coordinate system rotated by 0 degree(s)
INFO: board_modifier.py:494: Adding track segment (B.Cu): [(135890000, 52070000), (135890000, 59090000)]
INFO: board_modifier.py:494: Adding track segment (B.Cu): [(135890000, 59090000), (136700000, 59900000)]
INFO: key_placer.py:512: Routing SW44 with D45
INFO: key_placer.py:514: Using internal autorouter method
DEBUG: board_modifier.py:591: Routing at B.Cu layer
DEBUG: board_modifier.py:608: Netclass: Default, track width: 200000
INFO: board_modifier.py:674: Routing pad 'SW44:2' at (278765000, 71120000) with pad 'D45:2' at (279575000, 78950000) using coordinate system rotated by 0 degree(s)
INFO: board_modifier.py:494: Adding track segment (B.Cu): [(278765000, 71120000), (278765000, 78140000)]
INFO: board_modifier.py:494: Adding track segment (B.Cu): [(278765000, 78140000), (279575000, 78950000)]
INFO: key_placer.py:512: Routing SW52 with D49
INFO: key_placer.py:514: Using internal autorouter method
DEBUG: board_modifier.py:591: Routing at B.Cu layer
DEBUG: board_modifier.py:608: Netclass: Default, track width: 200000
INFO: board_modifier.py:674: Routing pad 'SW52:2' at (150177500, 90170000) with pad 'D49:2' at (150987500, 98000000) using coordinate system rotated by 0 degree(s)
INFO: board_modifier.py:494: Adding track segment (B.Cu): [(150177500, 90170000), (150177500, 97190000)]
INFO: board_modifier.py:494: Adding track segment (B.Cu): [(150177500, 97190000), (150987500, 98000000)]
INFO: key_placer.py:512: Routing SW38 with D35
INFO: key_placer.py:514: Using internal autorouter method
DEBUG: board_modifier.py:591: Routing at B.Cu layer
DEBUG: board_modifier.py:608: Netclass: Default, track width: 200000
INFO: board_modifier.py:674: Routing pad 'SW38:2' at (164465000, 71120000) with pad 'D35:2' at (165275000, 78950000) using coordinate system rotated by 0 degree(s)
INFO: board_modifier.py:494: Adding track segment (B.Cu): [(164465000, 71120000), (164465000, 78140000)]
INFO: board_modifier.py:494: Adding track segment (B.Cu): [(164465000, 78140000), (165275000, 78950000)]
INFO: key_placer.py:512: Routing SW56 with D57
INFO: key_placer.py:514: Using internal autorouter method
DEBUG: board_modifier.py:591: Routing at B.Cu layer
DEBUG: board_modifier.py:608: Netclass: Default, track width: 200000
INFO: board_modifier.py:674: Routing pad 'SW56:2' at (226377500, 90170000) with pad 'D57:2' at (227187500, 98000000) using coordinate system rotated by 0 degree(s)
INFO: board_modifier.py:494: Adding track segment (B.Cu): [(226377500, 90170000), (226377500, 97190000)]
INFO: board_modifier.py:494: Adding track segment (B.Cu): [(226377500, 97190000), (227187500, 98000000)]
INFO: key_placer.py:512: Routing SW26 with D21
INFO: key_placer.py:514: Using internal autorouter method
DEBUG: board_modifier.py:591: Routing at B.Cu layer
DEBUG: board_modifier.py:608: Netclass: Default, track width: 200000
INFO: board_modifier.py:674: Routing pad 'SW26:2' at (212090000, 52070000) with pad 'D21:2' at (212900000, 59900000) using coordinate system rotated by 0 degree(s)
INFO: board_modifier.py:494: Adding track segment (B.Cu): [(212090000, 52070000), (212090000, 59090000)]
INFO: board_modifier.py:494: Adding track segment (B.Cu): [(212090000, 59090000), (212900000, 59900000)]
INFO: key_placer.py:512: Routing SW80 with D80
INFO: key_placer.py:514: Using internal autorouter method
DEBUG: board_modifier.py:591: Routing at B.Cu layer
DEBUG: board_modifier.py:608: Netclass: Default, track width: 200000
INFO: board_modifier.py:674: Routing pad 'SW80:2' at (250190000, 128270000) with pad 'D80:2' at (251000000, 136100000) using coordinate system rotated by 0 degree(s)
INFO: board_modifier.py:494: Adding track segment (B.Cu): [(250190000, 128270000), (250190000, 135290000)]
INFO: board_modifier.py:494: Adding track segment (B.Cu): [(250190000, 135290000), (251000000, 136100000)]
INFO: key_placer.py:512: Routing SW54 with D47
INFO: key_placer.py:514: Using internal autorouter method
DEBUG: board_modifier.py:591: Routing at B.Cu layer
DEBUG: board_modifier.py:608: Netclass: Default, track width: 200000
INFO: board_modifier.py:674: Routing pad 'SW54:2' at (188277500, 90170000) with pad 'D47:2' at (189087500, 98000000) using coordinate system rotated by 0 degree(s)
INFO: board_modifier.py:494: Adding track segment (B.Cu): [(188277500, 90170000), (188277500, 97190000)]
INFO: board_modifier.py:494: Adding track segment (B.Cu): [(188277500, 97190000), (189087500, 98000000)]
INFO: key_placer.py:512: Routing SW20 with D27
INFO: key_placer.py:514: Using internal autorouter method
DEBUG: board_modifier.py:591: Routing at B.Cu layer
DEBUG: board_modifier.py:608: Netclass: Default, track width: 200000
INFO: board_modifier.py:674: Routing pad 'SW20:2' at (97790000, 52070000) with pad 'D27:2' at (98600000, 59900000) using coordinate system rotated by 0 degree(s)
INFO: board_modifier.py:494: Adding track segment (B.Cu): [(97790000, 52070000), (97790000, 59090000)]
INFO: board_modifier.py:494: Adding track segment (B.Cu): [(97790000, 59090000), (98600000, 59900000)]
INFO: key_placer.py:512: Routing SW70 with D71
INFO: key_placer.py:514: Using internal autorouter method
DEBUG: board_modifier.py:591: Routing at B.Cu layer
DEBUG: board_modifier.py:608: Netclass: Default, track width: 200000
INFO: board_modifier.py:674: Routing pad 'SW70:2' at (235902500, 109220000) with pad 'D71:2' at (236712500, 117050000) using coordinate system rotated by 0 degree(s)
INFO: board_modifier.py:494: Adding track segment (B.Cu): [(235902500, 109220000), (235902500, 116240000)]
INFO: board_modifier.py:494: Adding track segment (B.Cu): [(235902500, 116240000), (236712500, 117050000)]
INFO: key_placer.py:512: Routing SW37 with D36
INFO: key_placer.py:514: Using internal autorouter method
DEBUG: board_modifier.py:591: Routing at B.Cu layer
DEBUG: board_modifier.py:608: Netclass: Default, track width: 200000
INFO: board_modifier.py:674: Routing pad 'SW37:2' at (145415000, 71120000) with pad 'D36:2' at (146225000, 78950000) using coordinate system rotated by 0 degree(s)
INFO: board_modifier.py:494: Adding track segment (B.Cu): [(145415000, 71120000), (145415000, 78140000)]
INFO: board_modifier.py:494: Adding track segment (B.Cu): [(145415000, 78140000), (146225000, 78950000)]
INFO: key_placer.py:512: Routing SW35 with D38
INFO: key_placer.py:514: Using internal autorouter method
DEBUG: board_modifier.py:591: Routing at B.Cu layer
DEBUG: board_modifier.py:608: Netclass: Default, track width: 200000
INFO: board_modifier.py:674: Routing pad 'SW35:2' at (107315000, 71120000) with pad 'D38:2' at (108125000, 78950000) using coordinate system rotated by 0 degree(s)
INFO: board_modifier.py:494: Adding track segment (B.Cu): [(107315000, 71120000), (107315000, 78140000)]
INFO: board_modifier.py:494: Adding track segment (B.Cu): [(107315000, 78140000), (108125000, 78950000)]
INFO: key_placer.py:512: Routing SW11 with D14
INFO: key_placer.py:514: Using internal autorouter method
DEBUG: board_modifier.py:591: Routing at B.Cu layer
DEBUG: board_modifier.py:608: Netclass: Default, track width: 200000
INFO: board_modifier.py:674: Routing pad 'SW11:2' at (231140000, 33020000) with pad 'D14:2' at (231950000, 40850000) using coordinate system rotated by 0 degree(s)
INFO: board_modifier.py:494: Adding track segment (B.Cu): [(231140000, 33020000), (231140000, 40040000)]
INFO: board_modifier.py:494: Adding track segment (B.Cu): [(231140000, 40040000), (231950000, 40850000)]
INFO: key_placer.py:512: Routing SW36 with D37
INFO: key_placer.py:514: Using internal autorouter method
DEBUG: board_modifier.py:591: Routing at B.Cu layer
DEBUG: board_modifier.py:608: Netclass: Default, track width: 200000
INFO: board_modifier.py:674: Routing pad 'SW36:2' at (126365000, 71120000) with pad 'D37:2' at (127175000, 78950000) using coordinate system rotated by 0 degree(s)
INFO: board_modifier.py:494: Adding track segment (B.Cu): [(126365000, 71120000), (126365000, 78140000)]
INFO: board_modifier.py:494: Adding track segment (B.Cu): [(126365000, 78140000), (127175000, 78950000)]
INFO: key_placer.py:512: Routing SW60 with D60
INFO: key_placer.py:514: Using internal autorouter method
DEBUG: board_modifier.py:591: Routing at B.Cu layer
DEBUG: board_modifier.py:608: Netclass: Default, track width: 200000
INFO: board_modifier.py:674: Routing pad 'SW60:2' at (326390000, 90170000) with pad 'D60:2' at (327200000, 98000000) using coordinate system rotated by 0 degree(s)
INFO: board_modifier.py:494: Adding track segment (B.Cu): [(326390000, 90170000), (326390000, 97190000)]
INFO: board_modifier.py:494: Adding track segment (B.Cu): [(326390000, 97190000), (327200000, 98000000)]
INFO: key_placer.py:512: Routing SW9 with D16
INFO: key_placer.py:514: Using internal autorouter method
DEBUG: board_modifier.py:591: Routing at B.Cu layer
DEBUG: board_modifier.py:608: Netclass: Default, track width: 200000
INFO: board_modifier.py:674: Routing pad 'SW9:2' at (193040000, 33020000) with pad 'D16:2' at (193850000, 40850000) using coordinate system rotated by 0 degree(s)
INFO: board_modifier.py:494: Adding track segment (B.Cu): [(193040000, 33020000), (193040000, 40040000)]
INFO: board_modifier.py:494: Adding track segment (B.Cu): [(193040000, 40040000), (193850000, 40850000)]
INFO: key_placer.py:512: Routing SW13 with D12
INFO: key_placer.py:514: Using internal autorouter method
DEBUG: board_modifier.py:591: Routing at B.Cu layer
DEBUG: board_modifier.py:608: Netclass: Default, track width: 200000
INFO: board_modifier.py:674: Routing pad 'SW13:2' at (269240000, 33020000) with pad 'D12:2' at (270050000, 40850000) using coordinate system rotated by 0 degree(s)
INFO: board_modifier.py:494: Adding track segment (B.Cu): [(269240000, 33020000), (269240000, 40040000)]
INFO: board_modifier.py:494: Adding track segment (B.Cu): [(269240000, 40040000), (270050000, 40850000)]
INFO: key_placer.py:512: Routing SW45 with D44
INFO: key_placer.py:514: Using internal autorouter method
DEBUG: board_modifier.py:591: Routing at B.Cu layer
DEBUG: board_modifier.py:608: Netclass: Default, track width: 200000
INFO: board_modifier.py:674: Routing pad 'SW45:2' at (302577500, 71120000) with pad 'D44:2' at (303387500, 78950000) using coordinate system rotated by 0 degree(s)
INFO: board_modifier.py:494: Adding track segment (B.Cu): [(302577500, 71120000), (302577500, 78140000)]
INFO: board_modifier.py:494: Adding track segment (B.Cu): [(302577500, 78140000), (303387500, 78950000)]
INFO: key_placer.py:512: Routing SW81 with D84
INFO: key_placer.py:514: Using internal autorouter method
DEBUG: board_modifier.py:591: Routing at B.Cu layer
DEBUG: board_modifier.py:608: Netclass: Default, track width: 200000
INFO: board_modifier.py:674: Routing pad 'SW81:2' at (269240000, 128270000) with pad 'D84:2' at (270050000, 136100000) using coordinate system rotated by 0 degree(s)
INFO: board_modifier.py:494: Adding track segment (B.Cu): [(269240000, 128270000), (269240000, 135290000)]
INFO: board_modifier.py:494: Adding track segment (B.Cu): [(269240000, 135290000), (270050000, 136100000)]
INFO: key_placer.py:512: Routing SW12 with D13
INFO: key_placer.py:514: Using internal autorouter method
DEBUG: board_modifier.py:591: Routing at B.Cu layer
DEBUG: board_modifier.py:608: Netclass: Default, track width: 200000
INFO: board_modifier.py:674: Routing pad 'SW12:2' at (250190000, 33020000) with pad 'D13:2' at (251000000, 40850000) using coordinate system rotated by 0 degree(s)
INFO: board_modifier.py:494: Adding track segment (B.Cu): [(250190000, 33020000), (250190000, 40040000)]
INFO: board_modifier.py:494: Adding track segment (B.Cu): [(250190000, 40040000), (251000000, 40850000)]
INFO: key_placer.py:512: Routing SW58 with D55
INFO: key_placer.py:514: Using internal autorouter method
DEBUG: board_modifier.py:591: Routing at B.Cu layer
DEBUG: board_modifier.py:608: Netclass: Default, track width: 200000
INFO: board_modifier.py:674: Routing pad 'SW58:2' at (264477500, 90170000) with pad 'D55:2' at (265287500, 98000000) using coordinate system rotated by 0 degree(s)
INFO: board_modifier.py:494: Adding track segment (B.Cu): [(264477500, 90170000), (264477500, 97190000)]
INFO: board_modifier.py:494: Adding track segment (B.Cu): [(264477500, 97190000), (265287500, 98000000)]
INFO: key_placer.py:512: Routing SW79 with D79
INFO: key_placer.py:514: Using internal autorouter method
DEBUG: board_modifier.py:591: Routing at B.Cu layer
DEBUG: board_modifier.py:608: Netclass: Default, track width: 200000
INFO: board_modifier.py:674: Routing pad 'SW79:2' at (231140000, 128270000) with pad 'D79:2' at (231950000, 136100000) using coordinate system rotated by 0 degree(s)
INFO: board_modifier.py:494: Adding track segment (B.Cu): [(231140000, 128270000), (231140000, 135290000)]
INFO: board_modifier.py:494: Adding track segment (B.Cu): [(231140000, 135290000), (231950000, 136100000)]
INFO: key_placer.py:512: Routing SW47 with D54
INFO: key_placer.py:514: Using internal autorouter method
DEBUG: board_modifier.py:591: Routing at B.Cu layer
DEBUG: board_modifier.py:608: Netclass: Default, track width: 200000
INFO: board_modifier.py:674: Routing pad 'SW47:2' at (47783750, 90170000) with pad 'D54:2' at (48593750, 98000000) using coordinate system rotated by 0 degree(s)
INFO: board_modifier.py:494: Adding track segment (B.Cu): [(47783750, 90170000), (47783750, 97190000)]
INFO: board_modifier.py:494: Adding track segment (B.Cu): [(47783750, 97190000), (48593750, 98000000)]
INFO: key_placer.py:512: Routing SW24 with D23
INFO: key_placer.py:514: Using internal autorouter method
DEBUG: board_modifier.py:591: Routing at B.Cu layer
DEBUG: board_modifier.py:608: Netclass: Default, track width: 200000
INFO: board_modifier.py:674: Routing pad 'SW24:2' at (173990000, 52070000) with pad 'D23:2' at (174800000, 59900000) using coordinate system rotated by 0 degree(s)
INFO: board_modifier.py:494: Adding track segment (B.Cu): [(173990000, 52070000), (173990000, 59090000)]
INFO: board_modifier.py:494: Adding track segment (B.Cu): [(173990000, 59090000), (174800000, 59900000)]
INFO: key_placer.py:512: Routing SW50 with D51
INFO: key_placer.py:514: Using internal autorouter method
DEBUG: board_modifier.py:591: Routing at B.Cu layer
DEBUG: board_modifier.py:608: Netclass: Default, track width: 200000
INFO: board_modifier.py:674: Routing pad 'SW50:2' at (112077500, 90170000) with pad 'D51:2' at (112887500, 98000000) using coordinate system rotated by 0 degree(s)
INFO: board_modifier.py:494: Adding track segment (B.Cu): [(112077500, 90170000), (112077500, 97190000)]
INFO: board_modifier.py:494: Adding track segment (B.Cu): [(112077500, 97190000), (112887500, 98000000)]
INFO: key_placer.py:512: Routing SW6 with D3
INFO: key_placer.py:514: Using internal autorouter method
DEBUG: board_modifier.py:591: Routing at B.Cu layer
DEBUG: board_modifier.py:608: Netclass: Default, track width: 200000
INFO: board_modifier.py:674: Routing pad 'SW6:2' at (135890000, 33020000) with pad 'D3:2' at (136700000, 40850000) using coordinate system rotated by 0 degree(s)
INFO: board_modifier.py:494: Adding track segment (B.Cu): [(135890000, 33020000), (135890000, 40040000)]
INFO: board_modifier.py:494: Adding track segment (B.Cu): [(135890000, 40040000), (136700000, 40850000)]
INFO: key_placer.py:512: Routing SW43 with D42
INFO: key_placer.py:514: Using internal autorouter method
DEBUG: board_modifier.py:591: Routing at B.Cu layer
DEBUG: board_modifier.py:608: Netclass: Default, track width: 200000
INFO: board_modifier.py:674: Routing pad 'SW43:2' at (259715000, 71120000) with pad 'D42:2' at (260525000, 78950000) using coordinate system rotated by 0 degree(s)
INFO: board_modifier.py:494: Adding track segment (B.Cu): [(259715000, 71120000), (259715000, 78140000)]
INFO: board_modifier.py:494: Adding track segment (B.Cu): [(259715000, 78140000), (260525000, 78950000)]
INFO: key_placer.py:512: Routing SW63 with D66
INFO: key_placer.py:514: Using internal autorouter method
DEBUG: board_modifier.py:591: Routing at B.Cu layer
DEBUG: board_modifier.py:608: Netclass: Default, track width: 200000
INFO: board_modifier.py:674: Routing pad 'SW63:2' at (102552500, 109220000) with pad 'D66:2' at (103362500, 117050000) using coordinate system rotated by 0 degree(s)
INFO: board_modifier.py:494: Adding track segment (B.Cu): [(102552500, 109220000), (102552500, 116240000)]
INFO: board_modifier.py:494: Adding track segment (B.Cu): [(102552500, 116240000), (103362500, 117050000)]
INFO: key_placer.py:512: Routing SW55 with D58
INFO: key_placer.py:514: Using internal autorouter method
DEBUG: board_modifier.py:591: Routing at B.Cu layer
DEBUG: board_modifier.py:608: Netclass: Default, track width: 200000
INFO: board_modifier.py:674: Routing pad 'SW55:2' at (207327500, 90170000) with pad 'D58:2' at (208137500, 98000000) using coordinate system rotated by 0 degree(s)
INFO: board_modifier.py:494: Adding track segment (B.Cu): [(207327500, 90170000), (207327500, 97190000)]
INFO: board_modifier.py:494: Adding track segment (B.Cu): [(207327500, 97190000), (208137500, 98000000)]
INFO: key_placer.py:512: Routing SW59 with D59
INFO: key_placer.py:514: Using internal autorouter method
DEBUG: board_modifier.py:591: Routing at B.Cu layer
DEBUG: board_modifier.py:608: Netclass: Default, track width: 200000
INFO: board_modifier.py:674: Routing pad 'SW59:2' at (295433750, 90170000) with pad 'D59:2' at (296243750, 98000000) using coordinate system rotated by 0 degree(s)
INFO: board_modifier.py:494: Adding track segment (B.Cu): [(295433750, 90170000), (295433750, 97190000)]
INFO: board_modifier.py:494: Adding track segment (B.Cu): [(295433750, 97190000), (296243750, 98000000)]
INFO: key_placer.py:512: Routing SW57 with D56
INFO: key_placer.py:514: Using internal autorouter method
DEBUG: board_modifier.py:591: Routing at B.Cu layer
DEBUG: board_modifier.py:608: Netclass: Default, track width: 200000
INFO: board_modifier.py:674: Routing pad 'SW57:2' at (245427500, 90170000) with pad 'D56:2' at (246237500, 98000000) using coordinate system rotated by 0 degree(s)
INFO: board_modifier.py:494: Adding track segment (B.Cu): [(245427500, 90170000), (245427500, 97190000)]
INFO: board_modifier.py:494: Adding track segment (B.Cu): [(245427500, 97190000), (246237500, 98000000)]
INFO: key_placer.py:512: Routing SW61 with D68
INFO: key_placer.py:514: Using internal autorouter method
DEBUG: board_modifier.py:591: Routing at B.Cu layer
DEBUG: board_modifier.py:608: Netclass: Default, track width: 200000
INFO: board_modifier.py:674: Routing pad 'SW61:2' at (52546250, 109220000) with pad 'D68:2' at (53356250, 117050000) using coordinate system rotated by 0 degree(s)
INFO: board_modifier.py:494: Adding track segment (B.Cu): [(52546250, 109220000), (52546250, 116240000)]
INFO: board_modifier.py:494: Adding track segment (B.Cu): [(52546250, 116240000), (53356250, 117050000)]
INFO: key_placer.py:512: Routing SW19 with D28
INFO: key_placer.py:514: Using internal autorouter method
DEBUG: board_modifier.py:591: Routing at B.Cu layer
DEBUG: board_modifier.py:608: Netclass: Default, track width: 200000
INFO: board_modifier.py:674: Routing pad 'SW19:2' at (78740000, 52070000) with pad 'D28:2' at (79550000, 59900000) using coordinate system rotated by 0 degree(s)
INFO: board_modifier.py:494: Adding track segment (B.Cu): [(78740000, 52070000), (78740000, 59090000)]
INFO: board_modifier.py:494: Adding track segment (B.Cu): [(78740000, 59090000), (79550000, 59900000)]
INFO: key_placer.py:512: Routing SW42 with D43
INFO: key_placer.py:514: Using internal autorouter method
DEBUG: board_modifier.py:591: Routing at B.Cu layer
DEBUG: board_modifier.py:608: Netclass: Default, track width: 200000
INFO: board_modifier.py:674: Routing pad 'SW42:2' at (240665000, 71120000) with pad 'D43:2' at (241475000, 78950000) using coordinate system rotated by 0 degree(s)
INFO: board_modifier.py:494: Adding track segment (B.Cu): [(240665000, 71120000), (240665000, 78140000)]
INFO: board_modifier.py:494: Adding track segment (B.Cu): [(240665000, 78140000), (241475000, 78950000)]
INFO: key_placer.py:512: Routing SW78 with D78
INFO: key_placer.py:514: Using internal autorouter method
DEBUG: board_modifier.py:591: Routing at B.Cu layer
DEBUG: board_modifier.py:608: Netclass: Default, track width: 200000
INFO: board_modifier.py:674: Routing pad 'SW78:2' at (162083750, 128270000) with pad 'D78:2' at (162893750, 136100000) using coordinate system rotated by 0 degree(s)
INFO: board_modifier.py:494: Adding track segment (B.Cu): [(162083750, 128270000), (162083750, 135290000)]
INFO: board_modifier.py:494: Adding track segment (B.Cu): [(162083750, 135290000), (162893750, 136100000)]
INFO: key_placer.py:512: Routing SW3 with D6
INFO: key_placer.py:514: Using internal autorouter method
DEBUG: board_modifier.py:591: Routing at B.Cu layer
DEBUG: board_modifier.py:608: Netclass: Default, track width: 200000
INFO: board_modifier.py:674: Routing pad 'SW3:2' at (78740000, 33020000) with pad 'D6:2' at (79550000, 40850000) using coordinate system rotated by 0 degree(s)
INFO: board_modifier.py:494: Adding track segment (B.Cu): [(78740000, 33020000), (78740000, 40040000)]
INFO: board_modifier.py:494: Adding track segment (B.Cu): [(78740000, 40040000), (79550000, 40850000)]
INFO: key_placer.py:512: Routing SW66 with D63
INFO: key_placer.py:514: Using internal autorouter method
DEBUG: board_modifier.py:591: Routing at B.Cu layer
DEBUG: board_modifier.py:608: Netclass: Default, track width: 200000
INFO: board_modifier.py:674: Routing pad 'SW66:2' at (159702500, 109220000) with pad 'D63:2' at (160512500, 117050000) using coordinate system rotated by 0 degree(s)
INFO: board_modifier.py:494: Adding track segment (B.Cu): [(159702500, 109220000), (159702500, 116240000)]
INFO: board_modifier.py:494: Adding track segment (B.Cu): [(159702500, 116240000), (160512500, 117050000)]
INFO: key_placer.py:512: Routing SW83 with D82
INFO: key_placer.py:514: Using internal autorouter method
DEBUG: board_modifier.py:591: Routing at B.Cu layer
DEBUG: board_modifier.py:608: Netclass: Default, track width: 200000
INFO: board_modifier.py:674: Routing pad 'SW83:2' at (307340000, 128270000) with pad 'D82:2' at (308150000, 136100000) using coordinate system rotated by 0 degree(s)
INFO: board_modifier.py:494: Adding track segment (B.Cu): [(307340000, 128270000), (307340000, 135290000)]
INFO: board_modifier.py:494: Adding track segment (B.Cu): [(307340000, 135290000), (308150000, 136100000)]
INFO: key_placer.py:512: Routing SW29 with D18
INFO: key_placer.py:514: Using internal autorouter method
DEBUG: board_modifier.py:591: Routing at B.Cu layer
DEBUG: board_modifier.py:608: Netclass: Default, track width: 200000
INFO: board_modifier.py:674: Routing pad 'SW29:2' at (269240000, 52070000) with pad 'D18:2' at (270050000, 59900000) using coordinate system rotated by 0 degree(s)
INFO: board_modifier.py:494: Adding track segment (B.Cu): [(269240000, 52070000), (269240000, 59090000)]
INFO: board_modifier.py:494: Adding track segment (B.Cu): [(269240000, 59090000), (270050000, 59900000)]
INFO: key_placer.py:512: Routing SW27 with D20
INFO: key_placer.py:514: Using internal autorouter method
DEBUG: board_modifier.py:591: Routing at B.Cu layer
DEBUG: board_modifier.py:608: Netclass: Default, track width: 200000
INFO: board_modifier.py:674: Routing pad 'SW27:2' at (231140000, 52070000) with pad 'D20:2' at (231950000, 59900000) using coordinate system rotated by 0 degree(s)
INFO: board_modifier.py:494: Adding track segment (B.Cu): [(231140000, 52070000), (231140000, 59090000)]
INFO: board_modifier.py:494: Adding track segment (B.Cu): [(231140000, 59090000), (231950000, 59900000)]
INFO: key_placer.py:512: Routing SW51 with D50
INFO: key_placer.py:514: Using internal autorouter method
DEBUG: board_modifier.py:591: Routing at B.Cu layer
DEBUG: board_modifier.py:608: Netclass: Default, track width: 200000
INFO: board_modifier.py:674: Routing pad 'SW51:2' at (131127500, 90170000) with pad 'D50:2' at (131937500, 98000000) using coordinate system rotated by 0 degree(s)
INFO: board_modifier.py:494: Adding track segment (B.Cu): [(131127500, 90170000), (131127500, 97190000)]
INFO: board_modifier.py:494: Adding track segment (B.Cu): [(131127500, 97190000), (131937500, 98000000)]
INFO: key_placer.py:512: Routing SW67 with D62
INFO: key_placer.py:514: Using internal autorouter method
DEBUG: board_modifier.py:591: Routing at B.Cu layer
DEBUG: board_modifier.py:608: Netclass: Default, track width: 200000
INFO: board_modifier.py:674: Routing pad 'SW67:2' at (178752500, 109220000) with pad 'D62:2' at (179562500, 117050000) using coordinate system rotated by 0 degree(s)
INFO: board_modifier.py:494: Adding track segment (B.Cu): [(178752500, 109220000), (178752500, 116240000)]
INFO: board_modifier.py:494: Adding track segment (B.Cu): [(178752500, 116240000), (179562500, 117050000)]
INFO: key_placer.py:512: Routing SW46 with D46
INFO: key_placer.py:514: Using internal autorouter method
DEBUG: board_modifier.py:591: Routing at B.Cu layer
DEBUG: board_modifier.py:608: Netclass: Default, track width: 200000
INFO: board_modifier.py:674: Routing pad 'SW46:2' at (326390000, 71120000) with pad 'D46:2' at (327200000, 78950000) using coordinate system rotated by 0 degree(s)
INFO: board_modifier.py:494: Adding track segment (B.Cu): [(326390000, 71120000), (326390000, 78140000)]
INFO: board_modifier.py:494: Adding track segment (B.Cu): [(326390000, 78140000), (327200000, 78950000)]
INFO: key_placer.py:512: Routing SW28 with D19
INFO: key_placer.py:514: Using internal autorouter method
DEBUG: board_modifier.py:591: Routing at B.Cu layer
DEBUG: board_modifier.py:608: Netclass: Default, track width: 200000
INFO: board_modifier.py:674: Routing pad 'SW28:2' at (250190000, 52070000) with pad 'D19:2' at (251000000, 59900000) using coordinate system rotated by 0 degree(s)
INFO: board_modifier.py:494: Adding track segment (B.Cu): [(250190000, 52070000), (250190000, 59090000)]
INFO: board_modifier.py:494: Adding track segment (B.Cu): [(250190000, 59090000), (251000000, 59900000)]
INFO: key_placer.py:512: Routing SW30 with D17
INFO: key_placer.py:514: Using internal autorouter method
DEBUG: board_modifier.py:591: Routing at B.Cu layer
DEBUG: board_modifier.py:608: Netclass: Default, track width: 200000
INFO: board_modifier.py:674: Routing pad 'SW30:2' at (297815000, 52070000) with pad 'D17:2' at (298625000, 59900000) using coordinate system rotated by 0 degree(s)
INFO: board_modifier.py:494: Adding track segment (B.Cu): [(297815000, 52070000), (297815000, 59090000)]
INFO: board_modifier.py:494: Adding track segment (B.Cu): [(297815000, 59090000), (298625000, 59900000)]
INFO: key_placer.py:512: Routing SW18 with D29
INFO: key_placer.py:514: Using internal autorouter method
DEBUG: board_modifier.py:591: Routing at B.Cu layer
DEBUG: board_modifier.py:608: Netclass: Default, track width: 200000
INFO: board_modifier.py:674: Routing pad 'SW18:2' at (59690000, 52070000) with pad 'D29:2' at (60500000, 59900000) using coordinate system rotated by 0 degree(s)
INFO: board_modifier.py:494: Adding track segment (B.Cu): [(59690000, 52070000), (59690000, 59090000)]
INFO: board_modifier.py:494: Adding track segment (B.Cu): [(59690000, 59090000), (60500000, 59900000)]
INFO: key_placer.py:512: Routing SW2 with D7
INFO: key_placer.py:514: Using internal autorouter method
DEBUG: board_modifier.py:591: Routing at B.Cu layer
DEBUG: board_modifier.py:608: Netclass: Default, track width: 200000
INFO: board_modifier.py:674: Routing pad 'SW2:2' at (59690000, 33020000) with pad 'D7:2' at (60500000, 40850000) using coordinate system rotated by 0 degree(s)
INFO: board_modifier.py:494: Adding track segment (B.Cu): [(59690000, 33020000), (59690000, 40040000)]
INFO: board_modifier.py:494: Adding track segment (B.Cu): [(59690000, 40040000), (60500000, 40850000)]
INFO: key_placer.py:512: Routing SW32 with D41
INFO: key_placer.py:514: Using internal autorouter method
DEBUG: board_modifier.py:591: Routing at B.Cu layer
DEBUG: board_modifier.py:608: Netclass: Default, track width: 200000
INFO: board_modifier.py:674: Routing pad 'SW32:2' at (45402500, 71120000) with pad 'D41:2' at (46212500, 78950000) using coordinate system rotated by 0 degree(s)
INFO: board_modifier.py:494: Adding track segment (B.Cu): [(45402500, 71120000), (45402500, 78140000)]
INFO: board_modifier.py:494: Adding track segment (B.Cu): [(45402500, 78140000), (46212500, 78950000)]
INFO: key_placer.py:512: Routing SW33 with D40
INFO: key_placer.py:514: Using internal autorouter method
DEBUG: board_modifier.py:591: Routing at B.Cu layer
DEBUG: board_modifier.py:608: Netclass: Default, track width: 200000
INFO: board_modifier.py:674: Routing pad 'SW33:2' at (69215000, 71120000) with pad 'D40:2' at (70025000, 78950000) using coordinate system rotated by 0 degree(s)
INFO: board_modifier.py:494: Adding track segment (B.Cu): [(69215000, 71120000), (69215000, 78140000)]
INFO: board_modifier.py:494: Adding track segment (B.Cu): [(69215000, 78140000), (70025000, 78950000)]
INFO: key_placer.py:512: Routing SW65 with D64
INFO: key_placer.py:514: Using internal autorouter method
DEBUG: board_modifier.py:591: Routing at B.Cu layer
DEBUG: board_modifier.py:608: Netclass: Default, track width: 200000
INFO: board_modifier.py:674: Routing pad 'SW65:2' at (140652500, 109220000) with pad 'D64:2' at (141462500, 117050000) using coordinate system rotated by 0 degree(s)
INFO: board_modifier.py:494: Adding track segment (B.Cu): [(140652500, 109220000), (140652500, 116240000)]
INFO: board_modifier.py:494: Adding track segment (B.Cu): [(140652500, 116240000), (141462500, 117050000)]
INFO: key_placer.py:512: Routing SW7 with D2
INFO: key_placer.py:514: Using internal autorouter method
DEBUG: board_modifier.py:591: Routing at B.Cu layer
DEBUG: board_modifier.py:608: Netclass: Default, track width: 200000
INFO: board_modifier.py:674: Routing pad 'SW7:2' at (154940000, 33020000) with pad 'D2:2' at (155750000, 40850000) using coordinate system rotated by 0 degree(s)
INFO: board_modifier.py:494: Adding track segment (B.Cu): [(154940000, 33020000), (154940000, 40040000)]
INFO: board_modifier.py:494: Adding track segment (B.Cu): [(154940000, 40040000), (155750000, 40850000)]
INFO: key_placer.py:512: Routing SW48 with D53
INFO: key_placer.py:514: Using internal autorouter method
DEBUG: board_modifier.py:591: Routing at B.Cu layer
DEBUG: board_modifier.py:608: Netclass: Default, track width: 200000
INFO: board_modifier.py:674: Routing pad 'SW48:2' at (73977500, 90170000) with pad 'D53:2' at (74787500, 98000000) using coordinate system rotated by 0 degree(s)
INFO: board_modifier.py:494: Adding track segment (B.Cu): [(73977500, 90170000), (73977500, 97190000)]
INFO: board_modifier.py:494: Adding track segment (B.Cu): [(73977500, 97190000), (74787500, 98000000)]
INFO: key_placer.py:512: Routing SW68 with D61
INFO: key_placer.py:514: Using internal autorouter method
DEBUG: board_modifier.py:591: Routing at B.Cu layer
DEBUG: board_modifier.py:608: Netclass: Default, track width: 200000
INFO: board_modifier.py:674: Routing pad 'SW68:2' at (197802500, 109220000) with pad 'D61:2' at (198612500, 117050000) using coordinate system rotated by 0 degree(s)
INFO: board_modifier.py:494: Adding track segment (B.Cu): [(197802500, 109220000), (197802500, 116240000)]
INFO: board_modifier.py:494: Adding track segment (B.Cu): [(197802500, 116240000), (198612500, 117050000)]
INFO: key_placer.py:512: Routing SW75 with D75
INFO: key_placer.py:514: Using internal autorouter method
DEBUG: board_modifier.py:591: Routing at B.Cu layer
DEBUG: board_modifier.py:608: Netclass: Default, track width: 200000
INFO: board_modifier.py:674: Routing pad 'SW75:2' at (43021250, 128270000) with pad 'D75:2' at (43831250, 136100000) using coordinate system rotated by 0 degree(s)
INFO: board_modifier.py:494: Adding track segment (B.Cu): [(43021250, 128270000), (43021250, 135290000)]
INFO: board_modifier.py:494: Adding track segment (B.Cu): [(43021250, 135290000), (43831250, 136100000)]
INFO: key_placer.py:512: Routing SW21 with D26
INFO: key_placer.py:514: Using internal autorouter method
DEBUG: board_modifier.py:591: Routing at B.Cu layer
DEBUG: board_modifier.py:608: Netclass: Default, track width: 200000
INFO: board_modifier.py:674: Routing pad 'SW21:2' at (116840000, 52070000) with pad 'D26:2' at (117650000, 59900000) using coordinate system rotated by 0 degree(s)
INFO: board_modifier.py:494: Adding track segment (B.Cu): [(116840000, 52070000), (116840000, 59090000)]
INFO: board_modifier.py:494: Adding track segment (B.Cu): [(116840000, 59090000), (117650000, 59900000)]
INFO: key_placer.py:512: Routing SW76 with D76
INFO: key_placer.py:514: Using internal autorouter method
DEBUG: board_modifier.py:591: Routing at B.Cu layer
DEBUG: board_modifier.py:608: Netclass: Default, track width: 200000
INFO: board_modifier.py:674: Routing pad 'SW76:2' at (66833750, 128270000) with pad 'D76:2' at (67643750, 136100000) using coordinate system rotated by 0 degree(s)
INFO: board_modifier.py:494: Adding track segment (B.Cu): [(66833750, 128270000), (66833750, 135290000)]
INFO: board_modifier.py:494: Adding track segment (B.Cu): [(66833750, 135290000), (67643750, 136100000)]
INFO: key_placer.py:512: Routing SW16 with D9
INFO: key_placer.py:514: Using internal autorouter method
DEBUG: board_modifier.py:591: Routing at B.Cu layer
DEBUG: board_modifier.py:608: Netclass: Default, track width: 200000
INFO: board_modifier.py:674: Routing pad 'SW16:2' at (326390000, 33020000) with pad 'D9:2' at (327200000, 40850000) using coordinate system rotated by 0 degree(s)
INFO: board_modifier.py:494: Adding track segment (B.Cu): [(326390000, 33020000), (326390000, 40040000)]
INFO: board_modifier.py:494: Adding track segment (B.Cu): [(326390000, 40040000), (327200000, 40850000)]
INFO: key_placer.py:512: Routing SW23 with D24
INFO: key_placer.py:514: Using internal autorouter method
DEBUG: board_modifier.py:591: Routing at B.Cu layer
DEBUG: board_modifier.py:608: Netclass: Default, track width: 200000
INFO: board_modifier.py:674: Routing pad 'SW23:2' at (154940000, 52070000) with pad 'D24:2' at (155750000, 59900000) using coordinate system rotated by 0 degree(s)
INFO: board_modifier.py:494: Adding track segment (B.Cu): [(154940000, 52070000), (154940000, 59090000)]
INFO: board_modifier.py:494: Adding track segment (B.Cu): [(154940000, 59090000), (155750000, 59900000)]
INFO: key_placer.py:512: Routing SW74 with D74
INFO: key_placer.py:514: Using internal autorouter method
DEBUG: board_modifier.py:591: Routing at B.Cu layer
DEBUG: board_modifier.py:608: Netclass: Default, track width: 200000
INFO: board_modifier.py:674: Routing pad 'SW74:2' at (326390000, 109220000) with pad 'D74:2' at (327200000, 117050000) using coordinate system rotated by 0 degree(s)
INFO: board_modifier.py:494: Adding track segment (B.Cu): [(326390000, 109220000), (326390000, 116240000)]
INFO: board_modifier.py:494: Adding track segment (B.Cu): [(326390000, 116240000), (327200000, 117050000)]
INFO: key_placer.py:512: Routing SW17 with D30
INFO: key_placer.py:514: Using internal autorouter method
DEBUG: board_modifier.py:591: Routing at B.Cu layer
DEBUG: board_modifier.py:608: Netclass: Default, track width: 200000
INFO: board_modifier.py:674: Routing pad 'SW17:2' at (40640000, 52070000) with pad 'D30:2' at (41450000, 59900000) using coordinate system rotated by 0 degree(s)
INFO: board_modifier.py:494: Adding track segment (B.Cu): [(40640000, 52070000), (40640000, 59090000)]
INFO: board_modifier.py:494: Adding track segment (B.Cu): [(40640000, 59090000), (41450000, 59900000)]
INFO: key_placer.py:512: Routing SW40 with D33
INFO: key_placer.py:514: Using internal autorouter method
DEBUG: board_modifier.py:591: Routing at B.Cu layer
DEBUG: board_modifier.py:608: Netclass: Default, track width: 200000
INFO: board_modifier.py:674: Routing pad 'SW40:2' at (202565000, 71120000) with pad 'D33:2' at (203375000, 78950000) using coordinate system rotated by 0 degree(s)
INFO: board_modifier.py:494: Adding track segment (B.Cu): [(202565000, 71120000), (202565000, 78140000)]
INFO: board_modifier.py:494: Adding track segment (B.Cu): [(202565000, 78140000), (203375000, 78950000)]
INFO: key_placer.py:512: Routing SW1 with D8
INFO: key_placer.py:514: Using internal autorouter method
DEBUG: board_modifier.py:591: Routing at B.Cu layer
DEBUG: board_modifier.py:608: Netclass: Default, track width: 200000
INFO: board_modifier.py:674: Routing pad 'SW1:2' at (40640000, 33020000) with pad 'D8:2' at (41450000, 40850000) using coordinate system rotated by 0 degree(s)
INFO: board_modifier.py:494: Adding track segment (B.Cu): [(40640000, 33020000), (40640000, 40040000)]
INFO: board_modifier.py:494: Adding track segment (B.Cu): [(40640000, 40040000), (41450000, 40850000)]
INFO: key_placer.py:512: Routing SW62 with D67
INFO: key_placer.py:514: Using internal autorouter method
DEBUG: board_modifier.py:591: Routing at B.Cu layer
DEBUG: board_modifier.py:608: Netclass: Default, track width: 200000
INFO: board_modifier.py:674: Routing pad 'SW62:2' at (83502500, 109220000) with pad 'D67:2' at (84312500, 117050000) using coordinate system rotated by 0 degree(s)
INFO: board_modifier.py:494: Adding track segment (B.Cu): [(83502500, 109220000), (83502500, 116240000)]
INFO: board_modifier.py:494: Adding track segment (B.Cu): [(83502500, 116240000), (84312500, 117050000)]
INFO: key_placer.py:512: Routing SW8 with D1
INFO: key_placer.py:514: Using internal autorouter method
DEBUG: board_modifier.py:591: Routing at B.Cu layer
DEBUG: board_modifier.py:608: Netclass: Default, track width: 200000
INFO: board_modifier.py:674: Routing pad 'SW8:2' at (173990000, 33020000) with pad 'D1:2' at (174800000, 40850000) using coordinate system rotated by 0 degree(s)
INFO: board_modifier.py:494: Adding track segment (B.Cu): [(173990000, 33020000), (173990000, 40040000)]
INFO: board_modifier.py:494: Adding track segment (B.Cu): [(173990000, 40040000), (174800000, 40850000)]
INFO: key_placer.py:512: Routing SW69 with D72
INFO: key_placer.py:514: Using internal autorouter method
DEBUG: board_modifier.py:591: Routing at B.Cu layer
DEBUG: board_modifier.py:608: Netclass: Default, track width: 200000
INFO: board_modifier.py:674: Routing pad 'SW69:2' at (216852500, 109220000) with pad 'D72:2' at (217662500, 117050000) using coordinate system rotated by 0 degree(s)
INFO: board_modifier.py:494: Adding track segment (B.Cu): [(216852500, 109220000), (216852500, 116240000)]
INFO: board_modifier.py:494: Adding track segment (B.Cu): [(216852500, 116240000), (217662500, 117050000)]
INFO: key_placer.py:512: Routing SW49 with D52
INFO: key_placer.py:514: Using internal autorouter method
DEBUG: board_modifier.py:591: Routing at B.Cu layer
DEBUG: board_modifier.py:608: Netclass: Default, track width: 200000
INFO: board_modifier.py:674: Routing pad 'SW49:2' at (93027500, 90170000) with pad 'D52:2' at (93837500, 98000000) using coordinate system rotated by 0 degree(s)
INFO: board_modifier.py:494: Adding track segment (B.Cu): [(93027500, 90170000), (93027500, 97190000)]
INFO: board_modifier.py:494: Adding track segment (B.Cu): [(93027500, 97190000), (93837500, 98000000)]
INFO: key_placer.py:512: Routing SW73 with D73
INFO: key_placer.py:514: Using internal autorouter method
DEBUG: board_modifier.py:591: Routing at B.Cu layer
DEBUG: board_modifier.py:608: Netclass: Default, track width: 200000
INFO: board_modifier.py:674: Routing pad 'SW73:2' at (307340000, 109220000) with pad 'D73:2' at (308150000, 117050000) using coordinate system rotated by 0 degree(s)
INFO: board_modifier.py:494: Adding track segment (B.Cu): [(307340000, 109220000), (307340000, 116240000)]
INFO: board_modifier.py:494: Adding track segment (B.Cu): [(307340000, 116240000), (308150000, 117050000)]
INFO: key_placer.py:512: Routing SW72 with D69
INFO: key_placer.py:514: Using internal autorouter method
DEBUG: board_modifier.py:591: Routing at B.Cu layer
DEBUG: board_modifier.py:608: Netclass: Default, track width: 200000
INFO: board_modifier.py:674: Routing pad 'SW72:2' at (281146250, 109220000) with pad 'D69:2' at (281956250, 117050000) using coordinate system rotated by 0 degree(s)
INFO: board_modifier.py:494: Adding track segment (B.Cu): [(281146250, 109220000), (281146250, 116240000)]
INFO: board_modifier.py:494: Adding track segment (B.Cu): [(281146250, 116240000), (281956250, 117050000)]
INFO: key_placer.py:512: Routing SW34 with D39
INFO: key_placer.py:514: Using internal autorouter method
DEBUG: board_modifier.py:591: Routing at B.Cu layer
DEBUG: board_modifier.py:608: Netclass: Default, track width: 200000
INFO: board_modifier.py:674: Routing pad 'SW34:2' at (88265000, 71120000) with pad 'D39:2' at (89075000, 78950000) using coordinate system rotated by 0 degree(s)
INFO: board_modifier.py:494: Adding track segment (B.Cu): [(88265000, 71120000), (88265000, 78140000)]
INFO: board_modifier.py:494: Adding track segment (B.Cu): [(88265000, 78140000), (89075000, 78950000)]
INFO: key_placer.py:512: Routing SW39 with D34
INFO: key_placer.py:514: Using internal autorouter method
DEBUG: board_modifier.py:591: Routing at B.Cu layer
DEBUG: board_modifier.py:608: Netclass: Default, track width: 200000
INFO: board_modifier.py:674: Routing pad 'SW39:2' at (183515000, 71120000) with pad 'D34:2' at (184325000, 78950000) using coordinate system rotated by 0 degree(s)
INFO: board_modifier.py:494: Adding track segment (B.Cu): [(183515000, 71120000), (183515000, 78140000)]
INFO: board_modifier.py:494: Adding track segment (B.Cu): [(183515000, 78140000), (184325000, 78950000)]
INFO: key_placer.py:512: Routing SW41 with D32
INFO: key_placer.py:514: Using internal autorouter method
DEBUG: board_modifier.py:591: Routing at B.Cu layer
DEBUG: board_modifier.py:608: Netclass: Default, track width: 200000
INFO: board_modifier.py:674: Routing pad 'SW41:2' at (221615000, 71120000) with pad 'D32:2' at (222425000, 78950000) using coordinate system rotated by 0 degree(s)
INFO: board_modifier.py:494: Adding track segment (B.Cu): [(221615000, 71120000), (221615000, 78140000)]
INFO: board_modifier.py:494: Adding track segment (B.Cu): [(221615000, 78140000), (222425000, 78950000)]
INFO: key_placer.py:512: Routing SW25 with D22
INFO: key_placer.py:514: Using internal autorouter method
DEBUG: board_modifier.py:591: Routing at B.Cu layer
DEBUG: board_modifier.py:608: Netclass: Default, track width: 200000
INFO: board_modifier.py:674: Routing pad 'SW25:2' at (193040000, 52070000) with pad 'D22:2' at (193850000, 59900000) using coordinate system rotated by 0 degree(s)
INFO: board_modifier.py:494: Adding track segment (B.Cu): [(193040000, 52070000), (193040000, 59090000)]
INFO: board_modifier.py:494: Adding track segment (B.Cu): [(193040000, 59090000), (193850000, 59900000)]
INFO: key_placer.py:512: Routing SW64 with D65
INFO: key_placer.py:514: Using internal autorouter method
DEBUG: board_modifier.py:591: Routing at B.Cu layer
DEBUG: board_modifier.py:608: Netclass: Default, track width: 200000
INFO: board_modifier.py:674: Routing pad 'SW64:2' at (121602500, 109220000) with pad 'D65:2' at (122412500, 117050000) using coordinate system rotated by 0 degree(s)
INFO: board_modifier.py:494: Adding track segment (B.Cu): [(121602500, 109220000), (121602500, 116240000)]
INFO: board_modifier.py:494: Adding track segment (B.Cu): [(121602500, 116240000), (122412500, 117050000)]
INFO: key_placer.py:512: Routing SW71 with D70
INFO: key_placer.py:514: Using internal autorouter method
DEBUG: board_modifier.py:591: Routing at B.Cu layer
DEBUG: board_modifier.py:608: Netclass: Default, track width: 200000
INFO: board_modifier.py:674: Routing pad 'SW71:2' at (254952500, 109220000) with pad 'D70:2' at (255762500, 117050000) using coordinate system rotated by 0 degree(s)
INFO: board_modifier.py:494: Adding track segment (B.Cu): [(254952500, 109220000), (254952500, 116240000)]
INFO: board_modifier.py:494: Adding track segment (B.Cu): [(254952500, 116240000), (255762500, 117050000)]
INFO: key_placer.py:512: Routing SW84 with D81
INFO: key_placer.py:514: Using internal autorouter method
DEBUG: board_modifier.py:591: Routing at B.Cu layer
DEBUG: board_modifier.py:608: Netclass: Default, track width: 200000
INFO: board_modifier.py:674: Routing pad 'SW84:2' at (326390000, 128270000) with pad 'D81:2' at (327200000, 136100000) using coordinate system rotated by 0 degree(s)
INFO: board_modifier.py:494: Adding track segment (B.Cu): [(326390000, 128270000), (326390000, 135290000)]
INFO: board_modifier.py:494: Adding track segment (B.Cu): [(326390000, 135290000), (327200000, 136100000)]
INFO: key_placer.py:512: Routing SW4 with D5
INFO: key_placer.py:514: Using internal autorouter method
DEBUG: board_modifier.py:591: Routing at B.Cu layer
DEBUG: board_modifier.py:608: Netclass: Default, track width: 200000
INFO: board_modifier.py:674: Routing pad 'SW4:2' at (97790000, 33020000) with pad 'D5:2' at (98600000, 40850000) using coordinate system rotated by 0 degree(s)
INFO: board_modifier.py:494: Adding track segment (B.Cu): [(97790000, 33020000), (97790000, 40040000)]
INFO: board_modifier.py:494: Adding track segment (B.Cu): [(97790000, 40040000), (98600000, 40850000)]
INFO: key_placer.py:512: Routing SW77 with D77
INFO: key_placer.py:514: Using internal autorouter method
DEBUG: board_modifier.py:591: Routing at B.Cu layer
DEBUG: board_modifier.py:608: Netclass: Default, track width: 200000
INFO: board_modifier.py:674: Routing pad 'SW77:2' at (90646250, 128270000) with pad 'D77:2' at (91456250, 136100000) using coordinate system rotated by 0 degree(s)
INFO: board_modifier.py:494: Adding track segment (B.Cu): [(90646250, 128270000), (90646250, 135290000)]
INFO: board_modifier.py:494: Adding track segment (B.Cu): [(90646250, 135290000), (91456250, 136100000)]
INFO: key_placer.py:1035: Routing unconnected-(D12-K-Pad1) pads
INFO: key_placer.py:1035: Routing COL10 pads
WARNING: board_modifier.py:584: Could not route pads, no common layers found. Pads: 'U1:27', 'D20:1'
DEBUG: board_modifier.py:591: Routing at B.Cu layer
DEBUG: board_modifier.py:608: Netclass: Default, track width: 200000
INFO: board_modifier.py:674: Routing pad 'D70:1' at (259062500, 117050000) with pad 'D79:1' at (235250000, 136100000) using coordinate system rotated by 0 degree(s)
DEBUG: board_modifier.py:591: Routing at B.Cu layer
DEBUG: board_modifier.py:608: Netclass: Default, track width: 200000
INFO: board_modifier.py:674: Routing pad 'D20:1' at (235250000, 59900000) with pad 'D43:1' at (244775000, 78950000) using coordinate system rotated by 0 degree(s)
DEBUG: board_modifier.py:591: Routing at B.Cu layer
DEBUG: board_modifier.py:608: Netclass: Default, track width: 200000
INFO: board_modifier.py:674: Routing pad 'D43:1' at (244775000, 78950000) with pad 'D56:1' at (249537500, 98000000) using coordinate system rotated by 0 degree(s)
DEBUG: board_modifier.py:591: Routing at B.Cu layer
DEBUG: board_modifier.py:608: Netclass: Default, track width: 200000
INFO: board_modifier.py:674: Routing pad 'D56:1' at (249537500, 98000000) with pad 'D70:1' at (259062500, 117050000) using coordinate system rotated by 0 degree(s)
INFO: key_placer.py:1035: Routing COL7 pads
WARNING: board_modifier.py:584: Could not route pads, no common layers found. Pads: 'U1:16', 'D1:1'
DEBUG: board_modifier.py:591: Routing at B.Cu layer
DEBUG: board_modifier.py:608: Netclass: Default, track width: 200000
INFO: board_modifier.py:674: Routing pad 'D1:1' at (178100000, 40850000) with pad 'D23:1' at (178100000, 59900000) using coordinate system rotated by 0 degree(s)
INFO: board_modifier.py:494: Adding track segment (B.Cu): [(178100000, 40850000), (178100000, 59900000)]
INFO: board_modifier.py:503: Could not add track segment due to detected collision
DEBUG: board_modifier.py:591: Routing at B.Cu layer
DEBUG: board_modifier.py:608: Netclass: Default, track width: 200000
INFO: board_modifier.py:674: Routing pad 'D23:1' at (178100000, 59900000) with pad 'D34:1' at (187625000, 78950000) using coordinate system rotated by 0 degree(s)
DEBUG: board_modifier.py:591: Routing at B.Cu layer
DEBUG: board_modifier.py:608: Netclass: Default, track width: 200000
INFO: board_modifier.py:674: Routing pad 'D34:1' at (187625000, 78950000) with pad 'D47:1' at (192387500, 98000000) using coordinate system rotated by 0 degree(s)
DEBUG: board_modifier.py:591: Routing at B.Cu layer
DEBUG: board_modifier.py:608: Netclass: Default, track width: 200000
INFO: board_modifier.py:674: Routing pad 'D47:1' at (192387500, 98000000) with pad 'D61:1' at (201912500, 117050000) using coordinate system rotated by 0 degree(s)
INFO: key_placer.py:1035: Routing COL9 pads
WARNING: board_modifier.py:584: Could not route pads, no common layers found. Pads: 'U1:18', 'D15:1'
DEBUG: board_modifier.py:591: Routing at B.Cu layer
DEBUG: board_modifier.py:608: Netclass: Default, track width: 200000
INFO: board_modifier.py:674: Routing pad 'D15:1' at (216200000, 40850000) with pad 'D21:1' at (216200000, 59900000) using coordinate system rotated by 0 degree(s)
INFO: board_modifier.py:494: Adding track segment (B.Cu): [(216200000, 40850000), (216200000, 59900000)]
INFO: board_modifier.py:503: Could not add track segment due to detected collision
DEBUG: board_modifier.py:591: Routing at B.Cu layer
DEBUG: board_modifier.py:608: Netclass: Default, track width: 200000
INFO: board_modifier.py:674: Routing pad 'D21:1' at (216200000, 59900000) with pad 'D32:1' at (225725000, 78950000) using coordinate system rotated by 0 degree(s)
DEBUG: board_modifier.py:591: Routing at B.Cu layer
DEBUG: board_modifier.py:608: Netclass: Default, track width: 200000
INFO: board_modifier.py:674: Routing pad 'D32:1' at (225725000, 78950000) with pad 'D57:1' at (230487500, 98000000) using coordinate system rotated by 0 degree(s)
DEBUG: board_modifier.py:591: Routing at B.Cu layer
DEBUG: board_modifier.py:608: Netclass: Default, track width: 200000
INFO: board_modifier.py:674: Routing pad 'D57:1' at (230487500, 98000000) with pad 'D71:1' at (240012500, 117050000) using coordinate system rotated by 0 degree(s)
INFO: key_placer.py:1035: Routing COL11 pads
WARNING: board_modifier.py:584: Could not route pads, no common layers found. Pads: 'U1:28', 'D19:1'
DEBUG: board_modifier.py:591: Routing at B.Cu layer
DEBUG: board_modifier.py:608: Netclass: Default, track width: 200000
INFO: board_modifier.py:674: Routing pad 'D69:1' at (285256250, 117050000) with pad 'D80:1' at (254300000, 136100000) using coordinate system rotated by 0 degree(s)
DEBUG: board_modifier.py:591: Routing at B.Cu layer
DEBUG: board_modifier.py:608: Netclass: Default, track width: 200000
INFO: board_modifier.py:674: Routing pad 'D19:1' at (254300000, 59900000) with pad 'D42:1' at (263825000, 78950000) using coordinate system rotated by 0 degree(s)
DEBUG: board_modifier.py:591: Routing at B.Cu layer
DEBUG: board_modifier.py:608: Netclass: Default, track width: 200000
INFO: board_modifier.py:674: Routing pad 'D42:1' at (263825000, 78950000) with pad 'D55:1' at (268587500, 98000000) using coordinate system rotated by 0 degree(s)
DEBUG: board_modifier.py:591: Routing at B.Cu layer
DEBUG: board_modifier.py:608: Netclass: Default, track width: 200000
INFO: board_modifier.py:674: Routing pad 'D55:1' at (268587500, 98000000) with pad 'D69:1' at (285256250, 117050000) using coordinate system rotated by 0 degree(s)
INFO: key_placer.py:1035: Routing unconnected-(D11-K-Pad1) pads
INFO: key_placer.py:1035: Routing COL8 pads
WARNING: board_modifier.py:584: Could not route pads, no common layers found. Pads: 'U1:17', 'D16:1'
DEBUG: board_modifier.py:591: Routing at B.Cu layer
DEBUG: board_modifier.py:608: Netclass: Default, track width: 200000
INFO: board_modifier.py:674: Routing pad 'D16:1' at (197150000, 40850000) with pad 'D22:1' at (197150000, 59900000) using coordinate system rotated by 0 degree(s)
INFO: board_modifier.py:494: Adding track segment (B.Cu): [(197150000, 40850000), (197150000, 59900000)]
INFO: board_modifier.py:503: Could not add track segment due to detected collision
DEBUG: board_modifier.py:591: Routing at B.Cu layer
DEBUG: board_modifier.py:608: Netclass: Default, track width: 200000
INFO: board_modifier.py:674: Routing pad 'D22:1' at (197150000, 59900000) with pad 'D33:1' at (206675000, 78950000) using coordinate system rotated by 0 degree(s)
DEBUG: board_modifier.py:591: Routing at B.Cu layer
DEBUG: board_modifier.py:608: Netclass: Default, track width: 200000
INFO: board_modifier.py:674: Routing pad 'D33:1' at (206675000, 78950000) with pad 'D58:1' at (211437500, 98000000) using coordinate system rotated by 0 degree(s)
DEBUG: board_modifier.py:591: Routing at B.Cu layer
DEBUG: board_modifier.py:608: Netclass: Default, track width: 200000
INFO: board_modifier.py:674: Routing pad 'D58:1' at (211437500, 98000000) with pad 'D72:1' at (220962500, 117050000) using coordinate system rotated by 0 degree(s)
INFO: key_placer.py:1035: Routing COL4 pads
WARNING: board_modifier.py:584: Could not route pads, no common layers found. Pads: 'U1:13', 'D4:1'
DEBUG: board_modifier.py:591: Routing at B.Cu layer
DEBUG: board_modifier.py:608: Netclass: Default, track width: 200000
INFO: board_modifier.py:674: Routing pad 'D4:1' at (120950000, 40850000) with pad 'D26:1' at (120950000, 59900000) using coordinate system rotated by 0 degree(s)
INFO: board_modifier.py:494: Adding track segment (B.Cu): [(120950000, 40850000), (120950000, 59900000)]
INFO: board_modifier.py:503: Could not add track segment due to detected collision
DEBUG: board_modifier.py:591: Routing at B.Cu layer
DEBUG: board_modifier.py:608: Netclass: Default, track width: 200000
INFO: board_modifier.py:674: Routing pad 'D26:1' at (120950000, 59900000) with pad 'D37:1' at (130475000, 78950000) using coordinate system rotated by 0 degree(s)
DEBUG: board_modifier.py:591: Routing at B.Cu layer
DEBUG: board_modifier.py:608: Netclass: Default, track width: 200000
INFO: board_modifier.py:674: Routing pad 'D37:1' at (130475000, 78950000) with pad 'D50:1' at (135237500, 98000000) using coordinate system rotated by 0 degree(s)
DEBUG: board_modifier.py:591: Routing at B.Cu layer
DEBUG: board_modifier.py:608: Netclass: Default, track width: 200000
INFO: board_modifier.py:674: Routing pad 'D50:1' at (135237500, 98000000) with pad 'D64:1' at (144762500, 117050000) using coordinate system rotated by 0 degree(s)
INFO: key_placer.py:1035: Routing ROW1 pads
WARNING: board_modifier.py:584: Could not route pads, no common layers found. Pads: 'U1:3', 'SW17:1'
DEBUG: board_modifier.py:591: Routing at B.Cu layer
DEBUG: board_modifier.py:608: Netclass: Default, track width: 200000
INFO: board_modifier.py:674: Routing pad 'SW17:1' at (34290000, 54610000) with pad 'SW18:1' at (49790000, 54610000) using coordinate system rotated by 0 degree(s)
INFO: board_modifier.py:494: Adding track segment (B.Cu): [(34290000, 54610000), (49790000, 54610000)]
INFO: board_modifier.py:503: Could not add track segment due to detected collision
DEBUG: board_modifier.py:591: Routing at B.Cu layer
DEBUG: board_modifier.py:608: Netclass: Default, track width: 200000
INFO: board_modifier.py:674: Routing pad 'SW18:1' at (53340000, 54610000) with pad 'SW19:1' at (68840000, 54610000) using coordinate system rotated by 0 degree(s)
INFO: board_modifier.py:494: Adding track segment (B.Cu): [(53340000, 54610000), (68840000, 54610000)]
INFO: board_modifier.py:503: Could not add track segment due to detected collision
DEBUG: board_modifier.py:591: Routing at B.Cu layer
DEBUG: board_modifier.py:608: Netclass: Default, track width: 200000
INFO: board_modifier.py:674: Routing pad 'SW19:1' at (72390000, 54610000) with pad 'SW20:1' at (87890000, 54610000) using coordinate system rotated by 0 degree(s)
INFO: board_modifier.py:494: Adding track segment (B.Cu): [(72390000, 54610000), (87890000, 54610000)]
INFO: board_modifier.py:503: Could not add track segment due to detected collision
DEBUG: board_modifier.py:591: Routing at B.Cu layer
DEBUG: board_modifier.py:608: Netclass: Default, track width: 200000
INFO: board_modifier.py:674: Routing pad 'SW20:1' at (91440000, 54610000) with pad 'SW21:1' at (106940000, 54610000) using coordinate system rotated by 0 degree(s)
INFO: board_modifier.py:494: Adding track segment (B.Cu): [(91440000, 54610000), (106940000, 54610000)]
INFO: board_modifier.py:503: Could not add track segment due to detected collision
DEBUG: board_modifier.py:591: Routing at B.Cu layer
DEBUG: board_modifier.py:608: Netclass: Default, track width: 200000
INFO: board_modifier.py:674: Routing pad 'SW21:1' at (110490000, 54610000) with pad 'SW22:1' at (125990000, 54610000) using coordinate system rotated by 0 degree(s)
INFO: board_modifier.py:494: Adding track segment (B.Cu): [(110490000, 54610000), (125990000, 54610000)]
INFO: board_modifier.py:503: Could not add track segment due to detected collision
DEBUG: board_modifier.py:591: Routing at B.Cu layer
DEBUG: board_modifier.py:608: Netclass: Default, track width: 200000
INFO: board_modifier.py:674: Routing pad 'SW22:1' at (129540000, 54610000) with pad 'SW23:1' at (145040000, 54610000) using coordinate system rotated by 0 degree(s)
INFO: board_modifier.py:494: Adding track segment (B.Cu): [(129540000, 54610000), (145040000, 54610000)]
INFO: board_modifier.py:503: Could not add track segment due to detected collision
DEBUG: board_modifier.py:591: Routing at B.Cu layer
DEBUG: board_modifier.py:608: Netclass: Default, track width: 200000
INFO: board_modifier.py:674: Routing pad 'SW23:1' at (148590000, 54610000) with pad 'SW24:1' at (164090000, 54610000) using coordinate system rotated by 0 degree(s)
INFO: board_modifier.py:494: Adding track segment (B.Cu): [(148590000, 54610000), (164090000, 54610000)]
INFO: board_modifier.py:503: Could not add track segment due to detected collision
DEBUG: board_modifier.py:591: Routing at B.Cu layer
DEBUG: board_modifier.py:608: Netclass: Default, track width: 200000
INFO: board_modifier.py:674: Routing pad 'SW24:1' at (167640000, 54610000) with pad 'SW25:1' at (183140000, 54610000) using coordinate system rotated by 0 degree(s)
INFO: board_modifier.py:494: Adding track segment (B.Cu): [(167640000, 54610000), (183140000, 54610000)]
INFO: board_modifier.py:503: Could not add track segment due to detected collision
DEBUG: board_modifier.py:591: Routing at B.Cu layer
DEBUG: board_modifier.py:608: Netclass: Default, track width: 200000
INFO: board_modifier.py:674: Routing pad 'SW25:1' at (186690000, 54610000) with pad 'SW26:1' at (202190000, 54610000) using coordinate system rotated by 0 degree(s)
INFO: board_modifier.py:494: Adding track segment (B.Cu): [(186690000, 54610000), (202190000, 54610000)]
INFO: board_modifier.py:503: Could not add track segment due to detected collision
DEBUG: board_modifier.py:591: Routing at B.Cu layer
DEBUG: board_modifier.py:608: Netclass: Default, track width: 200000
INFO: board_modifier.py:674: Routing pad 'SW26:1' at (205740000, 54610000) with pad 'SW27:1' at (221240000, 54610000) using coordinate system rotated by 0 degree(s)
INFO: board_modifier.py:494: Adding track segment (B.Cu): [(205740000, 54610000), (221240000, 54610000)]
INFO: board_modifier.py:503: Could not add track segment due to detected collision
DEBUG: board_modifier.py:591: Routing at B.Cu layer
DEBUG: board_modifier.py:608: Netclass: Default, track width: 200000
INFO: board_modifier.py:674: Routing pad 'SW27:1' at (224790000, 54610000) with pad 'SW28:1' at (240290000, 54610000) using coordinate system rotated by 0 degree(s)
INFO: board_modifier.py:494: Adding track segment (B.Cu): [(224790000, 54610000), (240290000, 54610000)]
INFO: board_modifier.py:503: Could not add track segment due to detected collision
DEBUG: board_modifier.py:591: Routing at B.Cu layer
DEBUG: board_modifier.py:608: Netclass: Default, track width: 200000
INFO: board_modifier.py:674: Routing pad 'SW28:1' at (243840000, 54610000) with pad 'SW29:1' at (259340000, 54610000) using coordinate system rotated by 0 degree(s)
INFO: board_modifier.py:494: Adding track segment (B.Cu): [(243840000, 54610000), (259340000, 54610000)]
INFO: board_modifier.py:503: Could not add track segment due to detected collision
DEBUG: board_modifier.py:591: Routing at B.Cu layer
DEBUG: board_modifier.py:608: Netclass: Default, track width: 200000
INFO: board_modifier.py:674: Routing pad 'SW29:1' at (262890000, 54610000) with pad 'SW30:1' at (287915000, 54610000) using coordinate system rotated by 0 degree(s)
INFO: board_modifier.py:494: Adding track segment (B.Cu): [(262890000, 54610000), (287915000, 54610000)]
INFO: board_modifier.py:503: Could not add track segment due to detected collision
DEBUG: board_modifier.py:591: Routing at B.Cu layer
DEBUG: board_modifier.py:608: Netclass: Default, track width: 200000
INFO: board_modifier.py:674: Routing pad 'SW30:1' at (291465000, 54610000) with pad 'SW31:1' at (316490000, 54610000) using coordinate system rotated by 0 degree(s)
INFO: board_modifier.py:494: Adding track segment (B.Cu): [(291465000, 54610000), (316490000, 54610000)]
INFO: board_modifier.py:503: Could not add track segment due to detected collision
INFO: key_placer.py:1035: Routing COL6 pads
WARNING: board_modifier.py:584: Could not route pads, no common layers found. Pads: 'U1:15', 'D2:1'
DEBUG: board_modifier.py:591: Routing at B.Cu layer
DEBUG: board_modifier.py:608: Netclass: Default, track width: 200000
INFO: board_modifier.py:674: Routing pad 'D2:1' at (159050000, 40850000) with pad 'D24:1' at (159050000, 59900000) using coordinate system rotated by 0 degree(s)
INFO: board_modifier.py:494: Adding track segment (B.Cu): [(159050000, 40850000), (159050000, 59900000)]
INFO: board_modifier.py:503: Could not add track segment due to detected collision
DEBUG: board_modifier.py:591: Routing at B.Cu layer
DEBUG: board_modifier.py:608: Netclass: Default, track width: 200000
INFO: board_modifier.py:674: Routing pad 'D62:1' at (182862500, 117050000) with pad 'D78:1' at (166193750, 136100000) using coordinate system rotated by 0 degree(s)
INFO: board_modifier.py:494: Adding track segment (B.Cu): [(182862500, 117050000), (182862500, 119431250)]
INFO: board_modifier.py:494: Adding track segment (B.Cu): [(182862500, 119431250), (166193750, 136100000)]
DEBUG: board_modifier.py:591: Routing at B.Cu layer
DEBUG: board_modifier.py:608: Netclass: Default, track width: 200000
INFO: board_modifier.py:674: Routing pad 'D24:1' at (159050000, 59900000) with pad 'D35:1' at (168575000, 78950000) using coordinate system rotated by 0 degree(s)
DEBUG: board_modifier.py:591: Routing at B.Cu layer
DEBUG: board_modifier.py:608: Netclass: Default, track width: 200000
INFO: board_modifier.py:674: Routing pad 'D35:1' at (168575000, 78950000) with pad 'D48:1' at (173337500, 98000000) using coordinate system rotated by 0 degree(s)
DEBUG: board_modifier.py:591: Routing at B.Cu layer
DEBUG: board_modifier.py:608: Netclass: Default, track width: 200000
INFO: board_modifier.py:674: Routing pad 'D48:1' at (173337500, 98000000) with pad 'D62:1' at (182862500, 117050000) using coordinate system rotated by 0 degree(s)
INFO: key_placer.py:1035: Routing COL1 pads
WARNING: board_modifier.py:584: Could not route pads, no common layers found. Pads: 'U1:9', 'D7:1'
DEBUG: board_modifier.py:591: Routing at B.Cu layer
DEBUG: board_modifier.py:608: Netclass: Default, track width: 200000
INFO: board_modifier.py:674: Routing pad 'D7:1' at (63800000, 40850000) with pad 'D29:1' at (63800000, 59900000) using coordinate system rotated by 0 degree(s)
INFO: board_modifier.py:494: Adding track segment (B.Cu): [(63800000, 40850000), (63800000, 59900000)]
INFO: board_modifier.py:503: Could not add track segment due to detected collision
DEBUG: board_modifier.py:591: Routing at B.Cu layer
DEBUG: board_modifier.py:608: Netclass: Default, track width: 200000
INFO: board_modifier.py:674: Routing pad 'D67:1' at (87612500, 117050000) with pad 'D76:1' at (70943750, 136100000) using coordinate system rotated by 0 degree(s)
INFO: board_modifier.py:494: Adding track segment (B.Cu): [(87612500, 117050000), (87612500, 119431250)]
INFO: board_modifier.py:494: Adding track segment (B.Cu): [(87612500, 119431250), (70943750, 136100000)]
DEBUG: board_modifier.py:591: Routing at B.Cu layer
DEBUG: board_modifier.py:608: Netclass: Default, track width: 200000
INFO: board_modifier.py:674: Routing pad 'D29:1' at (63800000, 59900000) with pad 'D40:1' at (73325000, 78950000) using coordinate system rotated by 0 degree(s)
DEBUG: board_modifier.py:591: Routing at B.Cu layer
DEBUG: board_modifier.py:608: Netclass: Default, track width: 200000
INFO: board_modifier.py:674: Routing pad 'D40:1' at (73325000, 78950000) with pad 'D53:1' at (78087500, 98000000) using coordinate system rotated by 0 degree(s)
DEBUG: board_modifier.py:591: Routing at B.Cu layer
DEBUG: board_modifier.py:608: Netclass: Default, track width: 200000
INFO: board_modifier.py:674: Routing pad 'D53:1' at (78087500, 98000000) with pad 'D67:1' at (87612500, 117050000) using coordinate system rotated by 0 degree(s)
INFO: key_placer.py:1035: Routing unconnected-(D14-K-Pad1) pads
INFO: key_placer.py:1035: Routing unconnected-(D13-K-Pad1) pads
INFO: key_placer.py:1035: Routing ROW3 pads
WARNING: board_modifier.py:584: Could not route pads, no common layers found. Pads: 'U1:5', 'SW47:1'
DEBUG: board_modifier.py:591: Routing at B.Cu layer
DEBUG: board_modifier.py:608: Netclass: Default, track width: 200000
INFO: board_modifier.py:674: Routing pad 'SW47:1' at (41433750, 92710000) with pad 'SW48:1' at (64077500, 92710000) using coordinate system rotated by 0 degree(s)
INFO: board_modifier.py:494: Adding track segment (B.Cu): [(41433750, 92710000), (64077500, 92710000)]
INFO: board_modifier.py:503: Could not add track segment due to detected collision
DEBUG: board_modifier.py:591: Routing at B.Cu layer
DEBUG: board_modifier.py:608: Netclass: Default, track width: 200000
INFO: board_modifier.py:674: Routing pad 'SW48:1' at (67627500, 92710000) with pad 'SW49:1' at (83127500, 92710000) using coordinate system rotated by 0 degree(s)
INFO: board_modifier.py:494: Adding track segment (B.Cu): [(67627500, 92710000), (83127500, 92710000)]
INFO: board_modifier.py:503: Could not add track segment due to detected collision
DEBUG: board_modifier.py:591: Routing at B.Cu layer
DEBUG: board_modifier.py:608: Netclass: Default, track width: 200000
INFO: board_modifier.py:674: Routing pad 'SW49:1' at (86677500, 92710000) with pad 'SW50:1' at (102177500, 92710000) using coordinate system rotated by 0 degree(s)
INFO: board_modifier.py:494: Adding track segment (B.Cu): [(86677500, 92710000), (102177500, 92710000)]
INFO: board_modifier.py:503: Could not add track segment due to detected collision
DEBUG: board_modifier.py:591: Routing at B.Cu layer
DEBUG: board_modifier.py:608: Netclass: Default, track width: 200000
INFO: board_modifier.py:674: Routing pad 'SW50:1' at (105727500, 92710000) with pad 'SW51:1' at (121227500, 92710000) using coordinate system rotated by 0 degree(s)
INFO: board_modifier.py:494: Adding track segment (B.Cu): [(105727500, 92710000), (121227500, 92710000)]
INFO: board_modifier.py:503: Could not add track segment due to detected collision
DEBUG: board_modifier.py:591: Routing at B.Cu layer
DEBUG: board_modifier.py:608: Netclass: Default, track width: 200000
INFO: board_modifier.py:674: Routing pad 'SW51:1' at (124777500, 92710000) with pad 'SW52:1' at (140277500, 92710000) using coordinate system rotated by 0 degree(s)
INFO: board_modifier.py:494: Adding track segment (B.Cu): [(124777500, 92710000), (140277500, 92710000)]
INFO: board_modifier.py:503: Could not add track segment due to detected collision
DEBUG: board_modifier.py:591: Routing at B.Cu layer
DEBUG: board_modifier.py:608: Netclass: Default, track width: 200000
INFO: board_modifier.py:674: Routing pad 'SW52:1' at (143827500, 92710000) with pad 'SW53:1' at (159327500, 92710000) using coordinate system rotated by 0 degree(s)
INFO: board_modifier.py:494: Adding track segment (B.Cu): [(143827500, 92710000), (159327500, 92710000)]
INFO: board_modifier.py:503: Could not add track segment due to detected collision
DEBUG: board_modifier.py:591: Routing at B.Cu layer
DEBUG: board_modifier.py:608: Netclass: Default, track width: 200000
INFO: board_modifier.py:674: Routing pad 'SW53:1' at (162877500, 92710000) with pad 'SW54:1' at (178377500, 92710000) using coordinate system rotated by 0 degree(s)
INFO: board_modifier.py:494: Adding track segment (B.Cu): [(162877500, 92710000), (178377500, 92710000)]
INFO: board_modifier.py:503: Could not add track segment due to detected collision
DEBUG: board_modifier.py:591: Routing at B.Cu layer
DEBUG: board_modifier.py:608: Netclass: Default, track width: 200000
INFO: board_modifier.py:674: Routing pad 'SW54:1' at (181927500, 92710000) with pad 'SW55:1' at (197427500, 92710000) using coordinate system rotated by 0 degree(s)
INFO: board_modifier.py:494: Adding track segment (B.Cu): [(181927500, 92710000), (197427500, 92710000)]
INFO: board_modifier.py:503: Could not add track segment due to detected collision
DEBUG: board_modifier.py:591: Routing at B.Cu layer
DEBUG: board_modifier.py:608: Netclass: Default, track width: 200000
INFO: board_modifier.py:674: Routing pad 'SW55:1' at (200977500, 92710000) with pad 'SW56:1' at (216477500, 92710000) using coordinate system rotated by 0 degree(s)
INFO: board_modifier.py:494: Adding track segment (B.Cu): [(200977500, 92710000), (216477500, 92710000)]
INFO: board_modifier.py:503: Could not add track segment due to detected collision
DEBUG: board_modifier.py:591: Routing at B.Cu layer
DEBUG: board_modifier.py:608: Netclass: Default, track width: 200000
INFO: board_modifier.py:674: Routing pad 'SW56:1' at (220027500, 92710000) with pad 'SW57:1' at (235527500, 92710000) using coordinate system rotated by 0 degree(s)
INFO: board_modifier.py:494: Adding track segment (B.Cu): [(220027500, 92710000), (235527500, 92710000)]
INFO: board_modifier.py:503: Could not add track segment due to detected collision
DEBUG: board_modifier.py:591: Routing at B.Cu layer
DEBUG: board_modifier.py:608: Netclass: Default, track width: 200000
INFO: board_modifier.py:674: Routing pad 'SW57:1' at (239077500, 92710000) with pad 'SW58:1' at (254577500, 92710000) using coordinate system rotated by 0 degree(s)
INFO: board_modifier.py:494: Adding track segment (B.Cu): [(239077500, 92710000), (254577500, 92710000)]
INFO: board_modifier.py:503: Could not add track segment due to detected collision
DEBUG: board_modifier.py:591: Routing at B.Cu layer
DEBUG: board_modifier.py:608: Netclass: Default, track width: 200000
INFO: board_modifier.py:674: Routing pad 'SW58:1' at (258127500, 92710000) with pad 'SW59:1' at (285533750, 92710000) using coordinate system rotated by 0 degree(s)
INFO: board_modifier.py:494: Adding track segment (B.Cu): [(258127500, 92710000), (285533750, 92710000)]
INFO: board_modifier.py:503: Could not add track segment due to detected collision
DEBUG: board_modifier.py:591: Routing at B.Cu layer
DEBUG: board_modifier.py:608: Netclass: Default, track width: 200000
INFO: board_modifier.py:674: Routing pad 'SW59:1' at (289083750, 92710000) with pad 'SW60:1' at (316490000, 92710000) using coordinate system rotated by 0 degree(s)
INFO: board_modifier.py:494: Adding track segment (B.Cu): [(289083750, 92710000), (316490000, 92710000)]
INFO: board_modifier.py:503: Could not add track segment due to detected collision
INFO: key_placer.py:1035: Routing ROW2 pads
WARNING: board_modifier.py:584: Could not route pads, no common layers found. Pads: 'U1:4', 'SW32:1'
DEBUG: board_modifier.py:591: Routing at B.Cu layer
DEBUG: board_modifier.py:608: Netclass: Default, track width: 200000
INFO: board_modifier.py:674: Routing pad 'SW32:1' at (39052500, 73660000) with pad 'SW33:1' at (59315000, 73660000) using coordinate system rotated by 0 degree(s)
INFO: board_modifier.py:494: Adding track segment (B.Cu): [(39052500, 73660000), (59315000, 73660000)]
INFO: board_modifier.py:503: Could not add track segment due to detected collision
DEBUG: board_modifier.py:591: Routing at B.Cu layer
DEBUG: board_modifier.py:608: Netclass: Default, track width: 200000
INFO: board_modifier.py:674: Routing pad 'SW33:1' at (62865000, 73660000) with pad 'SW34:1' at (78365000, 73660000) using coordinate system rotated by 0 degree(s)
INFO: board_modifier.py:494: Adding track segment (B.Cu): [(62865000, 73660000), (78365000, 73660000)]
INFO: board_modifier.py:503: Could not add track segment due to detected collision
DEBUG: board_modifier.py:591: Routing at B.Cu layer
DEBUG: board_modifier.py:608: Netclass: Default, track width: 200000
INFO: board_modifier.py:674: Routing pad 'SW34:1' at (81915000, 73660000) with pad 'SW35:1' at (97415000, 73660000) using coordinate system rotated by 0 degree(s)
INFO: board_modifier.py:494: Adding track segment (B.Cu): [(81915000, 73660000), (97415000, 73660000)]
INFO: board_modifier.py:503: Could not add track segment due to detected collision
DEBUG: board_modifier.py:591: Routing at B.Cu layer
DEBUG: board_modifier.py:608: Netclass: Default, track width: 200000
INFO: board_modifier.py:674: Routing pad 'SW35:1' at (100965000, 73660000) with pad 'SW36:1' at (116465000, 73660000) using coordinate system rotated by 0 degree(s)
INFO: board_modifier.py:494: Adding track segment (B.Cu): [(100965000, 73660000), (116465000, 73660000)]
INFO: board_modifier.py:503: Could not add track segment due to detected collision
DEBUG: board_modifier.py:591: Routing at B.Cu layer
DEBUG: board_modifier.py:608: Netclass: Default, track width: 200000
INFO: board_modifier.py:674: Routing pad 'SW36:1' at (120015000, 73660000) with pad 'SW37:1' at (135515000, 73660000) using coordinate system rotated by 0 degree(s)
INFO: board_modifier.py:494: Adding track segment (B.Cu): [(120015000, 73660000), (135515000, 73660000)]
INFO: board_modifier.py:503: Could not add track segment due to detected collision
DEBUG: board_modifier.py:591: Routing at B.Cu layer
DEBUG: board_modifier.py:608: Netclass: Default, track width: 200000
INFO: board_modifier.py:674: Routing pad 'SW37:1' at (139065000, 73660000) with pad 'SW38:1' at (154565000, 73660000) using coordinate system rotated by 0 degree(s)
INFO: board_modifier.py:494: Adding track segment (B.Cu): [(139065000, 73660000), (154565000, 73660000)]
INFO: board_modifier.py:503: Could not add track segment due to detected collision
DEBUG: board_modifier.py:591: Routing at B.Cu layer
DEBUG: board_modifier.py:608: Netclass: Default, track width: 200000
INFO: board_modifier.py:674: Routing pad 'SW38:1' at (158115000, 73660000) with pad 'SW39:1' at (173615000, 73660000) using coordinate system rotated by 0 degree(s)
INFO: board_modifier.py:494: Adding track segment (B.Cu): [(158115000, 73660000), (173615000, 73660000)]
INFO: board_modifier.py:503: Could not add track segment due to detected collision
DEBUG: board_modifier.py:591: Routing at B.Cu layer
DEBUG: board_modifier.py:608: Netclass: Default, track width: 200000
INFO: board_modifier.py:674: Routing pad 'SW39:1' at (177165000, 73660000) with pad 'SW40:1' at (192665000, 73660000) using coordinate system rotated by 0 degree(s)
INFO: board_modifier.py:494: Adding track segment (B.Cu): [(177165000, 73660000), (192665000, 73660000)]
INFO: board_modifier.py:503: Could not add track segment due to detected collision
DEBUG: board_modifier.py:591: Routing at B.Cu layer
DEBUG: board_modifier.py:608: Netclass: Default, track width: 200000
INFO: board_modifier.py:674: Routing pad 'SW40:1' at (196215000, 73660000) with pad 'SW41:1' at (211715000, 73660000) using coordinate system rotated by 0 degree(s)
INFO: board_modifier.py:494: Adding track segment (B.Cu): [(196215000, 73660000), (211715000, 73660000)]
INFO: board_modifier.py:503: Could not add track segment due to detected collision
DEBUG: board_modifier.py:591: Routing at B.Cu layer
DEBUG: board_modifier.py:608: Netclass: Default, track width: 200000
INFO: board_modifier.py:674: Routing pad 'SW41:1' at (215265000, 73660000) with pad 'SW42:1' at (230765000, 73660000) using coordinate system rotated by 0 degree(s)
INFO: board_modifier.py:494: Adding track segment (B.Cu): [(215265000, 73660000), (230765000, 73660000)]
INFO: board_modifier.py:503: Could not add track segment due to detected collision
DEBUG: board_modifier.py:591: Routing at B.Cu layer
DEBUG: board_modifier.py:608: Netclass: Default, track width: 200000
INFO: board_modifier.py:674: Routing pad 'SW42:1' at (234315000, 73660000) with pad 'SW43:1' at (249815000, 73660000) using coordinate system rotated by 0 degree(s)
INFO: board_modifier.py:494: Adding track segment (B.Cu): [(234315000, 73660000), (249815000, 73660000)]
INFO: board_modifier.py:503: Could not add track segment due to detected collision
DEBUG: board_modifier.py:591: Routing at B.Cu layer
DEBUG: board_modifier.py:608: Netclass: Default, track width: 200000
INFO: board_modifier.py:674: Routing pad 'SW43:1' at (253365000, 73660000) with pad 'SW44:1' at (268865000, 73660000) using coordinate system rotated by 0 degree(s)
INFO: board_modifier.py:494: Adding track segment (B.Cu): [(253365000, 73660000), (268865000, 73660000)]
INFO: board_modifier.py:503: Could not add track segment due to detected collision
DEBUG: board_modifier.py:591: Routing at B.Cu layer
DEBUG: board_modifier.py:608: Netclass: Default, track width: 200000
INFO: board_modifier.py:674: Routing pad 'SW44:1' at (272415000, 73660000) with pad 'SW45:1' at (292677500, 73660000) using coordinate system rotated by 0 degree(s)
INFO: board_modifier.py:494: Adding track segment (B.Cu): [(272415000, 73660000), (292677500, 73660000)]
INFO: board_modifier.py:503: Could not add track segment due to detected collision
DEBUG: board_modifier.py:591: Routing at B.Cu layer
DEBUG: board_modifier.py:608: Netclass: Default, track width: 200000
INFO: board_modifier.py:674: Routing pad 'SW45:1' at (296227500, 73660000) with pad 'SW46:1' at (316490000, 73660000) using coordinate system rotated by 0 degree(s)
INFO: board_modifier.py:494: Adding track segment (B.Cu): [(296227500, 73660000), (316490000, 73660000)]
INFO: board_modifier.py:503: Could not add track segment due to detected collision
INFO: key_placer.py:1035: Routing ROW5 pads
WARNING: board_modifier.py:584: Could not route pads, no common layers found. Pads: 'U1:7', 'SW75:1'
DEBUG: board_modifier.py:591: Routing at B.Cu layer
DEBUG: board_modifier.py:608: Netclass: Default, track width: 200000
INFO: board_modifier.py:674: Routing pad 'SW75:1' at (36671250, 130810000) with pad 'SW76:1' at (56933750, 130810000) using coordinate system rotated by 0 degree(s)
INFO: board_modifier.py:494: Adding track segment (B.Cu): [(36671250, 130810000), (56933750, 130810000)]
INFO: board_modifier.py:503: Could not add track segment due to detected collision
DEBUG: board_modifier.py:591: Routing at B.Cu layer
DEBUG: board_modifier.py:608: Netclass: Default, track width: 200000
INFO: board_modifier.py:674: Routing pad 'SW76:1' at (60483750, 130810000) with pad 'SW77:1' at (80746250, 130810000) using coordinate system rotated by 0 degree(s)
INFO: board_modifier.py:494: Adding track segment (B.Cu): [(60483750, 130810000), (80746250, 130810000)]
INFO: board_modifier.py:503: Could not add track segment due to detected collision
DEBUG: board_modifier.py:591: Routing at B.Cu layer
DEBUG: board_modifier.py:608: Netclass: Default, track width: 200000
INFO: board_modifier.py:674: Routing pad 'SW77:1' at (84296250, 130810000) with pad 'SW78:1' at (152183750, 130810000) using coordinate system rotated by 0 degree(s)
INFO: board_modifier.py:494: Adding track segment (B.Cu): [(84296250, 130810000), (152183750, 130810000)]
INFO: board_modifier.py:503: Could not add track segment due to detected collision
DEBUG: board_modifier.py:591: Routing at B.Cu layer
DEBUG: board_modifier.py:608: Netclass: Default, track width: 200000
INFO: board_modifier.py:674: Routing pad 'SW78:1' at (155733750, 130810000) with pad 'SW79:1' at (221240000, 130810000) using coordinate system rotated by 0 degree(s)
INFO: board_modifier.py:494: Adding track segment (B.Cu): [(155733750, 130810000), (221240000, 130810000)]
INFO: board_modifier.py:503: Could not add track segment due to detected collision
DEBUG: board_modifier.py:591: Routing at B.Cu layer
DEBUG: board_modifier.py:608: Netclass: Default, track width: 200000
INFO: board_modifier.py:674: Routing pad 'SW79:1' at (224790000, 130810000) with pad 'SW80:1' at (240290000, 130810000) using coordinate system rotated by 0 degree(s)
INFO: board_modifier.py:494: Adding track segment (B.Cu): [(224790000, 130810000), (240290000, 130810000)]
INFO: board_modifier.py:503: Could not add track segment due to detected collision
DEBUG: board_modifier.py:591: Routing at B.Cu layer
DEBUG: board_modifier.py:608: Netclass: Default, track width: 200000
INFO: board_modifier.py:674: Routing pad 'SW80:1' at (243840000, 130810000) with pad 'SW81:1' at (259340000, 130810000) using coordinate system rotated by 0 degree(s)
INFO: board_modifier.py:494: Adding track segment (B.Cu): [(243840000, 130810000), (259340000, 130810000)]
INFO: board_modifier.py:503: Could not add track segment due to detected collision
DEBUG: board_modifier.py:591: Routing at B.Cu layer
DEBUG: board_modifier.py:608: Netclass: Default, track width: 200000
INFO: board_modifier.py:674: Routing pad 'SW81:1' at (262890000, 130810000) with pad 'SW82:1' at (278390000, 130810000) using coordinate system rotated by 0 degree(s)
INFO: board_modifier.py:494: Adding track segment (B.Cu): [(262890000, 130810000), (278390000, 130810000)]
INFO: board_modifier.py:503: Could not add track segment due to detected collision
DEBUG: board_modifier.py:591: Routing at B.Cu layer
DEBUG: board_modifier.py:608: Netclass: Default, track width: 200000
INFO: board_modifier.py:674: Routing pad 'SW82:1' at (281940000, 130810000) with pad 'SW83:1' at (297440000, 130810000) using coordinate system rotated by 0 degree(s)
INFO: board_modifier.py:494: Adding track segment (B.Cu): [(281940000, 130810000), (297440000, 130810000)]
INFO: board_modifier.py:503: Could not add track segment due to detected collision
DEBUG: board_modifier.py:591: Routing at B.Cu layer
DEBUG: board_modifier.py:608: Netclass: Default, track width: 200000
INFO: board_modifier.py:674: Routing pad 'SW83:1' at (300990000, 130810000) with pad 'SW84:1' at (316490000, 130810000) using coordinate system rotated by 0 degree(s)
INFO: board_modifier.py:494: Adding track segment (B.Cu): [(300990000, 130810000), (316490000, 130810000)]
INFO: board_modifier.py:503: Could not add track segment due to detected collision
INFO: key_placer.py:1035: Routing COL0 pads
WARNING: board_modifier.py:584: Could not route pads, no common layers found. Pads: 'U1:8', 'D8:1'
DEBUG: board_modifier.py:591: Routing at B.Cu layer
DEBUG: board_modifier.py:608: Netclass: Default, track width: 200000
INFO: board_modifier.py:674: Routing pad 'D8:1' at (44750000, 40850000) with pad 'D30:1' at (44750000, 59900000) using coordinate system rotated by 0 degree(s)
INFO: board_modifier.py:494: Adding track segment (B.Cu): [(44750000, 40850000), (44750000, 59900000)]
INFO: board_modifier.py:503: Could not add track segment due to detected collision
DEBUG: board_modifier.py:591: Routing at B.Cu layer
DEBUG: board_modifier.py:608: Netclass: Default, track width: 200000
INFO: board_modifier.py:674: Routing pad 'D68:1' at (56656250, 117050000) with pad 'D75:1' at (47131250, 136100000) using coordinate system rotated by 0 degree(s)
INFO: board_modifier.py:494: Adding track segment (B.Cu): [(56656250, 117050000), (56656250, 126575000)]
INFO: board_modifier.py:494: Adding track segment (B.Cu): [(56656250, 126575000), (47131250, 136100000)]
DEBUG: board_modifier.py:591: Routing at B.Cu layer
DEBUG: board_modifier.py:608: Netclass: Default, track width: 200000
INFO: board_modifier.py:674: Routing pad 'D30:1' at (44750000, 59900000) with pad 'D41:1' at (49512500, 78950000) using coordinate system rotated by 0 degree(s)
DEBUG: board_modifier.py:591: Routing at B.Cu layer
DEBUG: board_modifier.py:608: Netclass: Default, track width: 200000
INFO: board_modifier.py:674: Routing pad 'D41:1' at (49512500, 78950000) with pad 'D54:1' at (51893750, 98000000) using coordinate system rotated by 0 degree(s)
DEBUG: board_modifier.py:591: Routing at B.Cu layer
DEBUG: board_modifier.py:608: Netclass: Default, track width: 200000
INFO: board_modifier.py:674: Routing pad 'D54:1' at (51893750, 98000000) with pad 'D68:1' at (56656250, 117050000) using coordinate system rotated by 0 degree(s)
INFO: key_placer.py:1035: Routing COL12 pads
WARNING: board_modifier.py:584: Could not route pads, no common layers found. Pads: 'U1:32', 'D18:1'
DEBUG: board_modifier.py:591: Routing at B.Cu layer
DEBUG: board_modifier.py:608: Netclass: Default, track width: 200000
INFO: board_modifier.py:674: Routing pad 'D45:1' at (282875000, 78950000) with pad 'D84:1' at (273350000, 136100000) using coordinate system rotated by 0 degree(s)
DEBUG: board_modifier.py:591: Routing at B.Cu layer
DEBUG: board_modifier.py:608: Netclass: Default, track width: 200000
INFO: board_modifier.py:674: Routing pad 'D18:1' at (273350000, 59900000) with pad 'D45:1' at (282875000, 78950000) using coordinate system rotated by 0 degree(s)
INFO: key_placer.py:1035: Routing Net-(R2-Pad1) pads
DEBUG: board_modifier.py:591: Routing at F.Cu layer
DEBUG: board_modifier.py:608: Netclass: Default, track width: 200000
INFO: board_modifier.py:674: Routing pad 'R2:1' at (-66624824, 30210000) with pad 'SW85:1' at (-44614824, 19980000) using coordinate system rotated by 0 degree(s)
INFO: key_placer.py:1035: Routing COL3 pads
WARNING: board_modifier.py:584: Could not route pads, no common layers found. Pads: 'U1:12', 'D5:1'
DEBUG: board_modifier.py:591: Routing at B.Cu layer
DEBUG: board_modifier.py:608: Netclass: Default, track width: 200000
INFO: board_modifier.py:674: Routing pad 'D5:1' at (101900000, 40850000) with pad 'D27:1' at (101900000, 59900000) using coordinate system rotated by 0 degree(s)
INFO: board_modifier.py:494: Adding track segment (B.Cu): [(101900000, 40850000), (101900000, 59900000)]
INFO: board_modifier.py:503: Could not add track segment due to detected collision
DEBUG: board_modifier.py:591: Routing at B.Cu layer
DEBUG: board_modifier.py:608: Netclass: Default, track width: 200000
INFO: board_modifier.py:674: Routing pad 'D27:1' at (101900000, 59900000) with pad 'D38:1' at (111425000, 78950000) using coordinate system rotated by 0 degree(s)
DEBUG: board_modifier.py:591: Routing at B.Cu layer
DEBUG: board_modifier.py:608: Netclass: Default, track width: 200000
INFO: board_modifier.py:674: Routing pad 'D38:1' at (111425000, 78950000) with pad 'D51:1' at (116187500, 98000000) using coordinate system rotated by 0 degree(s)
DEBUG: board_modifier.py:591: Routing at B.Cu layer
DEBUG: board_modifier.py:608: Netclass: Default, track width: 200000
INFO: board_modifier.py:674: Routing pad 'D51:1' at (116187500, 98000000) with pad 'D65:1' at (125712500, 117050000) using coordinate system rotated by 0 degree(s)
INFO: key_placer.py:1035: Routing COL14 pads
WARNING: board_modifier.py:584: Could not route pads, no common layers found. Pads: 'U1:30', 'D10:1'
DEBUG: board_modifier.py:591: Routing at B.Cu layer
DEBUG: board_modifier.py:608: Netclass: Default, track width: 200000
INFO: board_modifier.py:674: Routing pad 'D10:1' at (311450000, 40850000) with pad 'D82:1' at (311450000, 136100000) using coordinate system rotated by 0 degree(s)
INFO: board_modifier.py:494: Adding track segment (B.Cu): [(311450000, 40850000), (311450000, 136100000)]
INFO: board_modifier.py:503: Could not add track segment due to detected collision
INFO: key_placer.py:1035: Routing COL13 pads
DEBUG: board_modifier.py:591: Routing at B.Cu layer
DEBUG: board_modifier.py:608: Netclass: Default, track width: 200000
INFO: board_modifier.py:674: Routing pad 'D73:1' at (311450000, 117050000) with pad 'D83:1' at (292400000, 136100000) using coordinate system rotated by 0 degree(s)
DEBUG: board_modifier.py:591: Routing at B.Cu layer
DEBUG: board_modifier.py:608: Netclass: Default, track width: 200000
INFO: board_modifier.py:674: Routing pad 'D44:1' at (306687500, 78950000) with pad 'D59:1' at (299543750, 98000000) using coordinate system rotated by 0 degree(s)
INFO: board_modifier.py:494: Adding track segment (B.Cu): [(306687500, 78950000), (306687500, 90856250)]
INFO: board_modifier.py:494: Adding track segment (B.Cu): [(306687500, 90856250), (299543750, 98000000)]
WARNING: board_modifier.py:584: Could not route pads, no common layers found. Pads: 'U1:31', 'D17:1'
DEBUG: board_modifier.py:591: Routing at B.Cu layer
DEBUG: board_modifier.py:608: Netclass: Default, track width: 200000
INFO: board_modifier.py:674: Routing pad 'D17:1' at (301925000, 59900000) with pad 'D44:1' at (306687500, 78950000) using coordinate system rotated by 0 degree(s)
DEBUG: board_modifier.py:591: Routing at B.Cu layer
DEBUG: board_modifier.py:608: Netclass: Default, track width: 200000
INFO: board_modifier.py:674: Routing pad 'D59:1' at (299543750, 98000000) with pad 'D73:1' at (311450000, 117050000) using coordinate system rotated by 0 degree(s)
INFO: key_placer.py:1035: Routing ROW4 pads
WARNING: board_modifier.py:584: Could not route pads, no common layers found. Pads: 'U1:6', 'SW61:1'
DEBUG: board_modifier.py:591: Routing at B.Cu layer
DEBUG: board_modifier.py:608: Netclass: Default, track width: 200000
INFO: board_modifier.py:674: Routing pad 'SW61:1' at (46196250, 111760000) with pad 'SW62:1' at (73602500, 111760000) using coordinate system rotated by 0 degree(s)
INFO: board_modifier.py:494: Adding track segment (B.Cu): [(46196250, 111760000), (73602500, 111760000)]
INFO: board_modifier.py:503: Could not add track segment due to detected collision
DEBUG: board_modifier.py:591: Routing at B.Cu layer
DEBUG: board_modifier.py:608: Netclass: Default, track width: 200000
INFO: board_modifier.py:674: Routing pad 'SW62:1' at (77152500, 111760000) with pad 'SW63:1' at (92652500, 111760000) using coordinate system rotated by 0 degree(s)
INFO: board_modifier.py:494: Adding track segment (B.Cu): [(77152500, 111760000), (92652500, 111760000)]
INFO: board_modifier.py:503: Could not add track segment due to detected collision
DEBUG: board_modifier.py:591: Routing at B.Cu layer
DEBUG: board_modifier.py:608: Netclass: Default, track width: 200000
INFO: board_modifier.py:674: Routing pad 'SW63:1' at (96202500, 111760000) with pad 'SW64:1' at (111702500, 111760000) using coordinate system rotated by 0 degree(s)
INFO: board_modifier.py:494: Adding track segment (B.Cu): [(96202500, 111760000), (111702500, 111760000)]
INFO: board_modifier.py:503: Could not add track segment due to detected collision
DEBUG: board_modifier.py:591: Routing at B.Cu layer
DEBUG: board_modifier.py:608: Netclass: Default, track width: 200000
INFO: board_modifier.py:674: Routing pad 'SW64:1' at (115252500, 111760000) with pad 'SW65:1' at (130752500, 111760000) using coordinate system rotated by 0 degree(s)
INFO: board_modifier.py:494: Adding track segment (B.Cu): [(115252500, 111760000), (130752500, 111760000)]
INFO: board_modifier.py:503: Could not add track segment due to detected collision
DEBUG: board_modifier.py:591: Routing at B.Cu layer
DEBUG: board_modifier.py:608: Netclass: Default, track width: 200000
INFO: board_modifier.py:674: Routing pad 'SW65:1' at (134302500, 111760000) with pad 'SW66:1' at (149802500, 111760000) using coordinate system rotated by 0 degree(s)
INFO: board_modifier.py:494: Adding track segment (B.Cu): [(134302500, 111760000), (149802500, 111760000)]
INFO: board_modifier.py:503: Could not add track segment due to detected collision
DEBUG: board_modifier.py:591: Routing at B.Cu layer
DEBUG: board_modifier.py:608: Netclass: Default, track width: 200000
INFO: board_modifier.py:674: Routing pad 'SW66:1' at (153352500, 111760000) with pad 'SW67:1' at (168852500, 111760000) using coordinate system rotated by 0 degree(s)
INFO: board_modifier.py:494: Adding track segment (B.Cu): [(153352500, 111760000), (168852500, 111760000)]
INFO: board_modifier.py:503: Could not add track segment due to detected collision
DEBUG: board_modifier.py:591: Routing at B.Cu layer
DEBUG: board_modifier.py:608: Netclass: Default, track width: 200000
INFO: board_modifier.py:674: Routing pad 'SW67:1' at (172402500, 111760000) with pad 'SW68:1' at (187902500, 111760000) using coordinate system rotated by 0 degree(s)
INFO: board_modifier.py:494: Adding track segment (B.Cu): [(172402500, 111760000), (187902500, 111760000)]
INFO: board_modifier.py:503: Could not add track segment due to detected collision
DEBUG: board_modifier.py:591: Routing at B.Cu layer
DEBUG: board_modifier.py:608: Netclass: Default, track width: 200000
INFO: board_modifier.py:674: Routing pad 'SW68:1' at (191452500, 111760000) with pad 'SW69:1' at (206952500, 111760000) using coordinate system rotated by 0 degree(s)
INFO: board_modifier.py:494: Adding track segment (B.Cu): [(191452500, 111760000), (206952500, 111760000)]
INFO: board_modifier.py:503: Could not add track segment due to detected collision
DEBUG: board_modifier.py:591: Routing at B.Cu layer
DEBUG: board_modifier.py:608: Netclass: Default, track width: 200000
INFO: board_modifier.py:674: Routing pad 'SW69:1' at (210502500, 111760000) with pad 'SW70:1' at (226002500, 111760000) using coordinate system rotated by 0 degree(s)
INFO: board_modifier.py:494: Adding track segment (B.Cu): [(210502500, 111760000), (226002500, 111760000)]
INFO: board_modifier.py:503: Could not add track segment due to detected collision
DEBUG: board_modifier.py:591: Routing at B.Cu layer
DEBUG: board_modifier.py:608: Netclass: Default, track width: 200000
INFO: board_modifier.py:674: Routing pad 'SW70:1' at (229552500, 111760000) with pad 'SW71:1' at (245052500, 111760000) using coordinate system rotated by 0 degree(s)
INFO: board_modifier.py:494: Adding track segment (B.Cu): [(229552500, 111760000), (245052500, 111760000)]
INFO: board_modifier.py:503: Could not add track segment due to detected collision
DEBUG: board_modifier.py:591: Routing at B.Cu layer
DEBUG: board_modifier.py:608: Netclass: Default, track width: 200000
INFO: board_modifier.py:674: Routing pad 'SW71:1' at (248602500, 111760000) with pad 'SW72:1' at (271246250, 111760000) using coordinate system rotated by 0 degree(s)
INFO: board_modifier.py:494: Adding track segment (B.Cu): [(248602500, 111760000), (271246250, 111760000)]
INFO: board_modifier.py:503: Could not add track segment due to detected collision
DEBUG: board_modifier.py:591: Routing at B.Cu layer
DEBUG: board_modifier.py:608: Netclass: Default, track width: 200000
INFO: board_modifier.py:674: Routing pad 'SW72:1' at (274796250, 111760000) with pad 'SW73:1' at (297440000, 111760000) using coordinate system rotated by 0 degree(s)
INFO: board_modifier.py:494: Adding track segment (B.Cu): [(274796250, 111760000), (297440000, 111760000)]
INFO: board_modifier.py:503: Could not add track segment due to detected collision
DEBUG: board_modifier.py:591: Routing at B.Cu layer
DEBUG: board_modifier.py:608: Netclass: Default, track width: 200000
INFO: board_modifier.py:674: Routing pad 'SW73:1' at (300990000, 111760000) with pad 'SW74:1' at (316490000, 111760000) using coordinate system rotated by 0 degree(s)
INFO: board_modifier.py:494: Adding track segment (B.Cu): [(300990000, 111760000), (316490000, 111760000)]
INFO: board_modifier.py:503: Could not add track segment due to detected collision
INFO: key_placer.py:1035: Routing COL15 pads
WARNING: board_modifier.py:584: Could not route pads, no common layers found. Pads: 'U1:29', 'D9:1'
DEBUG: board_modifier.py:591: Routing at B.Cu layer
DEBUG: board_modifier.py:608: Netclass: Default, track width: 200000
INFO: board_modifier.py:674: Routing pad 'D9:1' at (330500000, 40850000) with pad 'D31:1' at (330500000, 59900000) using coordinate system rotated by 0 degree(s)
INFO: board_modifier.py:494: Adding track segment (B.Cu): [(330500000, 40850000), (330500000, 59900000)]
INFO: board_modifier.py:503: Could not add track segment due to detected collision
DEBUG: board_modifier.py:591: Routing at B.Cu layer
DEBUG: board_modifier.py:608: Netclass: Default, track width: 200000
INFO: board_modifier.py:674: Routing pad 'D31:1' at (330500000, 59900000) with pad 'D46:1' at (330500000, 78950000) using coordinate system rotated by 0 degree(s)
INFO: board_modifier.py:494: Adding track segment (B.Cu): [(330500000, 59900000), (330500000, 78950000)]
INFO: board_modifier.py:503: Could not add track segment due to detected collision
DEBUG: board_modifier.py:591: Routing at B.Cu layer
DEBUG: board_modifier.py:608: Netclass: Default, track width: 200000
INFO: board_modifier.py:674: Routing pad 'D46:1' at (330500000, 78950000) with pad 'D60:1' at (330500000, 98000000) using coordinate system rotated by 0 degree(s)
INFO: board_modifier.py:494: Adding track segment (B.Cu): [(330500000, 78950000), (330500000, 98000000)]
INFO: board_modifier.py:503: Could not add track segment due to detected collision
DEBUG: board_modifier.py:591: Routing at B.Cu layer
DEBUG: board_modifier.py:608: Netclass: Default, track width: 200000
INFO: board_modifier.py:674: Routing pad 'D60:1' at (330500000, 98000000) with pad 'D74:1' at (330500000, 117050000) using coordinate system rotated by 0 degree(s)
INFO: board_modifier.py:494: Adding track segment (B.Cu): [(330500000, 98000000), (330500000, 117050000)]
INFO: board_modifier.py:503: Could not add track segment due to detected collision
DEBUG: board_modifier.py:591: Routing at B.Cu layer
DEBUG: board_modifier.py:608: Netclass: Default, track width: 200000
INFO: board_modifier.py:674: Routing pad 'D74:1' at (330500000, 117050000) with pad 'D81:1' at (330500000, 136100000) using coordinate system rotated by 0 degree(s)
INFO: board_modifier.py:494: Adding track segment (B.Cu): [(330500000, 117050000), (330500000, 136100000)]
INFO: board_modifier.py:503: Could not add track segment due to detected collision
INFO: key_placer.py:1035: Routing COL5 pads
WARNING: board_modifier.py:584: Could not route pads, no common layers found. Pads: 'U1:14', 'D3:1'
DEBUG: board_modifier.py:591: Routing at B.Cu layer
DEBUG: board_modifier.py:608: Netclass: Default, track width: 200000
INFO: board_modifier.py:674: Routing pad 'D3:1' at (140000000, 40850000) with pad 'D25:1' at (140000000, 59900000) using coordinate system rotated by 0 degree(s)
INFO: board_modifier.py:494: Adding track segment (B.Cu): [(140000000, 40850000), (140000000, 59900000)]
INFO: board_modifier.py:503: Could not add track segment due to detected collision
DEBUG: board_modifier.py:591: Routing at B.Cu layer
DEBUG: board_modifier.py:608: Netclass: Default, track width: 200000
INFO: board_modifier.py:674: Routing pad 'D25:1' at (140000000, 59900000) with pad 'D36:1' at (149525000, 78950000) using coordinate system rotated by 0 degree(s)
DEBUG: board_modifier.py:591: Routing at B.Cu layer
DEBUG: board_modifier.py:608: Netclass: Default, track width: 200000
INFO: board_modifier.py:674: Routing pad 'D36:1' at (149525000, 78950000) with pad 'D49:1' at (154287500, 98000000) using coordinate system rotated by 0 degree(s)
DEBUG: board_modifier.py:591: Routing at B.Cu layer
DEBUG: board_modifier.py:608: Netclass: Default, track width: 200000
INFO: board_modifier.py:674: Routing pad 'D49:1' at (154287500, 98000000) with pad 'D63:1' at (163812500, 117050000) using coordinate system rotated by 0 degree(s)
INFO: key_placer.py:1035: Routing GND pads
DEBUG: board_modifier.py:591: Routing at F.Cu layer
DEBUG: board_modifier.py:608: Netclass: Default, track width: 200000
INFO: board_modifier.py:674: Routing pad 'C1:1' at (-69494824, 18390000) with pad 'C2:2' at (-68534824, 20360000) using coordinate system rotated by 0 degree(s)
INFO: board_modifier.py:494: Adding track segment (F.Cu): [(-69494824, 18390000), (-69494824, 19400000)]
INFO: board_modifier.py:494: Adding track segment (F.Cu): [(-69494824, 19400000), (-68534824, 20360000)]
DEBUG: board_modifier.py:591: Routing at F.Cu layer
DEBUG: board_modifier.py:608: Netclass: Default, track width: 200000
INFO: board_modifier.py:674: Routing pad 'C2:2' at (-68534824, 20360000) with pad 'C3:2' at (-68534824, 22330000) using coordinate system rotated by 0 degree(s)
INFO: board_modifier.py:494: Adding track segment (F.Cu): [(-68534824, 20360000), (-68534824, 22330000)]
DEBUG: board_modifier.py:591: Routing at F.Cu layer
DEBUG: board_modifier.py:608: Netclass: Default, track width: 200000
INFO: board_modifier.py:674: Routing pad 'C3:2' at (-68534824, 22330000) with pad 'C4:2' at (-68534824, 24300000) using coordinate system rotated by 0 degree(s)
INFO: board_modifier.py:494: Adding track segment (F.Cu): [(-68534824, 22330000), (-68534824, 24300000)]
DEBUG: board_modifier.py:591: Routing at F.Cu layer
DEBUG: board_modifier.py:608: Netclass: Default, track width: 200000
INFO: board_modifier.py:674: Routing pad 'C4:2' at (-68534824, 24300000) with pad 'C5:2' at (-68534824, 26270000) using coordinate system rotated by 0 degree(s)
INFO: board_modifier.py:494: Adding track segment (F.Cu): [(-68534824, 24300000), (-68534824, 26270000)]
DEBUG: board_modifier.py:591: Routing at F.Cu layer
DEBUG: board_modifier.py:608: Netclass: Default, track width: 200000
INFO: board_modifier.py:674: Routing pad 'C5:2' at (-68534824, 26270000) with pad 'C9:2' at (-68534824, 28240000) using coordinate system rotated by 0 degree(s)
INFO: board_modifier.py:494: Adding track segment (F.Cu): [(-68534824, 26270000), (-68534824, 28240000)]
DEBUG: board_modifier.py:591: Routing at F.Cu layer
DEBUG: board_modifier.py:608: Netclass: Default, track width: 200000
INFO: board_modifier.py:674: Routing pad 'C9:2' at (-68534824, 28240000) with pad 'C10:2' at (-68534824, 30210000) using coordinate system rotated by 0 degree(s)
INFO: board_modifier.py:494: Adding track segment (F.Cu): [(-68534824, 28240000), (-68534824, 30210000)]
DEBUG: board_modifier.py:591: Routing at F.Cu layer
DEBUG: board_modifier.py:608: Netclass: Default, track width: 200000
INFO: board_modifier.py:674: Routing pad 'C12:2' at (-65664824, 20360000) with pad 'C11:2' at (-65664824, 18390000) using coordinate system rotated by 0 degree(s)
INFO: board_modifier.py:494: Adding track segment (F.Cu): [(-65664824, 20360000), (-65664824, 18390000)]
DEBUG: board_modifier.py:591: Routing at F.Cu layer
DEBUG: board_modifier.py:608: Netclass: Default, track width: 200000
INFO: board_modifier.py:674: Routing pad 'C2:2' at (-68534824, 20360000) with pad 'C12:2' at (-65664824, 20360000) using coordinate system rotated by 0 degree(s)
INFO: board_modifier.py:494: Adding track segment (F.Cu): [(-68534824, 20360000), (-65664824, 20360000)]
INFO: board_modifier.py:503: Could not add track segment due to detected collision
DEBUG: board_modifier.py:591: Routing at F.Cu layer
DEBUG: board_modifier.py:608: Netclass: Default, track width: 200000
INFO: board_modifier.py:674: Routing pad 'C12:2' at (-65664824, 20360000) with pad 'C13:2' at (-65664824, 22330000) using coordinate system rotated by 0 degree(s)
INFO: board_modifier.py:494: Adding track segment (F.Cu): [(-65664824, 20360000), (-65664824, 22330000)]
DEBUG: board_modifier.py:591: Routing at F.Cu layer
DEBUG: board_modifier.py:608: Netclass: Default, track width: 200000
INFO: board_modifier.py:674: Routing pad 'C13:2' at (-65664824, 22330000) with pad 'C14:2' at (-65664824, 24300000) using coordinate system rotated by 0 degree(s)
INFO: board_modifier.py:494: Adding track segment (F.Cu): [(-65664824, 22330000), (-65664824, 24300000)]
DEBUG: board_modifier.py:591: Routing at F.Cu layer
DEBUG: board_modifier.py:608: Netclass: Default, track width: 200000
INFO: board_modifier.py:674: Routing pad 'C14:2' at (-65664824, 24300000) with pad 'C15:2' at (-65664824, 26270000) using coordinate system rotated by 0 degree(s)
INFO: board_modifier.py:494: Adding track segment (F.Cu): [(-65664824, 24300000), (-65664824, 26270000)]
DEBUG: board_modifier.py:591: Routing at F.Cu layer
DEBUG: board_modifier.py:608: Netclass: Default, track width: 200000
INFO: board_modifier.py:674: Routing pad 'U3:1' at (-59332324, 37020000) with pad 'U1:57' at (-65419824, 35850000) using coordinate system rotated by 0 degree(s)
DEBUG: board_modifier.py:591: Routing at F.Cu layer
DEBUG: board_modifier.py:608: Netclass: Default, track width: 200000
INFO: board_modifier.py:674: Routing pad 'C13:2' at (-65664824, 22330000) with pad 'R5:2' at (-62794824, 22330000) using coordinate system rotated by 0 degree(s)
INFO: board_modifier.py:494: Adding track segment (F.Cu): [(-65664824, 22330000), (-62794824, 22330000)]
INFO: board_modifier.py:503: Could not add track segment due to detected collision
DEBUG: board_modifier.py:591: Routing at F.Cu layer
DEBUG: board_modifier.py:608: Netclass: Default, track width: 200000
INFO: board_modifier.py:674: Routing pad 'R5:2' at (-62794824, 22330000) with pad 'R6:2' at (-62794824, 24300000) using coordinate system rotated by 0 degree(s)
INFO: board_modifier.py:494: Adding track segment (F.Cu): [(-62794824, 22330000), (-62794824, 24300000)]
DEBUG: board_modifier.py:591: Routing at F.Cu layer
DEBUG: board_modifier.py:608: Netclass: Default, track width: 200000
INFO: board_modifier.py:674: Routing pad 'Y1:2' at (-57044824, 34320000) with pad 'U3:1' at (-59332324, 37020000) using coordinate system rotated by 0 degree(s)
INFO: board_modifier.py:494: Adding track segment (F.Cu): [(-57044824, 34320000), (-57044824, 34732500)]
INFO: board_modifier.py:494: Adding track segment (F.Cu): [(-57044824, 34732500), (-59332324, 37020000)]
DEBUG: board_modifier.py:591: Routing at F.Cu layer
DEBUG: board_modifier.py:608: Netclass: Default, track width: 200000
INFO: board_modifier.py:674: Routing pad 'C17:2' at (-59059824, 28700000) with pad 'Y1:4' at (-59244824, 32620000) using coordinate system rotated by 0 degree(s)
INFO: board_modifier.py:494: Adding track segment (F.Cu): [(-59059824, 28700000), (-59059824, 32435000)]
INFO: board_modifier.py:494: Adding track segment (F.Cu): [(-59059824, 32435000), (-59244824, 32620000)]
DEBUG: board_modifier.py:591: Routing at F.Cu layer
DEBUG: board_modifier.py:608: Netclass: Default, track width: 200000
INFO: board_modifier.py:674: Routing pad 'C7:2' at (-59059824, 21170000) with pad 'C6:2' at (-59059824, 18660000) using coordinate system rotated by 0 degree(s)
INFO: board_modifier.py:494: Adding track segment (F.Cu): [(-59059824, 21170000), (-59059824, 18660000)]
DEBUG: board_modifier.py:591: Routing at F.Cu layer
DEBUG: board_modifier.py:608: Netclass: Default, track width: 200000
INFO: board_modifier.py:674: Routing pad 'C8:2' at (-59059824, 23680000) with pad 'C7:2' at (-59059824, 21170000) using coordinate system rotated by 0 degree(s)
INFO: board_modifier.py:494: Adding track segment (F.Cu): [(-59059824, 23680000), (-59059824, 21170000)]
DEBUG: board_modifier.py:591: Routing at F.Cu layer
DEBUG: board_modifier.py:608: Netclass: Default, track width: 200000
INFO: board_modifier.py:674: Routing pad 'R6:2' at (-62794824, 24300000) with pad 'C8:2' at (-59059824, 23680000) using coordinate system rotated by 0 degree(s)
DEBUG: board_modifier.py:591: Routing at F.Cu layer
DEBUG: board_modifier.py:608: Netclass: Default, track width: 200000
INFO: board_modifier.py:674: Routing pad 'C8:2' at (-59059824, 23680000) with pad 'C16:2' at (-59059824, 26190000) using coordinate system rotated by 0 degree(s)
INFO: board_modifier.py:494: Adding track segment (F.Cu): [(-59059824, 23680000), (-59059824, 26190000)]
DEBUG: board_modifier.py:591: Routing at F.Cu layer
DEBUG: board_modifier.py:608: Netclass: Default, track width: 200000
INFO: board_modifier.py:674: Routing pad 'C16:2' at (-59059824, 26190000) with pad 'C17:2' at (-59059824, 28700000) using coordinate system rotated by 0 degree(s)
INFO: board_modifier.py:494: Adding track segment (F.Cu): [(-59059824, 26190000), (-59059824, 28700000)]
DEBUG: board_modifier.py:591: Routing at F.Cu layer
DEBUG: board_modifier.py:608: Netclass: Default, track width: 200000
INFO: board_modifier.py:674: Routing pad 'Y1:2' at (-57044824, 34320000) with pad 'U4:2' at (-54082324, 33595000) using coordinate system rotated by 0 degree(s)
INFO: board_modifier.py:494: Adding track segment (F.Cu): [(-57044824, 34320000), (-56319824, 33595000)]
INFO: board_modifier.py:494: Adding track segment (F.Cu): [(-56319824, 33595000), (-54082324, 33595000)]
DEBUG: board_modifier.py:591: Routing at F.Cu layer
DEBUG: board_modifier.py:608: Netclass: Default, track width: 200000
INFO: board_modifier.py:674: Routing pad 'U4:2' at (-54082324, 33595000) with pad 'U2:4' at (-44552324, 27990000) using coordinate system rotated by 0 degree(s)
DEBUG: board_modifier.py:591: Routing at F.Cu layer
DEBUG: board_modifier.py:608: Netclass: Default, track width: 200000
INFO: board_modifier.py:674: Routing pad 'U2:4' at (-44552324, 27990000) with pad 'SW85:2' at (-36814824, 19980000) using coordinate system rotated by 0 degree(s)
INFO: key_placer.py:1035: Routing ROW0 pads
WARNING: board_modifier.py:584: Could not route pads, no common layers found. Pads: 'U1:2', 'SW1:1'
DEBUG: board_modifier.py:591: Routing at B.Cu layer
DEBUG: board_modifier.py:608: Netclass: Default, track width: 200000
INFO: board_modifier.py:674: Routing pad 'SW1:1' at (34290000, 35560000) with pad 'SW2:1' at (49790000, 35560000) using coordinate system rotated by 0 degree(s)
INFO: board_modifier.py:494: Adding track segment (B.Cu): [(34290000, 35560000), (49790000, 35560000)]
INFO: board_modifier.py:503: Could not add track segment due to detected collision
DEBUG: board_modifier.py:591: Routing at B.Cu layer
DEBUG: board_modifier.py:608: Netclass: Default, track width: 200000
INFO: board_modifier.py:674: Routing pad 'SW2:1' at (53340000, 35560000) with pad 'SW3:1' at (68840000, 35560000) using coordinate system rotated by 0 degree(s)
INFO: board_modifier.py:494: Adding track segment (B.Cu): [(53340000, 35560000), (68840000, 35560000)]
INFO: board_modifier.py:503: Could not add track segment due to detected collision
DEBUG: board_modifier.py:591: Routing at B.Cu layer
DEBUG: board_modifier.py:608: Netclass: Default, track width: 200000
INFO: board_modifier.py:674: Routing pad 'SW3:1' at (72390000, 35560000) with pad 'SW4:1' at (87890000, 35560000) using coordinate system rotated by 0 degree(s)
INFO: board_modifier.py:494: Adding track segment (B.Cu): [(72390000, 35560000), (87890000, 35560000)]
INFO: board_modifier.py:503: Could not add track segment due to detected collision
DEBUG: board_modifier.py:591: Routing at B.Cu layer
DEBUG: board_modifier.py:608: Netclass: Default, track width: 200000
INFO: board_modifier.py:674: Routing pad 'SW4:1' at (91440000, 35560000) with pad 'SW5:1' at (106940000, 35560000) using coordinate system rotated by 0 degree(s)
INFO: board_modifier.py:494: Adding track segment (B.Cu): [(91440000, 35560000), (106940000, 35560000)]
INFO: board_modifier.py:503: Could not add track segment due to detected collision
DEBUG: board_modifier.py:591: Routing at B.Cu layer
DEBUG: board_modifier.py:608: Netclass: Default, track width: 200000
INFO: board_modifier.py:674: Routing pad 'SW5:1' at (110490000, 35560000) with pad 'SW6:1' at (125990000, 35560000) using coordinate system rotated by 0 degree(s)
INFO: board_modifier.py:494: Adding track segment (B.Cu): [(110490000, 35560000), (125990000, 35560000)]
INFO: board_modifier.py:503: Could not add track segment due to detected collision
DEBUG: board_modifier.py:591: Routing at B.Cu layer
DEBUG: board_modifier.py:608: Netclass: Default, track width: 200000
INFO: board_modifier.py:674: Routing pad 'SW6:1' at (129540000, 35560000) with pad 'SW7:1' at (145040000, 35560000) using coordinate system rotated by 0 degree(s)
INFO: board_modifier.py:494: Adding track segment (B.Cu): [(129540000, 35560000), (145040000, 35560000)]
INFO: board_modifier.py:503: Could not add track segment due to detected collision
DEBUG: board_modifier.py:591: Routing at B.Cu layer
DEBUG: board_modifier.py:608: Netclass: Default, track width: 200000
INFO: board_modifier.py:674: Routing pad 'SW7:1' at (148590000, 35560000) with pad 'SW8:1' at (164090000, 35560000) using coordinate system rotated by 0 degree(s)
INFO: board_modifier.py:494: Adding track segment (B.Cu): [(148590000, 35560000), (164090000, 35560000)]
INFO: board_modifier.py:503: Could not add track segment due to detected collision
DEBUG: board_modifier.py:591: Routing at B.Cu layer
DEBUG: board_modifier.py:608: Netclass: Default, track width: 200000
INFO: board_modifier.py:674: Routing pad 'SW8:1' at (167640000, 35560000) with pad 'SW9:1' at (183140000, 35560000) using coordinate system rotated by 0 degree(s)
INFO: board_modifier.py:494: Adding track segment (B.Cu): [(167640000, 35560000), (183140000, 35560000)]
INFO: board_modifier.py:503: Could not add track segment due to detected collision
DEBUG: board_modifier.py:591: Routing at B.Cu layer
DEBUG: board_modifier.py:608: Netclass: Default, track width: 200000
INFO: board_modifier.py:674: Routing pad 'SW9:1' at (186690000, 35560000) with pad 'SW10:1' at (202190000, 35560000) using coordinate system rotated by 0 degree(s)
INFO: board_modifier.py:494: Adding track segment (B.Cu): [(186690000, 35560000), (202190000, 35560000)]
INFO: board_modifier.py:503: Could not add track segment due to detected collision
DEBUG: board_modifier.py:591: Routing at B.Cu layer
DEBUG: board_modifier.py:608: Netclass: Default, track width: 200000
INFO: board_modifier.py:674: Routing pad 'SW10:1' at (205740000, 35560000) with pad 'SW11:1' at (221240000, 35560000) using coordinate system rotated by 0 degree(s)
INFO: board_modifier.py:494: Adding track segment (B.Cu): [(205740000, 35560000), (221240000, 35560000)]
INFO: board_modifier.py:503: Could not add track segment due to detected collision
DEBUG: board_modifier.py:591: Routing at B.Cu layer
DEBUG: board_modifier.py:608: Netclass: Default, track width: 200000
INFO: board_modifier.py:674: Routing pad 'SW11:1' at (224790000, 35560000) with pad 'SW12:1' at (240290000, 35560000) using coordinate system rotated by 0 degree(s)
INFO: board_modifier.py:494: Adding track segment (B.Cu): [(224790000, 35560000), (240290000, 35560000)]
INFO: board_modifier.py:503: Could not add track segment due to detected collision
DEBUG: board_modifier.py:591: Routing at B.Cu layer
DEBUG: board_modifier.py:608: Netclass: Default, track width: 200000
INFO: board_modifier.py:674: Routing pad 'SW12:1' at (243840000, 35560000) with pad 'SW13:1' at (259340000, 35560000) using coordinate system rotated by 0 degree(s)
INFO: board_modifier.py:494: Adding track segment (B.Cu): [(243840000, 35560000), (259340000, 35560000)]
INFO: board_modifier.py:503: Could not add track segment due to detected collision
DEBUG: board_modifier.py:591: Routing at B.Cu layer
DEBUG: board_modifier.py:608: Netclass: Default, track width: 200000
INFO: board_modifier.py:674: Routing pad 'SW13:1' at (262890000, 35560000) with pad 'SW14:1' at (278390000, 35560000) using coordinate system rotated by 0 degree(s)
INFO: board_modifier.py:494: Adding track segment (B.Cu): [(262890000, 35560000), (278390000, 35560000)]
INFO: board_modifier.py:503: Could not add track segment due to detected collision
DEBUG: board_modifier.py:591: Routing at B.Cu layer
DEBUG: board_modifier.py:608: Netclass: Default, track width: 200000
INFO: board_modifier.py:674: Routing pad 'SW14:1' at (281940000, 35560000) with pad 'SW15:1' at (297440000, 35560000) using coordinate system rotated by 0 degree(s)
INFO: board_modifier.py:494: Adding track segment (B.Cu): [(281940000, 35560000), (297440000, 35560000)]
INFO: board_modifier.py:503: Could not add track segment due to detected collision
DEBUG: board_modifier.py:591: Routing at B.Cu layer
DEBUG: board_modifier.py:608: Netclass: Default, track width: 200000
INFO: board_modifier.py:674: Routing pad 'SW15:1' at (300990000, 35560000) with pad 'SW16:1' at (316490000, 35560000) using coordinate system rotated by 0 degree(s)
INFO: board_modifier.py:494: Adding track segment (B.Cu): [(300990000, 35560000), (316490000, 35560000)]
INFO: board_modifier.py:503: Could not add track segment due to detected collision
INFO: key_placer.py:1035: Routing COL2 pads
WARNING: board_modifier.py:584: Could not route pads, no common layers found. Pads: 'U1:11', 'D6:1'
DEBUG: board_modifier.py:591: Routing at B.Cu layer
DEBUG: board_modifier.py:608: Netclass: Default, track width: 200000
INFO: board_modifier.py:674: Routing pad 'D6:1' at (82850000, 40850000) with pad 'D28:1' at (82850000, 59900000) using coordinate system rotated by 0 degree(s)
INFO: board_modifier.py:494: Adding track segment (B.Cu): [(82850000, 40850000), (82850000, 59900000)]
INFO: board_modifier.py:503: Could not add track segment due to detected collision
DEBUG: board_modifier.py:591: Routing at B.Cu layer
DEBUG: board_modifier.py:608: Netclass: Default, track width: 200000
INFO: board_modifier.py:674: Routing pad 'D28:1' at (82850000, 59900000) with pad 'D39:1' at (92375000, 78950000) using coordinate system rotated by 0 degree(s)
DEBUG: board_modifier.py:591: Routing at B.Cu layer
DEBUG: board_modifier.py:608: Netclass: Default, track width: 200000
INFO: board_modifier.py:674: Routing pad 'D66:1' at (106662500, 117050000) with pad 'D77:1' at (94756250, 136100000) using coordinate system rotated by 0 degree(s)
INFO: board_modifier.py:494: Adding track segment (B.Cu): [(106662500, 117050000), (106662500, 124193750)]
INFO: board_modifier.py:494: Adding track segment (B.Cu): [(106662500, 124193750), (94756250, 136100000)]
DEBUG: board_modifier.py:591: Routing at B.Cu layer
DEBUG: board_modifier.py:608: Netclass: Default, track width: 200000
INFO: board_modifier.py:674: Routing pad 'D39:1' at (92375000, 78950000) with pad 'D52:1' at (97137500, 98000000) using coordinate system rotated by 0 degree(s)
DEBUG: board_modifier.py:591: Routing at B.Cu layer
DEBUG: board_modifier.py:608: Netclass: Default, track width: 200000
INFO: board_modifier.py:674: Routing pad 'D52:1' at (97137500, 98000000) with pad 'D66:1' at (106662500, 117050000) using coordinate system rotated by 0 degree(s)
INFO: key_placer.py:546: Removing dangling tracks
